Data,sezon,ryzyko,prawdopodobienstwo,glowny_czynnik,kierunek,pewnosc,komunikat,epizod_rzeczywisty,epizod_Strzyza,epizod_Martwa_Wisla,epizod_Port_Polnocny
2021-01-01,zima,niskie,0.148,cos_doy,→,0.148,cos_doy – model ocenia ryzyko wezbrania na 15%. Kierunek wpływu: →. Pewność (prawdopodobieństwo z RF): 15%.,0,0,0,0
2021-01-02,zima,niskie,0.176,cos_doy,↑,0.176,cos_doy – model ocenia ryzyko wezbrania na 18%. Kierunek wpływu: ↑. Pewność (prawdopodobieństwo z RF): 18%.,0,0,0,0
2021-01-03,zima,niskie,0.199,cos_doy,↑,0.199,cos_doy – model ocenia ryzyko wezbrania na 20%. Kierunek wpływu: ↑. Pewność (prawdopodobieństwo z RF): 20%.,0,0,0,0
2021-01-04,zima,niskie,0.298,cos_doy,↑,0.298,cos_doy – model ocenia ryzyko wezbrania na 30%. Kierunek wpływu: ↑. Pewność (prawdopodobieństwo z RF): 30%.,0,0,0,0
2021-01-05,zima,niskie,0.412,cos_doy,↑,0.412,cos_doy – model ocenia ryzyko wezbrania na 41%. Kierunek wpływu: ↑. Pewność (prawdopodobieństwo z RF): 41%.,0,0,0,0
2021-01-06,zima,niskie,0.414,cos_doy,↑,0.414,cos_doy – model ocenia ryzyko wezbrania na 41%. Kierunek wpływu: ↑. Pewność (prawdopodobieństwo z RF): 41%.,0,0,0,0
2021-01-07,zima,niskie,0.46,cos_doy,↑,0.46,cos_doy – model ocenia ryzyko wezbrania na 46%. Kierunek wpływu: ↑. Pewność (prawdopodobieństwo z RF): 46%.,0,0,0,0
2021-01-08,zima,niskie,0.385,cos_doy,↓,0.385,cos_doy – model ocenia ryzyko wezbrania na 39%. Kierunek wpływu: ↓. Pewność (prawdopodobieństwo z RF): 39%.,0,0,0,0
2021-01-09,zima,niskie,0.405,cos_doy,↑,0.405,cos_doy – model ocenia ryzyko wezbrania na 41%. Kierunek wpływu: ↑. Pewność (prawdopodobieństwo z RF): 41%.,0,0,0,0
2021-01-10,zima,niskie,0.188,cos_doy,↓,0.188,cos_doy – model ocenia ryzyko wezbrania na 19%. Kierunek wpływu: ↓. Pewność (prawdopodobieństwo z RF): 19%.,0,0,0,0
2021-01-11,zima,niskie,0.256,cos_doy,↑,0.256,cos_doy – model ocenia ryzyko wezbrania na 26%. Kierunek wpływu: ↑. Pewność (prawdopodobieństwo z RF): 26%.,0,0,0,0
2021-01-12,zima,niskie,0.435,cos_doy,↑,0.435,cos_doy – model ocenia ryzyko wezbrania na 44%. Kierunek wpływu: ↑. Pewność (prawdopodobieństwo z RF): 44%.,0,0,0,0
2021-01-13,zima,niskie,0.266,cos_doy,↓,0.266,cos_doy – model ocenia ryzyko wezbrania na 27%. Kierunek wpływu: ↓. Pewność (prawdopodobieństwo z RF): 27%.,0,0,0,0
2021-01-14,zima,wysokie,0.656,cos_doy,↑,0.656,cos_doy – model ocenia ryzyko wezbrania na 66%. Kierunek wpływu: ↑. Pewność (prawdopodobieństwo z RF): 66%.,0,0,0,0
2021-01-15,zima,niskie,0.42,cos_doy,↓,0.42,cos_doy – model ocenia ryzyko wezbrania na 42%. Kierunek wpływu: ↓. Pewność (prawdopodobieństwo z RF): 42%.,0,0,0,0
2021-01-16,zima,niskie,0.434,cos_doy,↑,0.434,cos_doy – model ocenia ryzyko wezbrania na 43%. Kierunek wpływu: ↑. Pewność (prawdopodobieństwo z RF): 43%.,0,0,0,0
2021-01-17,zima,niskie,0.3,cos_doy,↓,0.3,cos_doy – model ocenia ryzyko wezbrania na 30%. Kierunek wpływu: ↓. Pewność (prawdopodobieństwo z RF): 30%.,0,0,0,0
2021-01-18,zima,niskie,0.221,cos_doy,↓,0.221,cos_doy – model ocenia ryzyko wezbrania na 22%. Kierunek wpływu: ↓. Pewność (prawdopodobieństwo z RF): 22%.,0,0,0,0
2021-01-19,zima,niskie,0.282,cos_doy,↑,0.282,cos_doy – model ocenia ryzyko wezbrania na 28%. Kierunek wpływu: ↑. Pewność (prawdopodobieństwo z RF): 28%.,0,0,0,0
2021-01-20,zima,niskie,0.374,cos_doy,↑,0.374,cos_doy – model ocenia ryzyko wezbrania na 37%. Kierunek wpływu: ↑. Pewność (prawdopodobieństwo z RF): 37%.,0,0,0,0
2021-01-21,zima,średnie,0.524,cos_doy,↑,0.524,cos_doy – model ocenia ryzyko wezbrania na 52%. Kierunek wpływu: ↑. Pewność (prawdopodobieństwo z RF): 52%.,0,0,0,0
2021-01-22,zima,średnie,0.542,cos_doy,↑,0.542,cos_doy – model ocenia ryzyko wezbrania na 54%. Kierunek wpływu: ↑. Pewność (prawdopodobieństwo z RF): 54%.,0,0,0,0
2021-01-23,zima,wysokie,0.786,cos_doy,↑,0.786,cos_doy – model ocenia ryzyko wezbrania na 79%. Kierunek wpływu: ↑. Pewność (prawdopodobieństwo z RF): 79%.,0,0,0,0
2021-01-24,zima,wysokie,0.72,cos_doy,↓,0.72,cos_doy – model ocenia ryzyko wezbrania na 72%. Kierunek wpływu: ↓. Pewność (prawdopodobieństwo z RF): 72%.,0,0,0,0
2021-01-25,zima,wysokie,0.824,cos_doy,↑,0.824,cos_doy – model ocenia ryzyko wezbrania na 82%. Kierunek wpływu: ↑. Pewność (prawdopodobieństwo z RF): 82%.,0,0,0,0
2021-01-26,zima,średnie,0.633,cos_doy,↓,0.633,cos_doy – model ocenia ryzyko wezbrania na 63%. Kierunek wpływu: ↓. Pewność (prawdopodobieństwo z RF): 63%.,0,0,0,0
2021-01-27,zima,niskie,0.408,cos_doy,↓,0.408,cos_doy – model ocenia ryzyko wezbrania na 41%. Kierunek wpływu: ↓. Pewność (prawdopodobieństwo z RF): 41%.,0,0,0,0
2021-01-28,zima,średnie,0.519,cos_doy,↑,0.519,cos_doy – model ocenia ryzyko wezbrania na 52%. Kierunek wpływu: ↑. Pewność (prawdopodobieństwo z RF): 52%.,0,0,0,0
2021-01-29,zima,niskie,0.351,cos_doy,↓,0.351,cos_doy – model ocenia ryzyko wezbrania na 35%. Kierunek wpływu: ↓. Pewność (prawdopodobieństwo z RF): 35%.,0,0,0,0
2021-01-30,zima,średnie,0.605,cos_doy,↑,0.605,cos_doy – model ocenia ryzyko wezbrania na 60%. Kierunek wpływu: ↑. Pewność (prawdopodobieństwo z RF): 60%.,0,0,0,0
2021-01-31,zima,niskie,0.465,cos_doy,↓,0.465,cos_doy – model ocenia ryzyko wezbrania na 47%. Kierunek wpływu: ↓. Pewność (prawdopodobieństwo z RF): 47%.,0,0,0,0
2021-02-01,zima,niskie,0.365,cos_doy,↓,0.365,cos_doy – model ocenia ryzyko wezbrania na 37%. Kierunek wpływu: ↓. Pewność (prawdopodobieństwo z RF): 37%.,0,0,0,0
2021-02-02,zima,niskie,0.272,cos_doy,↓,0.272,cos_doy – model ocenia ryzyko wezbrania na 27%. Kierunek wpływu: ↓. Pewność (prawdopodobieństwo z RF): 27%.,0,0,0,0
2021-02-03,zima,niskie,0.251,cos_doy,↓,0.251,cos_doy – model ocenia ryzyko wezbrania na 25%. Kierunek wpływu: ↓. Pewność (prawdopodobieństwo z RF): 25%.,0,0,0,0
2021-02-04,zima,wysokie,0.73,cos_doy,↑,0.73,cos_doy – model ocenia ryzyko wezbrania na 73%. Kierunek wpływu: ↑. Pewność (prawdopodobieństwo z RF): 73%.,0,0,0,0
2021-02-05,zima,niskie,0.451,cos_doy,↓,0.451,cos_doy – model ocenia ryzyko wezbrania na 45%. Kierunek wpływu: ↓. Pewność (prawdopodobieństwo z RF): 45%.,0,0,0,0
2021-02-06,zima,niskie,0.206,cos_doy,↓,0.206,cos_doy – model ocenia ryzyko wezbrania na 21%. Kierunek wpływu: ↓. Pewność (prawdopodobieństwo z RF): 21%.,0,0,0,0
2021-02-07,zima,niskie,0.11,cos_doy,↓,0.11,cos_doy – model ocenia ryzyko wezbrania na 11%. Kierunek wpływu: ↓. Pewność (prawdopodobieństwo z RF): 11%.,0,0,0,0
2021-02-08,zima,niskie,0.355,cos_doy,↑,0.355,cos_doy – model ocenia ryzyko wezbrania na 36%. Kierunek wpływu: ↑. Pewność (prawdopodobieństwo z RF): 36%.,0,0,0,0
2021-02-09,zima,niskie,0.237,cos_doy,↓,0.237,cos_doy – model ocenia ryzyko wezbrania na 24%. Kierunek wpływu: ↓. Pewność (prawdopodobieństwo z RF): 24%.,0,0,0,0
2021-02-10,zima,niskie,0.21,cos_doy,↓,0.21,cos_doy – model ocenia ryzyko wezbrania na 21%. Kierunek wpływu: ↓. Pewność (prawdopodobieństwo z RF): 21%.,0,0,0,0
2021-02-11,zima,średnie,0.599,cos_doy,↑,0.599,cos_doy – model ocenia ryzyko wezbrania na 60%. Kierunek wpływu: ↑. Pewność (prawdopodobieństwo z RF): 60%.,0,0,0,0
2021-02-12,zima,niskie,0.277,cos_doy,↓,0.277,cos_doy – model ocenia ryzyko wezbrania na 28%. Kierunek wpływu: ↓. Pewność (prawdopodobieństwo z RF): 28%.,0,0,0,0
2021-02-13,zima,niskie,0.301,cos_doy,↑,0.301,cos_doy – model ocenia ryzyko wezbrania na 30%. Kierunek wpływu: ↑. Pewność (prawdopodobieństwo z RF): 30%.,0,0,0,0
2021-02-14,zima,niskie,0.269,cos_doy,↓,0.269,cos_doy – model ocenia ryzyko wezbrania na 27%. Kierunek wpływu: ↓. Pewność (prawdopodobieństwo z RF): 27%.,0,0,0,0
2021-02-15,zima,niskie,0.207,cos_doy,↓,0.207,cos_doy – model ocenia ryzyko wezbrania na 21%. Kierunek wpływu: ↓. Pewność (prawdopodobieństwo z RF): 21%.,0,0,0,0
2021-02-16,zima,niskie,0.233,cos_doy,↑,0.233,cos_doy – model ocenia ryzyko wezbrania na 23%. Kierunek wpływu: ↑. Pewność (prawdopodobieństwo z RF): 23%.,0,0,0,0
2021-02-17,zima,niskie,0.299,cos_doy,↑,0.299,cos_doy – model ocenia ryzyko wezbrania na 30%. Kierunek wpływu: ↑. Pewność (prawdopodobieństwo z RF): 30%.,0,0,0,0
2021-02-18,zima,niskie,0.283,cos_doy,↓,0.283,cos_doy – model ocenia ryzyko wezbrania na 28%. Kierunek wpływu: ↓. Pewność (prawdopodobieństwo z RF): 28%.,0,0,0,0
2021-02-19,zima,niskie,0.25,cos_doy,↓,0.25,cos_doy – model ocenia ryzyko wezbrania na 25%. Kierunek wpływu: ↓. Pewność (prawdopodobieństwo z RF): 25%.,0,0,0,0
2021-02-20,zima,niskie,0.143,cos_doy,↓,0.143,cos_doy – model ocenia ryzyko wezbrania na 14%. Kierunek wpływu: ↓. Pewność (prawdopodobieństwo z RF): 14%.,0,0,0,0
2021-02-21,zima,niskie,0.203,cos_doy,↑,0.203,cos_doy – model ocenia ryzyko wezbrania na 20%. Kierunek wpływu: ↑. Pewność (prawdopodobieństwo z RF): 20%.,0,0,0,0
2021-02-22,zima,niskie,0.153,cos_doy,↓,0.153,cos_doy – model ocenia ryzyko wezbrania na 15%. Kierunek wpływu: ↓. Pewność (prawdopodobieństwo z RF): 15%.,0,0,0,0
2021-02-23,zima,niskie,0.234,cos_doy,↑,0.234,cos_doy – model ocenia ryzyko wezbrania na 23%. Kierunek wpływu: ↑. Pewność (prawdopodobieństwo z RF): 23%.,0,0,0,0
2021-02-24,zima,niskie,0.125,cos_doy,↓,0.125,cos_doy – model ocenia ryzyko wezbrania na 12%. Kierunek wpływu: ↓. Pewność (prawdopodobieństwo z RF): 12%.,0,0,0,0
2021-02-25,zima,niskie,0.094,cos_doy,↓,0.094,cos_doy – model ocenia ryzyko wezbrania na 9%. Kierunek wpływu: ↓. Pewność (prawdopodobieństwo z RF): 9%.,0,0,0,0
2021-02-26,zima,niskie,0.173,cos_doy,↑,0.173,cos_doy – model ocenia ryzyko wezbrania na 17%. Kierunek wpływu: ↑. Pewność (prawdopodobieństwo z RF): 17%.,0,0,0,0
2021-02-27,zima,niskie,0.412,cos_doy,↑,0.412,cos_doy – model ocenia ryzyko wezbrania na 41%. Kierunek wpływu: ↑. Pewność (prawdopodobieństwo z RF): 41%.,0,0,0,0
2021-02-28,zima,niskie,0.221,cos_doy,↓,0.221,cos_doy – model ocenia ryzyko wezbrania na 22%. Kierunek wpływu: ↓. Pewność (prawdopodobieństwo z RF): 22%.,0,0,0,0
2021-03-01,wiosna,niskie,0.202,cos_doy,↓,0.202,cos_doy – model ocenia ryzyko wezbrania na 20%. Kierunek wpływu: ↓. Pewność (prawdopodobieństwo z RF): 20%.,0,0,0,0
2021-03-02,wiosna,niskie,0.256,cos_doy,↑,0.256,cos_doy – model ocenia ryzyko wezbrania na 26%. Kierunek wpływu: ↑. Pewność (prawdopodobieństwo z RF): 26%.,0,0,0,0
2021-03-03,wiosna,niskie,0.349,cos_doy,↑,0.349,cos_doy – model ocenia ryzyko wezbrania na 35%. Kierunek wpływu: ↑. Pewność (prawdopodobieństwo z RF): 35%.,0,0,0,0
2021-03-04,wiosna,niskie,0.456,cos_doy,↑,0.456,cos_doy – model ocenia ryzyko wezbrania na 46%. Kierunek wpływu: ↑. Pewność (prawdopodobieństwo z RF): 46%.,0,0,0,0
2021-03-05,wiosna,niskie,0.218,cos_doy,↓,0.218,cos_doy – model ocenia ryzyko wezbrania na 22%. Kierunek wpływu: ↓. Pewność (prawdopodobieństwo z RF): 22%.,0,0,0,0
2021-03-06,wiosna,niskie,0.192,cos_doy,↓,0.192,cos_doy – model ocenia ryzyko wezbrania na 19%. Kierunek wpływu: ↓. Pewność (prawdopodobieństwo z RF): 19%.,0,0,0,0
2021-03-07,wiosna,niskie,0.284,cos_doy,↑,0.284,cos_doy – model ocenia ryzyko wezbrania na 28%. Kierunek wpływu: ↑. Pewność (prawdopodobieństwo z RF): 28%.,0,0,0,0
2021-03-08,wiosna,niskie,0.258,cos_doy,↓,0.258,cos_doy – model ocenia ryzyko wezbrania na 26%. Kierunek wpływu: ↓. Pewność (prawdopodobieństwo z RF): 26%.,0,0,0,0
2021-03-09,wiosna,niskie,0.129,cos_doy,↓,0.129,cos_doy – model ocenia ryzyko wezbrania na 13%. Kierunek wpływu: ↓. Pewność (prawdopodobieństwo z RF): 13%.,0,0,0,0
2021-03-10,wiosna,niskie,0.116,cos_doy,↓,0.116,cos_doy – model ocenia ryzyko wezbrania na 12%. Kierunek wpływu: ↓. Pewność (prawdopodobieństwo z RF): 12%.,0,0,0,0
2021-03-11,wiosna,niskie,0.416,cos_doy,↑,0.416,cos_doy – model ocenia ryzyko wezbrania na 42%. Kierunek wpływu: ↑. Pewność (prawdopodobieństwo z RF): 42%.,0,0,0,0
2021-03-12,wiosna,niskie,0.424,cos_doy,↑,0.424,cos_doy – model ocenia ryzyko wezbrania na 42%. Kierunek wpływu: ↑. Pewność (prawdopodobieństwo z RF): 42%.,0,0,0,0
2021-03-13,wiosna,niskie,0.462,cos_doy,↑,0.462,cos_doy – model ocenia ryzyko wezbrania na 46%. Kierunek wpływu: ↑. Pewność (prawdopodobieństwo z RF): 46%.,0,0,0,0
2021-03-14,wiosna,niskie,0.484,cos_doy,↑,0.484,cos_doy – model ocenia ryzyko wezbrania na 48%. Kierunek wpływu: ↑. Pewność (prawdopodobieństwo z RF): 48%.,0,0,0,0
2021-03-15,wiosna,niskie,0.427,cos_doy,↓,0.427,cos_doy – model ocenia ryzyko wezbrania na 43%. Kierunek wpływu: ↓. Pewność (prawdopodobieństwo z RF): 43%.,0,0,0,0
2021-03-16,wiosna,niskie,0.241,cos_doy,↓,0.241,cos_doy – model ocenia ryzyko wezbrania na 24%. Kierunek wpływu: ↓. Pewność (prawdopodobieństwo z RF): 24%.,0,0,0,0
2021-03-17,wiosna,niskie,0.196,cos_doy,↓,0.196,cos_doy – model ocenia ryzyko wezbrania na 20%. Kierunek wpływu: ↓. Pewność (prawdopodobieństwo z RF): 20%.,0,0,0,0
2021-03-18,wiosna,niskie,0.201,cos_doy,↑,0.201,cos_doy – model ocenia ryzyko wezbrania na 20%. Kierunek wpływu: ↑. Pewność (prawdopodobieństwo z RF): 20%.,0,0,0,0
2021-03-19,wiosna,niskie,0.254,cos_doy,↑,0.254,cos_doy – model ocenia ryzyko wezbrania na 25%. Kierunek wpływu: ↑. Pewność (prawdopodobieństwo z RF): 25%.,0,0,0,0
2021-03-20,wiosna,niskie,0.244,cos_doy,↓,0.244,cos_doy – model ocenia ryzyko wezbrania na 24%. Kierunek wpływu: ↓. Pewność (prawdopodobieństwo z RF): 24%.,0,0,0,0
2021-03-21,wiosna,niskie,0.247,cos_doy,↑,0.247,cos_doy – model ocenia ryzyko wezbrania na 25%. Kierunek wpływu: ↑. Pewność (prawdopodobieństwo z RF): 25%.,0,0,0,0
2021-03-22,wiosna,niskie,0.121,cos_doy,↓,0.121,cos_doy – model ocenia ryzyko wezbrania na 12%. Kierunek wpływu: ↓. Pewność (prawdopodobieństwo z RF): 12%.,0,0,0,0
2021-03-23,wiosna,niskie,0.093,cos_doy,↓,0.093,cos_doy – model ocenia ryzyko wezbrania na 9%. Kierunek wpływu: ↓. Pewność (prawdopodobieństwo z RF): 9%.,0,0,0,0
2021-03-24,wiosna,niskie,0.061,cos_doy,↓,0.061,cos_doy – model ocenia ryzyko wezbrania na 6%. Kierunek wpływu: ↓. Pewność (prawdopodobieństwo z RF): 6%.,0,0,0,0
2021-03-25,wiosna,niskie,0.051,cos_doy,↓,0.051,cos_doy – model ocenia ryzyko wezbrania na 5%. Kierunek wpływu: ↓. Pewność (prawdopodobieństwo z RF): 5%.,0,0,0,0
2021-03-26,wiosna,niskie,0.04,cos_doy,↓,0.04,cos_doy – model ocenia ryzyko wezbrania na 4%. Kierunek wpływu: ↓. Pewność (prawdopodobieństwo z RF): 4%.,0,0,0,0
2021-03-27,wiosna,niskie,0.044,cos_doy,↑,0.044,cos_doy – model ocenia ryzyko wezbrania na 4%. Kierunek wpływu: ↑. Pewność (prawdopodobieństwo z RF): 4%.,0,0,0,0
2021-03-28,wiosna,niskie,0.092,cos_doy,↑,0.092,cos_doy – model ocenia ryzyko wezbrania na 9%. Kierunek wpływu: ↑. Pewność (prawdopodobieństwo z RF): 9%.,0,0,0,0
2021-03-29,wiosna,niskie,0.127,cos_doy,↑,0.127,cos_doy – model ocenia ryzyko wezbrania na 13%. Kierunek wpływu: ↑. Pewność (prawdopodobieństwo z RF): 13%.,0,0,0,0
2021-03-30,wiosna,niskie,0.055,cos_doy,↓,0.055,cos_doy – model ocenia ryzyko wezbrania na 5%. Kierunek wpływu: ↓. Pewność (prawdopodobieństwo z RF): 5%.,0,0,0,0
2021-03-31,wiosna,niskie,0.024,cos_doy,↓,0.024,cos_doy – model ocenia ryzyko wezbrania na 2%. Kierunek wpływu: ↓. Pewność (prawdopodobieństwo z RF): 2%.,0,0,0,0
2021-04-01,wiosna,niskie,0.215,cos_doy,↑,0.215,cos_doy – model ocenia ryzyko wezbrania na 22%. Kierunek wpływu: ↑. Pewność (prawdopodobieństwo z RF): 22%.,0,0,0,0
2021-04-02,wiosna,niskie,0.106,cos_doy,↓,0.106,cos_doy – model ocenia ryzyko wezbrania na 11%. Kierunek wpływu: ↓. Pewność (prawdopodobieństwo z RF): 11%.,0,0,0,0
2021-04-03,wiosna,niskie,0.096,cos_doy,↓,0.096,cos_doy – model ocenia ryzyko wezbrania na 10%. Kierunek wpływu: ↓. Pewność (prawdopodobieństwo z RF): 10%.,0,0,0,0
2021-04-04,wiosna,niskie,0.125,cos_doy,↑,0.125,cos_doy – model ocenia ryzyko wezbrania na 12%. Kierunek wpływu: ↑. Pewność (prawdopodobieństwo z RF): 12%.,0,0,0,0
2021-04-05,wiosna,niskie,0.286,cos_doy,↑,0.286,cos_doy – model ocenia ryzyko wezbrania na 29%. Kierunek wpływu: ↑. Pewność (prawdopodobieństwo z RF): 29%.,0,0,0,0
2021-04-06,wiosna,niskie,0.184,cos_doy,↓,0.184,cos_doy – model ocenia ryzyko wezbrania na 18%. Kierunek wpływu: ↓. Pewność (prawdopodobieństwo z RF): 18%.,0,0,0,0
2021-04-07,wiosna,niskie,0.124,cos_doy,↓,0.124,cos_doy – model ocenia ryzyko wezbrania na 12%. Kierunek wpływu: ↓. Pewność (prawdopodobieństwo z RF): 12%.,0,0,0,0
2021-04-08,wiosna,niskie,0.215,cos_doy,↑,0.215,cos_doy – model ocenia ryzyko wezbrania na 22%. Kierunek wpływu: ↑. Pewność (prawdopodobieństwo z RF): 22%.,0,0,0,0
2021-04-09,wiosna,niskie,0.078,cos_doy,↓,0.078,cos_doy – model ocenia ryzyko wezbrania na 8%. Kierunek wpływu: ↓. Pewność (prawdopodobieństwo z RF): 8%.,0,0,0,0
2021-04-10,wiosna,niskie,0.072,cos_doy,↓,0.072,cos_doy – model ocenia ryzyko wezbrania na 7%. Kierunek wpływu: ↓. Pewność (prawdopodobieństwo z RF): 7%.,0,0,0,0
2021-04-11,wiosna,niskie,0.07,cos_doy,↓,0.07,cos_doy – model ocenia ryzyko wezbrania na 7%. Kierunek wpływu: ↓. Pewność (prawdopodobieństwo z RF): 7%.,0,0,0,0
2021-04-12,wiosna,niskie,0.152,cos_doy,↑,0.152,cos_doy – model ocenia ryzyko wezbrania na 15%. Kierunek wpływu: ↑. Pewność (prawdopodobieństwo z RF): 15%.,0,0,0,0
2021-04-13,wiosna,niskie,0.055,cos_doy,↓,0.055,cos_doy – model ocenia ryzyko wezbrania na 5%. Kierunek wpływu: ↓. Pewność (prawdopodobieństwo z RF): 5%.,0,0,0,0
2021-04-14,wiosna,niskie,0.073,cos_doy,↑,0.073,cos_doy – model ocenia ryzyko wezbrania na 7%. Kierunek wpływu: ↑. Pewność (prawdopodobieństwo z RF): 7%.,0,0,0,0
2021-04-15,wiosna,niskie,0.374,cos_doy,↑,0.374,cos_doy – model ocenia ryzyko wezbrania na 37%. Kierunek wpływu: ↑. Pewność (prawdopodobieństwo z RF): 37%.,1,1,1,1
2021-04-16,wiosna,niskie,0.104,cos_doy,↓,0.104,cos_doy – model ocenia ryzyko wezbrania na 10%. Kierunek wpływu: ↓. Pewność (prawdopodobieństwo z RF): 10%.,0,0,0,0
2021-04-17,wiosna,niskie,0.081,cos_doy,↓,0.081,cos_doy – model ocenia ryzyko wezbrania na 8%. Kierunek wpływu: ↓. Pewność (prawdopodobieństwo z RF): 8%.,0,0,0,0
2021-04-18,wiosna,niskie,0.033,cos_doy,↓,0.033,cos_doy – model ocenia ryzyko wezbrania na 3%. Kierunek wpływu: ↓. Pewność (prawdopodobieństwo z RF): 3%.,0,0,0,0
2021-04-19,wiosna,niskie,0.014,cos_doy,↓,0.014,cos_doy – model ocenia ryzyko wezbrania na 1%. Kierunek wpływu: ↓. Pewność (prawdopodobieństwo z RF): 1%.,0,0,0,0
2021-04-20,wiosna,niskie,0.022,cos_doy,↑,0.022,cos_doy – model ocenia ryzyko wezbrania na 2%. Kierunek wpływu: ↑. Pewność (prawdopodobieństwo z RF): 2%.,0,0,0,0
2021-04-21,wiosna,niskie,0.059,cos_doy,↑,0.059,cos_doy – model ocenia ryzyko wezbrania na 6%. Kierunek wpływu: ↑. Pewność (prawdopodobieństwo z RF): 6%.,0,0,0,0
2021-04-22,wiosna,niskie,0.198,cos_doy,↑,0.198,cos_doy – model ocenia ryzyko wezbrania na 20%. Kierunek wpływu: ↑. Pewność (prawdopodobieństwo z RF): 20%.,0,0,0,0
2021-04-23,wiosna,niskie,0.098,cos_doy,↓,0.098,cos_doy – model ocenia ryzyko wezbrania na 10%. Kierunek wpływu: ↓. Pewność (prawdopodobieństwo z RF): 10%.,0,0,0,0
2021-04-24,wiosna,niskie,0.046,cos_doy,↓,0.046,cos_doy – model ocenia ryzyko wezbrania na 5%. Kierunek wpływu: ↓. Pewność (prawdopodobieństwo z RF): 5%.,0,0,0,0
2021-04-25,wiosna,niskie,0.199,cos_doy,↑,0.199,cos_doy – model ocenia ryzyko wezbrania na 20%. Kierunek wpływu: ↑. Pewność (prawdopodobieństwo z RF): 20%.,0,0,0,0
2021-04-26,wiosna,niskie,0.103,cos_doy,↓,0.103,cos_doy – model ocenia ryzyko wezbrania na 10%. Kierunek wpływu: ↓. Pewność (prawdopodobieństwo z RF): 10%.,0,0,0,0
2021-04-27,wiosna,niskie,0.037,cos_doy,↓,0.037,cos_doy – model ocenia ryzyko wezbrania na 4%. Kierunek wpływu: ↓. Pewność (prawdopodobieństwo z RF): 4%.,0,0,0,0
2021-04-28,wiosna,niskie,0.053,cos_doy,↑,0.053,cos_doy – model ocenia ryzyko wezbrania na 5%. Kierunek wpływu: ↑. Pewność (prawdopodobieństwo z RF): 5%.,0,0,0,0
2021-04-29,wiosna,niskie,0.158,cos_doy,↑,0.158,cos_doy – model ocenia ryzyko wezbrania na 16%. Kierunek wpływu: ↑. Pewność (prawdopodobieństwo z RF): 16%.,0,0,0,0
2021-04-30,wiosna,niskie,0.179,cos_doy,↑,0.179,cos_doy – model ocenia ryzyko wezbrania na 18%. Kierunek wpływu: ↑. Pewność (prawdopodobieństwo z RF): 18%.,0,0,0,0
2021-05-01,wiosna,niskie,0.197,cos_doy,↑,0.197,cos_doy – model ocenia ryzyko wezbrania na 20%. Kierunek wpływu: ↑. Pewność (prawdopodobieństwo z RF): 20%.,0,0,0,0
2021-05-02,wiosna,niskie,0.266,cos_doy,↑,0.266,cos_doy – model ocenia ryzyko wezbrania na 27%. Kierunek wpływu: ↑. Pewność (prawdopodobieństwo z RF): 27%.,0,0,0,0
2021-05-03,wiosna,niskie,0.277,cos_doy,↑,0.277,cos_doy – model ocenia ryzyko wezbrania na 28%. Kierunek wpływu: ↑. Pewność (prawdopodobieństwo z RF): 28%.,0,0,0,0
2021-05-04,wiosna,niskie,0.276,cos_doy,↓,0.276,cos_doy – model ocenia ryzyko wezbrania na 28%. Kierunek wpływu: ↓. Pewność (prawdopodobieństwo z RF): 28%.,0,0,0,0
2021-05-05,wiosna,niskie,0.195,cos_doy,↓,0.195,cos_doy – model ocenia ryzyko wezbrania na 20%. Kierunek wpływu: ↓. Pewność (prawdopodobieństwo z RF): 20%.,0,0,0,0
2021-05-06,wiosna,niskie,0.199,cos_doy,↑,0.199,cos_doy – model ocenia ryzyko wezbrania na 20%. Kierunek wpływu: ↑. Pewność (prawdopodobieństwo z RF): 20%.,0,0,0,0
2021-05-07,wiosna,niskie,0.174,cos_doy,↓,0.174,cos_doy – model ocenia ryzyko wezbrania na 17%. Kierunek wpływu: ↓. Pewność (prawdopodobieństwo z RF): 17%.,0,0,0,0
2021-05-08,wiosna,niskie,0.26,cos_doy,↑,0.26,cos_doy – model ocenia ryzyko wezbrania na 26%. Kierunek wpływu: ↑. Pewność (prawdopodobieństwo z RF): 26%.,0,0,0,0
2021-05-09,wiosna,niskie,0.118,cos_doy,↓,0.118,cos_doy – model ocenia ryzyko wezbrania na 12%. Kierunek wpływu: ↓. Pewność (prawdopodobieństwo z RF): 12%.,0,0,0,0
2021-05-10,wiosna,niskie,0.026,cos_doy,↓,0.026,cos_doy – model ocenia ryzyko wezbrania na 3%. Kierunek wpływu: ↓. Pewność (prawdopodobieństwo z RF): 3%.,0,0,0,0
2021-05-11,wiosna,niskie,0.027,cos_doy,↑,0.027,cos_doy – model ocenia ryzyko wezbrania na 3%. Kierunek wpływu: ↑. Pewność (prawdopodobieństwo z RF): 3%.,0,0,0,0
2021-05-12,wiosna,niskie,0.038,cos_doy,↑,0.038,cos_doy – model ocenia ryzyko wezbrania na 4%. Kierunek wpływu: ↑. Pewność (prawdopodobieństwo z RF): 4%.,0,0,0,0
2021-05-13,wiosna,niskie,0.08,cos_doy,↑,0.08,cos_doy – model ocenia ryzyko wezbrania na 8%. Kierunek wpływu: ↑. Pewność (prawdopodobieństwo z RF): 8%.,0,0,0,0
2021-05-14,wiosna,niskie,0.032,cos_doy,↓,0.032,cos_doy – model ocenia ryzyko wezbrania na 3%. Kierunek wpływu: ↓. Pewność (prawdopodobieństwo z RF): 3%.,0,0,0,0
2021-05-15,wiosna,niskie,0.048,cos_doy,↑,0.048,cos_doy – model ocenia ryzyko wezbrania na 5%. Kierunek wpływu: ↑. Pewność (prawdopodobieństwo z RF): 5%.,0,0,0,0
2021-05-16,wiosna,niskie,0.209,cos_doy,↑,0.209,cos_doy – model ocenia ryzyko wezbrania na 21%. Kierunek wpływu: ↑. Pewność (prawdopodobieństwo z RF): 21%.,0,0,0,0
2021-05-17,wiosna,niskie,0.165,cos_doy,↓,0.165,cos_doy – model ocenia ryzyko wezbrania na 16%. Kierunek wpływu: ↓. Pewność (prawdopodobieństwo z RF): 16%.,0,0,0,0
2021-05-18,wiosna,niskie,0.22,cos_doy,↑,0.22,cos_doy – model ocenia ryzyko wezbrania na 22%. Kierunek wpływu: ↑. Pewność (prawdopodobieństwo z RF): 22%.,0,0,0,0
2021-05-19,wiosna,niskie,0.101,cos_doy,↓,0.101,cos_doy – model ocenia ryzyko wezbrania na 10%. Kierunek wpływu: ↓. Pewność (prawdopodobieństwo z RF): 10%.,0,0,0,0
2021-05-20,wiosna,niskie,0.07,cos_doy,↓,0.07,cos_doy – model ocenia ryzyko wezbrania na 7%. Kierunek wpływu: ↓. Pewność (prawdopodobieństwo z RF): 7%.,0,0,0,0
2021-05-21,wiosna,niskie,0.227,cos_doy,↑,0.227,cos_doy – model ocenia ryzyko wezbrania na 23%. Kierunek wpływu: ↑. Pewność (prawdopodobieństwo z RF): 23%.,0,0,0,0
2021-05-22,wiosna,niskie,0.155,cos_doy,↓,0.155,cos_doy – model ocenia ryzyko wezbrania na 15%. Kierunek wpływu: ↓. Pewność (prawdopodobieństwo z RF): 15%.,0,0,0,0
2021-05-23,wiosna,niskie,0.266,cos_doy,↑,0.266,cos_doy – model ocenia ryzyko wezbrania na 27%. Kierunek wpływu: ↑. Pewność (prawdopodobieństwo z RF): 27%.,0,0,0,0
2021-05-24,wiosna,niskie,0.156,cos_doy,↓,0.156,cos_doy – model ocenia ryzyko wezbrania na 16%. Kierunek wpływu: ↓. Pewność (prawdopodobieństwo z RF): 16%.,0,0,0,0
2021-05-25,wiosna,niskie,0.148,cos_doy,↓,0.148,cos_doy – model ocenia ryzyko wezbrania na 15%. Kierunek wpływu: ↓. Pewność (prawdopodobieństwo z RF): 15%.,0,0,0,0
2021-05-26,wiosna,niskie,0.169,cos_doy,↑,0.169,cos_doy – model ocenia ryzyko wezbrania na 17%. Kierunek wpływu: ↑. Pewność (prawdopodobieństwo z RF): 17%.,0,0,0,0
2021-05-27,wiosna,niskie,0.206,cos_doy,↑,0.206,cos_doy – model ocenia ryzyko wezbrania na 21%. Kierunek wpływu: ↑. Pewność (prawdopodobieństwo z RF): 21%.,0,0,0,0
2021-05-28,wiosna,niskie,0.24,cos_doy,↑,0.24,cos_doy – model ocenia ryzyko wezbrania na 24%. Kierunek wpływu: ↑. Pewność (prawdopodobieństwo z RF): 24%.,0,0,0,0
2021-05-29,wiosna,niskie,0.206,cos_doy,↓,0.206,cos_doy – model ocenia ryzyko wezbrania na 21%. Kierunek wpływu: ↓. Pewność (prawdopodobieństwo z RF): 21%.,0,0,0,0
2021-05-30,wiosna,niskie,0.075,cos_doy,↓,0.075,cos_doy – model ocenia ryzyko wezbrania na 8%. Kierunek wpływu: ↓. Pewność (prawdopodobieństwo z RF): 8%.,0,0,0,0
2021-05-31,wiosna,niskie,0.039,cos_doy,↓,0.039,cos_doy – model ocenia ryzyko wezbrania na 4%. Kierunek wpływu: ↓. Pewność (prawdopodobieństwo z RF): 4%.,0,0,0,0
2021-06-01,lato,niskie,0.029,cos_doy,↓,0.029,cos_doy – model ocenia ryzyko wezbrania na 3%. Kierunek wpływu: ↓. Pewność (prawdopodobieństwo z RF): 3%.,0,0,0,0
2021-06-02,lato,niskie,0.039,cos_doy,↑,0.039,cos_doy – model ocenia ryzyko wezbrania na 4%. Kierunek wpływu: ↑. Pewność (prawdopodobieństwo z RF): 4%.,0,0,0,0
2021-06-03,lato,niskie,0.012,cos_doy,↓,0.012,cos_doy – model ocenia ryzyko wezbrania na 1%. Kierunek wpływu: ↓. Pewność (prawdopodobieństwo z RF): 1%.,0,0,0,0
2021-06-04,lato,niskie,0.003,cos_doy,↓,0.003,cos_doy – model ocenia ryzyko wezbrania na 0%. Kierunek wpływu: ↓. Pewność (prawdopodobieństwo z RF): 0%.,0,0,0,0
2021-06-05,lato,niskie,0.011,cos_doy,↑,0.011,cos_doy – model ocenia ryzyko wezbrania na 1%. Kierunek wpływu: ↑. Pewność (prawdopodobieństwo z RF): 1%.,0,0,0,0
2021-06-06,lato,niskie,0.007,cos_doy,↓,0.007,cos_doy – model ocenia ryzyko wezbrania na 1%. Kierunek wpływu: ↓. Pewność (prawdopodobieństwo z RF): 1%.,0,0,0,0
2021-06-07,lato,niskie,0.014,cos_doy,↑,0.014,cos_doy – model ocenia ryzyko wezbrania na 1%. Kierunek wpływu: ↑. Pewność (prawdopodobieństwo z RF): 1%.,0,0,0,0
2021-06-08,lato,niskie,0.042,cos_doy,↑,0.042,cos_doy – model ocenia ryzyko wezbrania na 4%. Kierunek wpływu: ↑. Pewność (prawdopodobieństwo z RF): 4%.,0,0,0,0
2021-06-09,lato,niskie,0.011,cos_doy,↓,0.011,cos_doy – model ocenia ryzyko wezbrania na 1%. Kierunek wpływu: ↓. Pewność (prawdopodobieństwo z RF): 1%.,0,0,0,0
2021-06-10,lato,niskie,0.022,cos_doy,↑,0.022,cos_doy – model ocenia ryzyko wezbrania na 2%. Kierunek wpływu: ↑. Pewność (prawdopodobieństwo z RF): 2%.,0,0,0,0
2021-06-11,lato,niskie,0.008,cos_doy,↓,0.008,cos_doy – model ocenia ryzyko wezbrania na 1%. Kierunek wpływu: ↓. Pewność (prawdopodobieństwo z RF): 1%.,0,0,0,0
2021-06-12,lato,niskie,0.12,cos_doy,↑,0.12,cos_doy – model ocenia ryzyko wezbrania na 12%. Kierunek wpływu: ↑. Pewność (prawdopodobieństwo z RF): 12%.,0,0,0,0
2021-06-13,lato,niskie,0.185,cos_doy,↑,0.185,cos_doy – model ocenia ryzyko wezbrania na 19%. Kierunek wpływu: ↑. Pewność (prawdopodobieństwo z RF): 19%.,0,0,0,0
2021-06-14,lato,niskie,0.058,cos_doy,↓,0.058,cos_doy – model ocenia ryzyko wezbrania na 6%. Kierunek wpływu: ↓. Pewność (prawdopodobieństwo z RF): 6%.,0,0,0,0
2021-06-15,lato,niskie,0.006,cos_doy,↓,0.006,cos_doy – model ocenia ryzyko wezbrania na 1%. Kierunek wpływu: ↓. Pewność (prawdopodobieństwo z RF): 1%.,0,0,0,0
2021-06-16,lato,niskie,0.016,cos_doy,↑,0.016,cos_doy – model ocenia ryzyko wezbrania na 2%. Kierunek wpływu: ↑. Pewność (prawdopodobieństwo z RF): 2%.,0,0,0,0
2021-06-17,lato,niskie,0.034,cos_doy,↑,0.034,cos_doy – model ocenia ryzyko wezbrania na 3%. Kierunek wpływu: ↑. Pewność (prawdopodobieństwo z RF): 3%.,0,0,0,0
2021-06-18,lato,niskie,0.007,cos_doy,↓,0.007,cos_doy – model ocenia ryzyko wezbrania na 1%. Kierunek wpływu: ↓. Pewność (prawdopodobieństwo z RF): 1%.,0,0,0,0
2021-06-19,lato,niskie,0.031,cos_doy,↑,0.031,cos_doy – model ocenia ryzyko wezbrania na 3%. Kierunek wpływu: ↑. Pewność (prawdopodobieństwo z RF): 3%.,0,0,0,0
2021-06-20,lato,niskie,0.074,cos_doy,↑,0.074,cos_doy – model ocenia ryzyko wezbrania na 7%. Kierunek wpływu: ↑. Pewność (prawdopodobieństwo z RF): 7%.,0,0,0,0
2021-06-21,lato,niskie,0.05,cos_doy,↓,0.05,cos_doy – model ocenia ryzyko wezbrania na 5%. Kierunek wpływu: ↓. Pewność (prawdopodobieństwo z RF): 5%.,0,0,0,0
2021-06-22,lato,niskie,0.061,cos_doy,↑,0.061,cos_doy – model ocenia ryzyko wezbrania na 6%. Kierunek wpływu: ↑. Pewność (prawdopodobieństwo z RF): 6%.,0,0,0,0
2021-06-23,lato,niskie,0.099,cos_doy,↑,0.099,cos_doy – model ocenia ryzyko wezbrania na 10%. Kierunek wpływu: ↑. Pewność (prawdopodobieństwo z RF): 10%.,0,0,0,0
2021-06-24,lato,niskie,0.065,cos_doy,↓,0.065,cos_doy – model ocenia ryzyko wezbrania na 6%. Kierunek wpływu: ↓. Pewność (prawdopodobieństwo z RF): 6%.,0,0,0,0
2021-06-25,lato,niskie,0.036,cos_doy,↓,0.036,cos_doy – model ocenia ryzyko wezbrania na 4%. Kierunek wpływu: ↓. Pewność (prawdopodobieństwo z RF): 4%.,0,0,0,0
2021-06-26,lato,niskie,0.052,cos_doy,↑,0.052,cos_doy – model ocenia ryzyko wezbrania na 5%. Kierunek wpływu: ↑. Pewność (prawdopodobieństwo z RF): 5%.,0,0,0,0
2021-06-27,lato,niskie,0.031,cos_doy,↓,0.031,cos_doy – model ocenia ryzyko wezbrania na 3%. Kierunek wpływu: ↓. Pewność (prawdopodobieństwo z RF): 3%.,0,0,0,0
2021-06-28,lato,niskie,0.029,cos_doy,↓,0.029,cos_doy – model ocenia ryzyko wezbrania na 3%. Kierunek wpływu: ↓. Pewność (prawdopodobieństwo z RF): 3%.,0,0,0,0
2021-06-29,lato,niskie,0.031,cos_doy,↑,0.031,cos_doy – model ocenia ryzyko wezbrania na 3%. Kierunek wpływu: ↑. Pewność (prawdopodobieństwo z RF): 3%.,0,0,0,0
2021-06-30,lato,niskie,0.062,cos_doy,↑,0.062,cos_doy – model ocenia ryzyko wezbrania na 6%. Kierunek wpływu: ↑. Pewność (prawdopodobieństwo z RF): 6%.,0,0,0,0
2021-07-01,lato,niskie,0.088,cos_doy,↑,0.088,cos_doy – model ocenia ryzyko wezbrania na 9%. Kierunek wpływu: ↑. Pewność (prawdopodobieństwo z RF): 9%.,0,0,0,0
2021-07-02,lato,niskie,0.136,cos_doy,↑,0.136,cos_doy – model ocenia ryzyko wezbrania na 14%. Kierunek wpływu: ↑. Pewność (prawdopodobieństwo z RF): 14%.,0,0,0,0
2021-07-03,lato,niskie,0.064,cos_doy,↓,0.064,cos_doy – model ocenia ryzyko wezbrania na 6%. Kierunek wpływu: ↓. Pewność (prawdopodobieństwo z RF): 6%.,0,0,0,0
2021-07-04,lato,niskie,0.051,cos_doy,↓,0.051,cos_doy – model ocenia ryzyko wezbrania na 5%. Kierunek wpływu: ↓. Pewność (prawdopodobieństwo z RF): 5%.,0,0,0,0
2021-07-05,lato,niskie,0.04,cos_doy,↓,0.04,cos_doy – model ocenia ryzyko wezbrania na 4%. Kierunek wpływu: ↓. Pewność (prawdopodobieństwo z RF): 4%.,0,0,0,0
2021-07-06,lato,niskie,0.045,cos_doy,↑,0.045,cos_doy – model ocenia ryzyko wezbrania na 5%. Kierunek wpływu: ↑. Pewność (prawdopodobieństwo z RF): 5%.,0,0,0,0
2021-07-07,lato,niskie,0.11,cos_doy,↑,0.11,cos_doy – model ocenia ryzyko wezbrania na 11%. Kierunek wpływu: ↑. Pewność (prawdopodobieństwo z RF): 11%.,0,0,0,0
2021-07-08,lato,niskie,0.154,cos_doy,↑,0.154,cos_doy – model ocenia ryzyko wezbrania na 15%. Kierunek wpływu: ↑. Pewność (prawdopodobieństwo z RF): 15%.,0,0,0,0
2021-07-09,lato,niskie,0.161,cos_doy,↑,0.161,cos_doy – model ocenia ryzyko wezbrania na 16%. Kierunek wpływu: ↑. Pewność (prawdopodobieństwo z RF): 16%.,0,0,0,0
2021-07-10,lato,niskie,0.131,cos_doy,↓,0.131,cos_doy – model ocenia ryzyko wezbrania na 13%. Kierunek wpływu: ↓. Pewność (prawdopodobieństwo z RF): 13%.,0,0,0,0
2021-07-11,lato,niskie,0.076,cos_doy,↓,0.076,cos_doy – model ocenia ryzyko wezbrania na 8%. Kierunek wpływu: ↓. Pewność (prawdopodobieństwo z RF): 8%.,0,0,0,0
2021-07-12,lato,niskie,0.035,cos_doy,↓,0.035,cos_doy – model ocenia ryzyko wezbrania na 3%. Kierunek wpływu: ↓. Pewność (prawdopodobieństwo z RF): 3%.,0,0,0,0
2021-07-13,lato,niskie,0.017,cos_doy,↓,0.017,cos_doy – model ocenia ryzyko wezbrania na 2%. Kierunek wpływu: ↓. Pewność (prawdopodobieństwo z RF): 2%.,0,0,0,0
2021-07-14,lato,niskie,0.017,cos_doy,↑,0.017,cos_doy – model ocenia ryzyko wezbrania na 2%. Kierunek wpływu: ↑. Pewność (prawdopodobieństwo z RF): 2%.,0,0,0,0
2021-07-15,lato,niskie,0.02,cos_doy,↑,0.02,cos_doy – model ocenia ryzyko wezbrania na 2%. Kierunek wpływu: ↑. Pewność (prawdopodobieństwo z RF): 2%.,0,0,0,0
2021-07-16,lato,niskie,0.019,cos_doy,↓,0.019,cos_doy – model ocenia ryzyko wezbrania na 2%. Kierunek wpływu: ↓. Pewność (prawdopodobieństwo z RF): 2%.,0,0,0,0
2021-07-17,lato,niskie,0.02,cos_doy,↑,0.02,cos_doy – model ocenia ryzyko wezbrania na 2%. Kierunek wpływu: ↑. Pewność (prawdopodobieństwo z RF): 2%.,0,0,0,0
2021-07-18,lato,niskie,0.018,cos_doy,↓,0.018,cos_doy – model ocenia ryzyko wezbrania na 2%. Kierunek wpływu: ↓. Pewność (prawdopodobieństwo z RF): 2%.,0,0,0,0
2021-07-19,lato,niskie,0.047,cos_doy,↑,0.047,cos_doy – model ocenia ryzyko wezbrania na 5%. Kierunek wpływu: ↑. Pewność (prawdopodobieństwo z RF): 5%.,0,0,0,0
2021-07-20,lato,niskie,0.007,cos_doy,↓,0.007,cos_doy – model ocenia ryzyko wezbrania na 1%. Kierunek wpływu: ↓. Pewność (prawdopodobieństwo z RF): 1%.,0,0,0,0
2021-07-21,lato,niskie,0.058,cos_doy,↑,0.058,cos_doy – model ocenia ryzyko wezbrania na 6%. Kierunek wpływu: ↑. Pewność (prawdopodobieństwo z RF): 6%.,0,0,0,0
2021-07-22,lato,niskie,0.013,cos_doy,↓,0.013,cos_doy – model ocenia ryzyko wezbrania na 1%. Kierunek wpływu: ↓. Pewność (prawdopodobieństwo z RF): 1%.,0,0,0,0
2021-07-23,lato,niskie,0.007,cos_doy,↓,0.007,cos_doy – model ocenia ryzyko wezbrania na 1%. Kierunek wpływu: ↓. Pewność (prawdopodobieństwo z RF): 1%.,0,0,0,0
2021-07-24,lato,niskie,0.028,cos_doy,↑,0.028,cos_doy – model ocenia ryzyko wezbrania na 3%. Kierunek wpływu: ↑. Pewność (prawdopodobieństwo z RF): 3%.,0,0,0,0
2021-07-25,lato,niskie,0.01,cos_doy,↓,0.01,cos_doy – model ocenia ryzyko wezbrania na 1%. Kierunek wpływu: ↓. Pewność (prawdopodobieństwo z RF): 1%.,0,0,0,0
2021-07-26,lato,niskie,0.054,cos_doy,↑,0.054,cos_doy – model ocenia ryzyko wezbrania na 5%. Kierunek wpływu: ↑. Pewność (prawdopodobieństwo z RF): 5%.,0,0,0,0
2021-07-27,lato,niskie,0.119,cos_doy,↑,0.119,cos_doy – model ocenia ryzyko wezbrania na 12%. Kierunek wpływu: ↑. Pewność (prawdopodobieństwo z RF): 12%.,0,0,0,0
2021-07-28,lato,niskie,0.085,cos_doy,↓,0.085,cos_doy – model ocenia ryzyko wezbrania na 9%. Kierunek wpływu: ↓. Pewność (prawdopodobieństwo z RF): 9%.,0,0,0,0
2021-07-29,lato,niskie,0.053,cos_doy,↓,0.053,cos_doy – model ocenia ryzyko wezbrania na 5%. Kierunek wpływu: ↓. Pewność (prawdopodobieństwo z RF): 5%.,0,0,0,0
2021-07-30,lato,niskie,0.053,cos_doy,↑,0.053,cos_doy – model ocenia ryzyko wezbrania na 5%. Kierunek wpływu: ↑. Pewność (prawdopodobieństwo z RF): 5%.,0,0,0,0
2021-07-31,lato,niskie,0.023,cos_doy,↓,0.023,cos_doy – model ocenia ryzyko wezbrania na 2%. Kierunek wpływu: ↓. Pewność (prawdopodobieństwo z RF): 2%.,0,0,0,0
2021-08-01,lato,niskie,0.034,cos_doy,↑,0.034,cos_doy – model ocenia ryzyko wezbrania na 3%. Kierunek wpływu: ↑. Pewność (prawdopodobieństwo z RF): 3%.,0,0,0,0
2021-08-02,lato,niskie,0.055,cos_doy,↑,0.055,cos_doy – model ocenia ryzyko wezbrania na 5%. Kierunek wpływu: ↑. Pewność (prawdopodobieństwo z RF): 5%.,0,0,0,0
2021-08-03,lato,niskie,0.058,cos_doy,↑,0.058,cos_doy – model ocenia ryzyko wezbrania na 6%. Kierunek wpływu: ↑. Pewność (prawdopodobieństwo z RF): 6%.,0,0,0,0
2021-08-04,lato,niskie,0.038,cos_doy,↓,0.038,cos_doy – model ocenia ryzyko wezbrania na 4%. Kierunek wpływu: ↓. Pewność (prawdopodobieństwo z RF): 4%.,0,0,0,0
2021-08-05,lato,niskie,0.027,cos_doy,↓,0.027,cos_doy – model ocenia ryzyko wezbrania na 3%. Kierunek wpływu: ↓. Pewność (prawdopodobieństwo z RF): 3%.,0,0,0,0
2021-08-06,lato,niskie,0.113,cos_doy,↑,0.113,cos_doy – model ocenia ryzyko wezbrania na 11%. Kierunek wpływu: ↑. Pewność (prawdopodobieństwo z RF): 11%.,0,0,0,0
2021-08-07,lato,niskie,0.049,cos_doy,↓,0.049,cos_doy – model ocenia ryzyko wezbrania na 5%. Kierunek wpływu: ↓. Pewność (prawdopodobieństwo z RF): 5%.,0,0,0,0
2021-08-08,lato,niskie,0.151,cos_doy,↑,0.151,cos_doy – model ocenia ryzyko wezbrania na 15%. Kierunek wpływu: ↑. Pewność (prawdopodobieństwo z RF): 15%.,0,0,0,0
2021-08-09,lato,niskie,0.173,cos_doy,↑,0.173,cos_doy – model ocenia ryzyko wezbrania na 17%. Kierunek wpływu: ↑. Pewność (prawdopodobieństwo z RF): 17%.,0,0,0,0
2021-08-10,lato,niskie,0.113,cos_doy,↓,0.113,cos_doy – model ocenia ryzyko wezbrania na 11%. Kierunek wpływu: ↓. Pewność (prawdopodobieństwo z RF): 11%.,0,0,0,0
2021-08-11,lato,niskie,0.09,cos_doy,↓,0.09,cos_doy – model ocenia ryzyko wezbrania na 9%. Kierunek wpływu: ↓. Pewność (prawdopodobieństwo z RF): 9%.,0,0,0,0
2021-08-12,lato,niskie,0.037,cos_doy,↓,0.037,cos_doy – model ocenia ryzyko wezbrania na 4%. Kierunek wpływu: ↓. Pewność (prawdopodobieństwo z RF): 4%.,0,0,0,0
2021-08-13,lato,niskie,0.062,cos_doy,↑,0.062,cos_doy – model ocenia ryzyko wezbrania na 6%. Kierunek wpływu: ↑. Pewność (prawdopodobieństwo z RF): 6%.,0,0,0,0
2021-08-14,lato,niskie,0.039,cos_doy,↓,0.039,cos_doy – model ocenia ryzyko wezbrania na 4%. Kierunek wpływu: ↓. Pewność (prawdopodobieństwo z RF): 4%.,0,0,0,0
2021-08-15,lato,niskie,0.076,cos_doy,↑,0.076,cos_doy – model ocenia ryzyko wezbrania na 8%. Kierunek wpływu: ↑. Pewność (prawdopodobieństwo z RF): 8%.,0,0,0,0
2021-08-16,lato,niskie,0.063,cos_doy,↓,0.063,cos_doy – model ocenia ryzyko wezbrania na 6%. Kierunek wpływu: ↓. Pewność (prawdopodobieństwo z RF): 6%.,0,0,0,0
2021-08-17,lato,niskie,0.066,cos_doy,↑,0.066,cos_doy – model ocenia ryzyko wezbrania na 7%. Kierunek wpływu: ↑. Pewność (prawdopodobieństwo z RF): 7%.,0,0,0,0
2021-08-18,lato,niskie,0.06,cos_doy,↓,0.06,cos_doy – model ocenia ryzyko wezbrania na 6%. Kierunek wpływu: ↓. Pewność (prawdopodobieństwo z RF): 6%.,0,0,0,0
2021-08-19,lato,niskie,0.085,cos_doy,↑,0.085,cos_doy – model ocenia ryzyko wezbrania na 8%. Kierunek wpływu: ↑. Pewność (prawdopodobieństwo z RF): 8%.,0,0,0,0
2021-08-20,lato,niskie,0.087,cos_doy,↑,0.087,cos_doy – model ocenia ryzyko wezbrania na 9%. Kierunek wpływu: ↑. Pewność (prawdopodobieństwo z RF): 9%.,0,0,0,0
2021-08-21,lato,niskie,0.089,cos_doy,↑,0.089,cos_doy – model ocenia ryzyko wezbrania na 9%. Kierunek wpływu: ↑. Pewność (prawdopodobieństwo z RF): 9%.,0,0,0,0
2021-08-22,lato,niskie,0.076,cos_doy,↓,0.076,cos_doy – model ocenia ryzyko wezbrania na 8%. Kierunek wpływu: ↓. Pewność (prawdopodobieństwo z RF): 8%.,0,0,0,0
2021-08-23,lato,niskie,0.055,cos_doy,↓,0.055,cos_doy – model ocenia ryzyko wezbrania na 6%. Kierunek wpływu: ↓. Pewność (prawdopodobieństwo z RF): 6%.,0,0,0,0
2021-08-24,lato,niskie,0.055,cos_doy,↑,0.055,cos_doy – model ocenia ryzyko wezbrania na 6%. Kierunek wpływu: ↑. Pewność (prawdopodobieństwo z RF): 6%.,0,0,0,1
2021-08-25,lato,niskie,0.277,cos_doy,↑,0.277,cos_doy – model ocenia ryzyko wezbrania na 28%. Kierunek wpływu: ↑. Pewność (prawdopodobieństwo z RF): 28%.,0,0,0,0
2021-08-26,lato,niskie,0.373,cos_doy,↑,0.373,cos_doy – model ocenia ryzyko wezbrania na 37%. Kierunek wpływu: ↑. Pewność (prawdopodobieństwo z RF): 37%.,0,0,0,0
2021-08-27,lato,niskie,0.358,cos_doy,↓,0.358,cos_doy – model ocenia ryzyko wezbrania na 36%. Kierunek wpływu: ↓. Pewność (prawdopodobieństwo z RF): 36%.,0,1,0,0
2021-08-28,lato,niskie,0.283,cos_doy,↓,0.283,cos_doy – model ocenia ryzyko wezbrania na 28%. Kierunek wpływu: ↓. Pewność (prawdopodobieństwo z RF): 28%.,0,0,0,0
2021-08-29,lato,niskie,0.336,cos_doy,↑,0.336,cos_doy – model ocenia ryzyko wezbrania na 34%. Kierunek wpływu: ↑. Pewność (prawdopodobieństwo z RF): 34%.,0,0,0,0
2021-08-30,lato,niskie,0.343,cos_doy,↑,0.343,cos_doy – model ocenia ryzyko wezbrania na 34%. Kierunek wpływu: ↑. Pewność (prawdopodobieństwo z RF): 34%.,0,0,0,0
2021-08-31,lato,niskie,0.325,cos_doy,↓,0.325,cos_doy – model ocenia ryzyko wezbrania na 32%. Kierunek wpływu: ↓. Pewność (prawdopodobieństwo z RF): 32%.,0,0,0,0
2021-09-01,jesien,niskie,0.178,cos_doy,↓,0.178,cos_doy – model ocenia ryzyko wezbrania na 18%. Kierunek wpływu: ↓. Pewność (prawdopodobieństwo z RF): 18%.,0,0,0,0
2021-09-02,jesien,niskie,0.069,cos_doy,↓,0.069,cos_doy – model ocenia ryzyko wezbrania na 7%. Kierunek wpływu: ↓. Pewność (prawdopodobieństwo z RF): 7%.,0,0,0,0
2021-09-03,jesien,niskie,0.034,cos_doy,↓,0.034,cos_doy – model ocenia ryzyko wezbrania na 3%. Kierunek wpływu: ↓. Pewność (prawdopodobieństwo z RF): 3%.,0,0,0,0
2021-09-04,jesien,niskie,0.037,cos_doy,↑,0.037,cos_doy – model ocenia ryzyko wezbrania na 4%. Kierunek wpływu: ↑. Pewność (prawdopodobieństwo z RF): 4%.,0,0,0,0
2021-09-05,jesien,niskie,0.04,cos_doy,↑,0.04,cos_doy – model ocenia ryzyko wezbrania na 4%. Kierunek wpływu: ↑. Pewność (prawdopodobieństwo z RF): 4%.,0,0,0,0
2021-09-06,jesien,niskie,0.032,cos_doy,↓,0.032,cos_doy – model ocenia ryzyko wezbrania na 3%. Kierunek wpływu: ↓. Pewność (prawdopodobieństwo z RF): 3%.,0,0,0,0
2021-09-07,jesien,niskie,0.02,cos_doy,↓,0.02,cos_doy – model ocenia ryzyko wezbrania na 2%. Kierunek wpływu: ↓. Pewność (prawdopodobieństwo z RF): 2%.,0,0,0,0
2021-09-08,jesien,niskie,0.033,cos_doy,↑,0.033,cos_doy – model ocenia ryzyko wezbrania na 3%. Kierunek wpływu: ↑. Pewność (prawdopodobieństwo z RF): 3%.,0,0,0,0
2021-09-09,jesien,niskie,0.053,cos_doy,↑,0.053,cos_doy – model ocenia ryzyko wezbrania na 5%. Kierunek wpływu: ↑. Pewność (prawdopodobieństwo z RF): 5%.,0,0,0,0
2021-09-10,jesien,niskie,0.04,cos_doy,↓,0.04,cos_doy – model ocenia ryzyko wezbrania na 4%. Kierunek wpływu: ↓. Pewność (prawdopodobieństwo z RF): 4%.,0,0,0,0
2021-09-11,jesien,niskie,0.101,cos_doy,↑,0.101,cos_doy – model ocenia ryzyko wezbrania na 10%. Kierunek wpływu: ↑. Pewność (prawdopodobieństwo z RF): 10%.,0,0,0,0
2021-09-12,jesien,niskie,0.137,cos_doy,↑,0.137,cos_doy – model ocenia ryzyko wezbrania na 14%. Kierunek wpływu: ↑. Pewność (prawdopodobieństwo z RF): 14%.,0,0,0,0
2021-09-13,jesien,niskie,0.142,cos_doy,↑,0.142,cos_doy – model ocenia ryzyko wezbrania na 14%. Kierunek wpływu: ↑. Pewność (prawdopodobieństwo z RF): 14%.,0,0,0,0
2021-09-14,jesien,niskie,0.096,cos_doy,↓,0.096,cos_doy – model ocenia ryzyko wezbrania na 10%. Kierunek wpływu: ↓. Pewność (prawdopodobieństwo z RF): 10%.,0,0,0,0
2021-09-15,jesien,niskie,0.057,cos_doy,↓,0.057,cos_doy – model ocenia ryzyko wezbrania na 6%. Kierunek wpływu: ↓. Pewność (prawdopodobieństwo z RF): 6%.,0,0,0,0
2021-09-16,jesien,niskie,0.219,cos_doy,↑,0.219,cos_doy – model ocenia ryzyko wezbrania na 22%. Kierunek wpływu: ↑. Pewność (prawdopodobieństwo z RF): 22%.,0,0,0,0
2021-09-17,jesien,niskie,0.299,cos_doy,↑,0.299,cos_doy – model ocenia ryzyko wezbrania na 30%. Kierunek wpływu: ↑. Pewność (prawdopodobieństwo z RF): 30%.,0,0,0,0
2021-09-18,jesien,niskie,0.309,cos_doy,↑,0.309,cos_doy – model ocenia ryzyko wezbrania na 31%. Kierunek wpływu: ↑. Pewność (prawdopodobieństwo z RF): 31%.,0,0,0,0
2021-09-19,jesien,niskie,0.182,cos_doy,↓,0.182,cos_doy – model ocenia ryzyko wezbrania na 18%. Kierunek wpływu: ↓. Pewność (prawdopodobieństwo z RF): 18%.,0,0,0,0
2021-09-20,jesien,niskie,0.095,cos_doy,↓,0.095,cos_doy – model ocenia ryzyko wezbrania na 9%. Kierunek wpływu: ↓. Pewność (prawdopodobieństwo z RF): 9%.,0,0,0,0
2021-09-21,jesien,niskie,0.061,cos_doy,↓,0.061,cos_doy – model ocenia ryzyko wezbrania na 6%. Kierunek wpływu: ↓. Pewność (prawdopodobieństwo z RF): 6%.,0,0,0,0
2021-09-22,jesien,niskie,0.07,cos_doy,↑,0.07,cos_doy – model ocenia ryzyko wezbrania na 7%. Kierunek wpływu: ↑. Pewność (prawdopodobieństwo z RF): 7%.,0,0,0,0
2021-09-23,jesien,niskie,0.351,cos_doy,↑,0.351,cos_doy – model ocenia ryzyko wezbrania na 35%. Kierunek wpływu: ↑. Pewność (prawdopodobieństwo z RF): 35%.,0,0,0,0
2021-09-24,jesien,niskie,0.295,cos_doy,↓,0.295,cos_doy – model ocenia ryzyko wezbrania na 30%. Kierunek wpływu: ↓. Pewność (prawdopodobieństwo z RF): 30%.,0,0,0,0
2021-09-25,jesien,niskie,0.217,cos_doy,↓,0.217,cos_doy – model ocenia ryzyko wezbrania na 22%. Kierunek wpływu: ↓. Pewność (prawdopodobieństwo z RF): 22%.,0,0,0,0
2021-09-26,jesien,niskie,0.13,cos_doy,↓,0.13,cos_doy – model ocenia ryzyko wezbrania na 13%. Kierunek wpływu: ↓. Pewność (prawdopodobieństwo z RF): 13%.,0,0,0,0
2021-09-27,jesien,niskie,0.051,cos_doy,↓,0.051,cos_doy – model ocenia ryzyko wezbrania na 5%. Kierunek wpływu: ↓. Pewność (prawdopodobieństwo z RF): 5%.,0,0,0,0
2021-09-28,jesien,niskie,0.043,cos_doy,↓,0.043,cos_doy – model ocenia ryzyko wezbrania na 4%. Kierunek wpływu: ↓. Pewność (prawdopodobieństwo z RF): 4%.,0,0,0,0
2021-09-29,jesien,niskie,0.061,cos_doy,↑,0.061,cos_doy – model ocenia ryzyko wezbrania na 6%. Kierunek wpływu: ↑. Pewność (prawdopodobieństwo z RF): 6%.,0,0,0,0
2021-09-30,jesien,niskie,0.152,cos_doy,↑,0.152,cos_doy – model ocenia ryzyko wezbrania na 15%. Kierunek wpływu: ↑. Pewność (prawdopodobieństwo z RF): 15%.,0,0,0,0
2021-10-01,jesien,niskie,0.12,cos_doy,↓,0.12,cos_doy – model ocenia ryzyko wezbrania na 12%. Kierunek wpływu: ↓. Pewność (prawdopodobieństwo z RF): 12%.,0,0,0,0
2021-10-02,jesien,niskie,0.125,cos_doy,↑,0.125,cos_doy – model ocenia ryzyko wezbrania na 13%. Kierunek wpływu: ↑. Pewność (prawdopodobieństwo z RF): 13%.,0,0,0,0
2021-10-03,jesien,niskie,0.074,cos_doy,↓,0.074,cos_doy – model ocenia ryzyko wezbrania na 7%. Kierunek wpływu: ↓. Pewność (prawdopodobieństwo z RF): 7%.,0,0,0,0
2021-10-04,jesien,niskie,0.126,cos_doy,↑,0.126,cos_doy – model ocenia ryzyko wezbrania na 13%. Kierunek wpływu: ↑. Pewność (prawdopodobieństwo z RF): 13%.,0,0,0,0
2021-10-05,jesien,niskie,0.126,cos_doy,↑,0.126,cos_doy – model ocenia ryzyko wezbrania na 13%. Kierunek wpływu: ↑. Pewność (prawdopodobieństwo z RF): 13%.,0,0,0,0
2021-10-06,jesien,niskie,0.477,cos_doy,↑,0.477,cos_doy – model ocenia ryzyko wezbrania na 48%. Kierunek wpływu: ↑. Pewność (prawdopodobieństwo z RF): 48%.,0,0,0,0
2021-10-07,jesien,niskie,0.42,cos_doy,↓,0.42,cos_doy – model ocenia ryzyko wezbrania na 42%. Kierunek wpływu: ↓. Pewność (prawdopodobieństwo z RF): 42%.,0,0,0,0
2021-10-08,jesien,niskie,0.268,cos_doy,↓,0.268,cos_doy – model ocenia ryzyko wezbrania na 27%. Kierunek wpływu: ↓. Pewność (prawdopodobieństwo z RF): 27%.,0,0,0,0
2021-10-09,jesien,niskie,0.219,cos_doy,↓,0.219,cos_doy – model ocenia ryzyko wezbrania na 22%. Kierunek wpływu: ↓. Pewność (prawdopodobieństwo z RF): 22%.,0,0,0,0
2021-10-10,jesien,niskie,0.225,cos_doy,↑,0.225,cos_doy – model ocenia ryzyko wezbrania na 22%. Kierunek wpływu: ↑. Pewność (prawdopodobieństwo z RF): 22%.,0,0,0,0
2021-10-11,jesien,niskie,0.403,cos_doy,↑,0.403,cos_doy – model ocenia ryzyko wezbrania na 40%. Kierunek wpływu: ↑. Pewność (prawdopodobieństwo z RF): 40%.,0,0,0,0
2021-10-12,jesien,niskie,0.271,cos_doy,↓,0.271,cos_doy – model ocenia ryzyko wezbrania na 27%. Kierunek wpływu: ↓. Pewność (prawdopodobieństwo z RF): 27%.,0,0,0,0
2021-10-13,jesien,niskie,0.456,cos_doy,↑,0.456,cos_doy – model ocenia ryzyko wezbrania na 46%. Kierunek wpływu: ↑. Pewność (prawdopodobieństwo z RF): 46%.,0,0,0,0
2021-10-14,jesien,niskie,0.292,cos_doy,↓,0.292,cos_doy – model ocenia ryzyko wezbrania na 29%. Kierunek wpływu: ↓. Pewność (prawdopodobieństwo z RF): 29%.,0,0,0,0
2021-10-15,jesien,niskie,0.319,cos_doy,↑,0.319,cos_doy – model ocenia ryzyko wezbrania na 32%. Kierunek wpływu: ↑. Pewność (prawdopodobieństwo z RF): 32%.,0,0,0,0
2021-10-16,jesien,niskie,0.281,cos_doy,↓,0.281,cos_doy – model ocenia ryzyko wezbrania na 28%. Kierunek wpływu: ↓. Pewność (prawdopodobieństwo z RF): 28%.,0,0,0,0
2021-10-17,jesien,niskie,0.2,cos_doy,↓,0.2,cos_doy – model ocenia ryzyko wezbrania na 20%. Kierunek wpływu: ↓. Pewność (prawdopodobieństwo z RF): 20%.,0,0,0,0
2021-10-18,jesien,niskie,0.221,cos_doy,↑,0.221,cos_doy – model ocenia ryzyko wezbrania na 22%. Kierunek wpływu: ↑. Pewność (prawdopodobieństwo z RF): 22%.,0,0,0,0
2021-10-19,jesien,niskie,0.376,cos_doy,↑,0.376,cos_doy – model ocenia ryzyko wezbrania na 38%. Kierunek wpływu: ↑. Pewność (prawdopodobieństwo z RF): 38%.,0,0,0,0
2021-10-20,jesien,średnie,0.519,cos_doy,↑,0.519,cos_doy – model ocenia ryzyko wezbrania na 52%. Kierunek wpływu: ↑. Pewność (prawdopodobieństwo z RF): 52%.,0,0,0,0
2021-10-21,jesien,wysokie,0.714,cos_doy,↑,0.714,cos_doy – model ocenia ryzyko wezbrania na 71%. Kierunek wpływu: ↑. Pewność (prawdopodobieństwo z RF): 71%.,1,1,1,1
2021-10-22,jesien,wysokie,0.82,cos_doy,↑,0.82,cos_doy – model ocenia ryzyko wezbrania na 82%. Kierunek wpływu: ↑. Pewność (prawdopodobieństwo z RF): 82%.,1,0,1,1
2021-10-23,jesien,wysokie,0.888,cos_doy,↑,0.888,cos_doy – model ocenia ryzyko wezbrania na 89%. Kierunek wpływu: ↑. Pewność (prawdopodobieństwo z RF): 89%.,1,1,1,1
2021-10-24,jesien,wysokie,0.699,cos_doy,↓,0.699,cos_doy – model ocenia ryzyko wezbrania na 70%. Kierunek wpływu: ↓. Pewność (prawdopodobieństwo z RF): 70%.,1,1,1,1
2021-10-25,jesien,niskie,0.33,cos_doy,↓,0.33,cos_doy – model ocenia ryzyko wezbrania na 33%. Kierunek wpływu: ↓. Pewność (prawdopodobieństwo z RF): 33%.,0,0,0,0
2021-10-26,jesien,niskie,0.2,cos_doy,↓,0.2,cos_doy – model ocenia ryzyko wezbrania na 20%. Kierunek wpływu: ↓. Pewność (prawdopodobieństwo z RF): 20%.,0,0,0,0
2021-10-27,jesien,niskie,0.079,cos_doy,↓,0.079,cos_doy – model ocenia ryzyko wezbrania na 8%. Kierunek wpływu: ↓. Pewność (prawdopodobieństwo z RF): 8%.,0,0,0,0
2021-10-28,jesien,niskie,0.055,cos_doy,↓,0.055,cos_doy – model ocenia ryzyko wezbrania na 6%. Kierunek wpływu: ↓. Pewność (prawdopodobieństwo z RF): 6%.,0,0,0,0
2021-10-29,jesien,niskie,0.104,cos_doy,↑,0.104,cos_doy – model ocenia ryzyko wezbrania na 10%. Kierunek wpływu: ↑. Pewność (prawdopodobieństwo z RF): 10%.,0,0,0,0
2021-10-30,jesien,niskie,0.177,cos_doy,↑,0.177,cos_doy – model ocenia ryzyko wezbrania na 18%. Kierunek wpływu: ↑. Pewność (prawdopodobieństwo z RF): 18%.,0,0,0,0
2021-10-31,jesien,niskie,0.172,cos_doy,↓,0.172,cos_doy – model ocenia ryzyko wezbrania na 17%. Kierunek wpływu: ↓. Pewność (prawdopodobieństwo z RF): 17%.,0,0,0,0
2021-11-01,jesien,niskie,0.258,cos_doy,↑,0.258,cos_doy – model ocenia ryzyko wezbrania na 26%. Kierunek wpływu: ↑. Pewność (prawdopodobieństwo z RF): 26%.,0,0,0,0
2021-11-02,jesien,niskie,0.479,cos_doy,↑,0.479,cos_doy – model ocenia ryzyko wezbrania na 48%. Kierunek wpływu: ↑. Pewność (prawdopodobieństwo z RF): 48%.,0,0,0,0
2021-11-03,jesien,średnie,0.575,cos_doy,↑,0.575,cos_doy – model ocenia ryzyko wezbrania na 57%. Kierunek wpływu: ↑. Pewność (prawdopodobieństwo z RF): 57%.,0,0,0,0
2021-11-04,jesien,wysokie,0.759,cos_doy,↑,0.759,cos_doy – model ocenia ryzyko wezbrania na 76%. Kierunek wpływu: ↑. Pewność (prawdopodobieństwo z RF): 76%.,0,0,0,0
2021-11-05,jesien,wysokie,0.785,cos_doy,↑,0.785,cos_doy – model ocenia ryzyko wezbrania na 79%. Kierunek wpływu: ↑. Pewność (prawdopodobieństwo z RF): 79%.,1,1,1,1
2021-11-06,jesien,niskie,0.432,cos_doy,↓,0.432,cos_doy – model ocenia ryzyko wezbrania na 43%. Kierunek wpływu: ↓. Pewność (prawdopodobieństwo z RF): 43%.,0,0,0,0
2021-11-07,jesien,wysokie,0.731,cos_doy,↑,0.731,cos_doy – model ocenia ryzyko wezbrania na 73%. Kierunek wpływu: ↑. Pewność (prawdopodobieństwo z RF): 73%.,1,1,1,1
2021-11-08,jesien,wysokie,0.851,cos_doy,↑,0.851,cos_doy – model ocenia ryzyko wezbrania na 85%. Kierunek wpływu: ↑. Pewność (prawdopodobieństwo z RF): 85%.,1,1,1,1
2021-11-09,jesien,średnie,0.63,cos_doy,↓,0.63,cos_doy – model ocenia ryzyko wezbrania na 63%. Kierunek wpływu: ↓. Pewność (prawdopodobieństwo z RF): 63%.,0,0,0,1
2021-11-10,jesien,niskie,0.283,cos_doy,↓,0.283,cos_doy – model ocenia ryzyko wezbrania na 28%. Kierunek wpływu: ↓. Pewność (prawdopodobieństwo z RF): 28%.,0,0,0,0
2021-11-11,jesien,niskie,0.146,cos_doy,↓,0.146,cos_doy – model ocenia ryzyko wezbrania na 15%. Kierunek wpływu: ↓. Pewność (prawdopodobieństwo z RF): 15%.,0,0,0,0
2021-11-12,jesien,niskie,0.157,cos_doy,↑,0.157,cos_doy – model ocenia ryzyko wezbrania na 16%. Kierunek wpływu: ↑. Pewność (prawdopodobieństwo z RF): 16%.,0,0,0,0
2021-11-13,jesien,niskie,0.106,cos_doy,↓,0.106,cos_doy – model ocenia ryzyko wezbrania na 11%. Kierunek wpływu: ↓. Pewność (prawdopodobieństwo z RF): 11%.,0,0,0,0
2021-11-14,jesien,niskie,0.4,cos_doy,↑,0.4,cos_doy – model ocenia ryzyko wezbrania na 40%. Kierunek wpływu: ↑. Pewność (prawdopodobieństwo z RF): 40%.,0,0,0,0
2021-11-15,jesien,niskie,0.22,cos_doy,↓,0.22,cos_doy – model ocenia ryzyko wezbrania na 22%. Kierunek wpływu: ↓. Pewność (prawdopodobieństwo z RF): 22%.,0,0,0,0
2021-11-16,jesien,niskie,0.286,cos_doy,↑,0.286,cos_doy – model ocenia ryzyko wezbrania na 29%. Kierunek wpływu: ↑. Pewność (prawdopodobieństwo z RF): 29%.,0,0,0,0
2021-11-17,jesien,niskie,0.337,cos_doy,↑,0.337,cos_doy – model ocenia ryzyko wezbrania na 34%. Kierunek wpływu: ↑. Pewność (prawdopodobieństwo z RF): 34%.,0,0,0,0
2021-11-18,jesien,niskie,0.385,cos_doy,↑,0.385,cos_doy – model ocenia ryzyko wezbrania na 39%. Kierunek wpływu: ↑. Pewność (prawdopodobieństwo z RF): 39%.,0,0,0,0
2021-11-19,jesien,średnie,0.554,cos_doy,↑,0.554,cos_doy – model ocenia ryzyko wezbrania na 55%. Kierunek wpływu: ↑. Pewność (prawdopodobieństwo z RF): 55%.,1,1,1,1
2021-11-20,jesien,wysokie,0.688,cos_doy,↑,0.688,cos_doy – model ocenia ryzyko wezbrania na 69%. Kierunek wpływu: ↑. Pewność (prawdopodobieństwo z RF): 69%.,1,1,1,1
2021-11-21,jesien,wysokie,0.759,cos_doy,↑,0.759,cos_doy – model ocenia ryzyko wezbrania na 76%. Kierunek wpływu: ↑. Pewność (prawdopodobieństwo z RF): 76%.,1,1,1,1
2021-11-22,jesien,wysokie,0.749,cos_doy,↓,0.749,cos_doy – model ocenia ryzyko wezbrania na 75%. Kierunek wpływu: ↓. Pewność (prawdopodobieństwo z RF): 75%.,1,1,1,1
2021-11-23,jesien,średnie,0.62,cos_doy,↓,0.62,cos_doy – model ocenia ryzyko wezbrania na 62%. Kierunek wpływu: ↓. Pewność (prawdopodobieństwo z RF): 62%.,1,1,1,1
2021-11-24,jesien,niskie,0.261,cos_doy,↓,0.261,cos_doy – model ocenia ryzyko wezbrania na 26%. Kierunek wpływu: ↓. Pewność (prawdopodobieństwo z RF): 26%.,0,0,0,0
2021-11-25,jesien,średnie,0.591,cos_doy,↑,0.591,cos_doy – model ocenia ryzyko wezbrania na 59%. Kierunek wpływu: ↑. Pewność (prawdopodobieństwo z RF): 59%.,0,0,0,0
2021-11-26,jesien,średnie,0.642,cos_doy,↑,0.642,cos_doy – model ocenia ryzyko wezbrania na 64%. Kierunek wpływu: ↑. Pewność (prawdopodobieństwo z RF): 64%.,1,1,1,0
2021-11-27,jesien,niskie,0.473,cos_doy,↓,0.473,cos_doy – model ocenia ryzyko wezbrania na 47%. Kierunek wpływu: ↓. Pewność (prawdopodobieństwo z RF): 47%.,0,0,0,0
2021-11-28,jesien,średnie,0.638,cos_doy,↑,0.638,cos_doy – model ocenia ryzyko wezbrania na 64%. Kierunek wpływu: ↑. Pewność (prawdopodobieństwo z RF): 64%.,0,0,0,0
2021-11-29,jesien,wysokie,0.812,cos_doy,↑,0.812,cos_doy – model ocenia ryzyko wezbrania na 81%. Kierunek wpływu: ↑. Pewność (prawdopodobieństwo z RF): 81%.,1,1,1,1
2021-11-30,jesien,wysokie,0.924,cos_doy,↑,0.924,cos_doy – model ocenia ryzyko wezbrania na 92%. Kierunek wpływu: ↑. Pewność (prawdopodobieństwo z RF): 92%.,1,1,1,1
2021-12-01,zima,wysokie,0.881,cos_doy,↓,0.881,cos_doy – model ocenia ryzyko wezbrania na 88%. Kierunek wpływu: ↓. Pewność (prawdopodobieństwo z RF): 88%.,1,1,1,1
2021-12-02,zima,wysokie,0.933,cos_doy,↑,0.933,cos_doy – model ocenia ryzyko wezbrania na 93%. Kierunek wpływu: ↑. Pewność (prawdopodobieństwo z RF): 93%.,1,1,1,1
2021-12-03,zima,wysokie,0.861,cos_doy,↓,0.861,cos_doy – model ocenia ryzyko wezbrania na 86%. Kierunek wpływu: ↓. Pewność (prawdopodobieństwo z RF): 86%.,1,1,1,1
2021-12-04,zima,niskie,0.468,cos_doy,↓,0.468,cos_doy – model ocenia ryzyko wezbrania na 47%. Kierunek wpływu: ↓. Pewność (prawdopodobieństwo z RF): 47%.,0,0,0,0
2021-12-05,zima,niskie,0.42,cos_doy,↓,0.42,cos_doy – model ocenia ryzyko wezbrania na 42%. Kierunek wpływu: ↓. Pewność (prawdopodobieństwo z RF): 42%.,0,0,0,0
2021-12-06,zima,niskie,0.319,cos_doy,↓,0.319,cos_doy – model ocenia ryzyko wezbrania na 32%. Kierunek wpływu: ↓. Pewność (prawdopodobieństwo z RF): 32%.,0,0,0,0
2021-12-07,zima,niskie,0.09,cos_doy,↓,0.09,cos_doy – model ocenia ryzyko wezbrania na 9%. Kierunek wpływu: ↓. Pewność (prawdopodobieństwo z RF): 9%.,0,0,0,0
2021-12-08,zima,niskie,0.055,cos_doy,↓,0.055,cos_doy – model ocenia ryzyko wezbrania na 6%. Kierunek wpływu: ↓. Pewność (prawdopodobieństwo z RF): 6%.,0,0,0,0
2021-12-09,zima,niskie,0.113,cos_doy,↑,0.113,cos_doy – model ocenia ryzyko wezbrania na 11%. Kierunek wpływu: ↑. Pewność (prawdopodobieństwo z RF): 11%.,0,0,0,0
2021-12-10,zima,niskie,0.379,cos_doy,↑,0.379,cos_doy – model ocenia ryzyko wezbrania na 38%. Kierunek wpływu: ↑. Pewność (prawdopodobieństwo z RF): 38%.,0,0,0,0
2021-12-11,zima,niskie,0.479,cos_doy,↑,0.479,cos_doy – model ocenia ryzyko wezbrania na 48%. Kierunek wpływu: ↑. Pewność (prawdopodobieństwo z RF): 48%.,0,0,0,0
2021-12-12,zima,niskie,0.253,cos_doy,↓,0.253,cos_doy – model ocenia ryzyko wezbrania na 25%. Kierunek wpływu: ↓. Pewność (prawdopodobieństwo z RF): 25%.,0,0,0,0
2021-12-13,zima,niskie,0.071,cos_doy,↓,0.071,cos_doy – model ocenia ryzyko wezbrania na 7%. Kierunek wpływu: ↓. Pewność (prawdopodobieństwo z RF): 7%.,0,0,0,0
2021-12-14,zima,niskie,0.115,cos_doy,↑,0.115,cos_doy – model ocenia ryzyko wezbrania na 12%. Kierunek wpływu: ↑. Pewność (prawdopodobieństwo z RF): 12%.,0,0,0,0
2021-12-15,zima,niskie,0.155,cos_doy,↑,0.155,cos_doy – model ocenia ryzyko wezbrania na 15%. Kierunek wpływu: ↑. Pewność (prawdopodobieństwo z RF): 15%.,0,0,0,0
2021-12-16,zima,niskie,0.249,cos_doy,↑,0.249,cos_doy – model ocenia ryzyko wezbrania na 25%. Kierunek wpływu: ↑. Pewność (prawdopodobieństwo z RF): 25%.,0,0,0,0
2021-12-17,zima,niskie,0.247,cos_doy,↓,0.247,cos_doy – model ocenia ryzyko wezbrania na 25%. Kierunek wpływu: ↓. Pewność (prawdopodobieństwo z RF): 25%.,0,0,0,0
2021-12-18,zima,niskie,0.385,cos_doy,↑,0.385,cos_doy – model ocenia ryzyko wezbrania na 38%. Kierunek wpływu: ↑. Pewność (prawdopodobieństwo z RF): 38%.,0,0,0,0
2021-12-19,zima,wysokie,0.684,cos_doy,↑,0.684,cos_doy – model ocenia ryzyko wezbrania na 68%. Kierunek wpływu: ↑. Pewność (prawdopodobieństwo z RF): 68%.,1,1,1,1
2021-12-20,zima,wysokie,0.695,cos_doy,↑,0.695,cos_doy – model ocenia ryzyko wezbrania na 69%. Kierunek wpływu: ↑. Pewność (prawdopodobieństwo z RF): 69%.,1,1,1,1
2021-12-21,zima,niskie,0.28,cos_doy,↓,0.28,cos_doy – model ocenia ryzyko wezbrania na 28%. Kierunek wpływu: ↓. Pewność (prawdopodobieństwo z RF): 28%.,0,0,0,0
2021-12-22,zima,niskie,0.256,cos_doy,↓,0.256,cos_doy – model ocenia ryzyko wezbrania na 26%. Kierunek wpływu: ↓. Pewność (prawdopodobieństwo z RF): 26%.,0,0,0,0
2021-12-23,zima,niskie,0.489,cos_doy,↑,0.489,cos_doy – model ocenia ryzyko wezbrania na 49%. Kierunek wpływu: ↑. Pewność (prawdopodobieństwo z RF): 49%.,0,0,0,0
2021-12-24,zima,wysokie,0.666,cos_doy,↑,0.666,cos_doy – model ocenia ryzyko wezbrania na 67%. Kierunek wpływu: ↑. Pewność (prawdopodobieństwo z RF): 67%.,1,1,1,1
2021-12-25,zima,średnie,0.568,cos_doy,↓,0.568,cos_doy – model ocenia ryzyko wezbrania na 57%. Kierunek wpływu: ↓. Pewność (prawdopodobieństwo z RF): 57%.,0,0,0,0
2021-12-26,zima,niskie,0.301,cos_doy,↓,0.301,cos_doy – model ocenia ryzyko wezbrania na 30%. Kierunek wpływu: ↓. Pewność (prawdopodobieństwo z RF): 30%.,0,0,0,0
2021-12-27,zima,niskie,0.068,cos_doy,↓,0.068,cos_doy – model ocenia ryzyko wezbrania na 7%. Kierunek wpływu: ↓. Pewność (prawdopodobieństwo z RF): 7%.,0,0,0,0
2021-12-28,zima,niskie,0.195,cos_doy,↑,0.195,cos_doy – model ocenia ryzyko wezbrania na 19%. Kierunek wpływu: ↑. Pewność (prawdopodobieństwo z RF): 19%.,0,0,0,0
2021-12-29,zima,niskie,0.138,cos_doy,↓,0.138,cos_doy – model ocenia ryzyko wezbrania na 14%. Kierunek wpływu: ↓. Pewność (prawdopodobieństwo z RF): 14%.,0,0,0,0
2021-12-30,zima,niskie,0.179,cos_doy,↑,0.179,cos_doy – model ocenia ryzyko wezbrania na 18%. Kierunek wpływu: ↑. Pewność (prawdopodobieństwo z RF): 18%.,0,0,0,0
2021-12-31,zima,niskie,0.286,cos_doy,↑,0.286,cos_doy – model ocenia ryzyko wezbrania na 29%. Kierunek wpływu: ↑. Pewność (prawdopodobieństwo z RF): 29%.,0,0,0,0
2022-01-01,zima,średnie,0.561,cos_doy,↑,0.561,cos_doy – model ocenia ryzyko wezbrania na 56%. Kierunek wpływu: ↑. Pewność (prawdopodobieństwo z RF): 56%.,0,0,0,0
2022-01-02,zima,średnie,0.644,cos_doy,↑,0.644,cos_doy – model ocenia ryzyko wezbrania na 64%. Kierunek wpływu: ↑. Pewność (prawdopodobieństwo z RF): 64%.,0,0,0,0
2022-01-03,zima,średnie,0.519,cos_doy,↓,0.519,cos_doy – model ocenia ryzyko wezbrania na 52%. Kierunek wpływu: ↓. Pewność (prawdopodobieństwo z RF): 52%.,0,0,0,0
2022-01-04,zima,wysokie,0.652,cos_doy,↑,0.652,cos_doy – model ocenia ryzyko wezbrania na 65%. Kierunek wpływu: ↑. Pewność (prawdopodobieństwo z RF): 65%.,0,0,0,0
2022-01-05,zima,średnie,0.532,cos_doy,↓,0.532,cos_doy – model ocenia ryzyko wezbrania na 53%. Kierunek wpływu: ↓. Pewność (prawdopodobieństwo z RF): 53%.,0,0,0,0
2022-01-06,zima,wysokie,0.689,cos_doy,↑,0.689,cos_doy – model ocenia ryzyko wezbrania na 69%. Kierunek wpływu: ↑. Pewność (prawdopodobieństwo z RF): 69%.,1,1,1,1
2022-01-07,zima,niskie,0.198,cos_doy,↓,0.198,cos_doy – model ocenia ryzyko wezbrania na 20%. Kierunek wpływu: ↓. Pewność (prawdopodobieństwo z RF): 20%.,0,0,0,0
2022-01-08,zima,niskie,0.323,cos_doy,↑,0.323,cos_doy – model ocenia ryzyko wezbrania na 32%. Kierunek wpływu: ↑. Pewność (prawdopodobieństwo z RF): 32%.,0,0,0,0
2022-01-09,zima,niskie,0.249,cos_doy,↓,0.249,cos_doy – model ocenia ryzyko wezbrania na 25%. Kierunek wpływu: ↓. Pewność (prawdopodobieństwo z RF): 25%.,0,0,0,0
2022-01-10,zima,niskie,0.382,cos_doy,↑,0.382,cos_doy – model ocenia ryzyko wezbrania na 38%. Kierunek wpływu: ↑. Pewność (prawdopodobieństwo z RF): 38%.,0,0,0,0
2022-01-11,zima,niskie,0.263,cos_doy,↓,0.263,cos_doy – model ocenia ryzyko wezbrania na 26%. Kierunek wpływu: ↓. Pewność (prawdopodobieństwo z RF): 26%.,0,0,0,0
2022-01-12,zima,niskie,0.113,cos_doy,↓,0.113,cos_doy – model ocenia ryzyko wezbrania na 11%. Kierunek wpływu: ↓. Pewność (prawdopodobieństwo z RF): 11%.,0,0,0,0
2022-01-13,zima,niskie,0.335,cos_doy,↑,0.335,cos_doy – model ocenia ryzyko wezbrania na 33%. Kierunek wpływu: ↑. Pewność (prawdopodobieństwo z RF): 33%.,0,0,0,0
2022-01-14,zima,wysokie,0.718,cos_doy,↑,0.718,cos_doy – model ocenia ryzyko wezbrania na 72%. Kierunek wpływu: ↑. Pewność (prawdopodobieństwo z RF): 72%.,1,1,1,1
2022-01-15,zima,średnie,0.573,cos_doy,↓,0.573,cos_doy – model ocenia ryzyko wezbrania na 57%. Kierunek wpływu: ↓. Pewność (prawdopodobieństwo z RF): 57%.,1,1,1,1
2022-01-16,zima,niskie,0.386,cos_doy,↓,0.386,cos_doy – model ocenia ryzyko wezbrania na 39%. Kierunek wpływu: ↓. Pewność (prawdopodobieństwo z RF): 39%.,0,0,0,0
2022-01-17,zima,wysokie,0.818,cos_doy,↑,0.818,cos_doy – model ocenia ryzyko wezbrania na 82%. Kierunek wpływu: ↑. Pewność (prawdopodobieństwo z RF): 82%.,1,1,1,1
2022-01-18,zima,wysokie,0.72,cos_doy,↓,0.72,cos_doy – model ocenia ryzyko wezbrania na 72%. Kierunek wpływu: ↓. Pewność (prawdopodobieństwo z RF): 72%.,1,1,1,1
2022-01-19,zima,niskie,0.434,cos_doy,↓,0.434,cos_doy – model ocenia ryzyko wezbrania na 43%. Kierunek wpływu: ↓. Pewność (prawdopodobieństwo z RF): 43%.,0,0,0,0
2022-01-20,zima,średnie,0.645,cos_doy,↑,0.645,cos_doy – model ocenia ryzyko wezbrania na 65%. Kierunek wpływu: ↑. Pewność (prawdopodobieństwo z RF): 65%.,1,1,1,1
2022-01-21,zima,średnie,0.617,cos_doy,↓,0.617,cos_doy – model ocenia ryzyko wezbrania na 62%. Kierunek wpływu: ↓. Pewność (prawdopodobieństwo z RF): 62%.,1,1,1,1
2022-01-22,zima,wysokie,0.732,cos_doy,↑,0.732,cos_doy – model ocenia ryzyko wezbrania na 73%. Kierunek wpływu: ↑. Pewność (prawdopodobieństwo z RF): 73%.,1,1,1,1
2022-01-23,zima,niskie,0.288,cos_doy,↓,0.288,cos_doy – model ocenia ryzyko wezbrania na 29%. Kierunek wpływu: ↓. Pewność (prawdopodobieństwo z RF): 29%.,0,0,0,0
2022-01-24,zima,niskie,0.178,cos_doy,↓,0.178,cos_doy – model ocenia ryzyko wezbrania na 18%. Kierunek wpływu: ↓. Pewność (prawdopodobieństwo z RF): 18%.,0,0,0,0
2022-01-25,zima,niskie,0.211,cos_doy,↑,0.211,cos_doy – model ocenia ryzyko wezbrania na 21%. Kierunek wpływu: ↑. Pewność (prawdopodobieństwo z RF): 21%.,0,0,0,0
2022-01-26,zima,niskie,0.424,cos_doy,↑,0.424,cos_doy – model ocenia ryzyko wezbrania na 42%. Kierunek wpływu: ↑. Pewność (prawdopodobieństwo z RF): 42%.,0,0,0,0
2022-01-27,zima,wysokie,0.682,cos_doy,↑,0.682,cos_doy – model ocenia ryzyko wezbrania na 68%. Kierunek wpływu: ↑. Pewność (prawdopodobieństwo z RF): 68%.,0,1,0,0
2022-01-28,zima,wysokie,0.889,cos_doy,↑,0.889,cos_doy – model ocenia ryzyko wezbrania na 89%. Kierunek wpływu: ↑. Pewność (prawdopodobieństwo z RF): 89%.,1,1,1,1
2022-01-29,zima,wysokie,0.918,cos_doy,↑,0.918,cos_doy – model ocenia ryzyko wezbrania na 92%. Kierunek wpływu: ↑. Pewność (prawdopodobieństwo z RF): 92%.,1,1,0,1
2022-01-30,zima,wysokie,0.922,cos_doy,↑,0.922,cos_doy – model ocenia ryzyko wezbrania na 92%. Kierunek wpływu: ↑. Pewność (prawdopodobieństwo z RF): 92%.,1,1,1,1
2022-01-31,zima,wysokie,0.821,cos_doy,↓,0.821,cos_doy – model ocenia ryzyko wezbrania na 82%. Kierunek wpływu: ↓. Pewność (prawdopodobieństwo z RF): 82%.,1,1,1,1
2022-02-01,zima,wysokie,0.822,cos_doy,↑,0.822,cos_doy – model ocenia ryzyko wezbrania na 82%. Kierunek wpływu: ↑. Pewność (prawdopodobieństwo z RF): 82%.,1,1,1,1
2022-02-02,zima,wysokie,0.905,cos_doy,↑,0.905,cos_doy – model ocenia ryzyko wezbrania na 91%. Kierunek wpływu: ↑. Pewność (prawdopodobieństwo z RF): 91%.,1,1,1,1
2022-02-03,zima,wysokie,0.873,cos_doy,↓,0.873,cos_doy – model ocenia ryzyko wezbrania na 87%. Kierunek wpływu: ↓. Pewność (prawdopodobieństwo z RF): 87%.,1,1,1,1
2022-02-04,zima,wysokie,0.782,cos_doy,↓,0.782,cos_doy – model ocenia ryzyko wezbrania na 78%. Kierunek wpływu: ↓. Pewność (prawdopodobieństwo z RF): 78%.,0,1,0,0
2022-02-05,zima,wysokie,0.912,cos_doy,↑,0.912,cos_doy – model ocenia ryzyko wezbrania na 91%. Kierunek wpływu: ↑. Pewność (prawdopodobieństwo z RF): 91%.,1,1,1,1
2022-02-06,zima,wysokie,0.929,cos_doy,↑,0.929,cos_doy – model ocenia ryzyko wezbrania na 93%. Kierunek wpływu: ↑. Pewność (prawdopodobieństwo z RF): 93%.,1,1,1,1
2022-02-07,zima,wysokie,0.903,cos_doy,↓,0.903,cos_doy – model ocenia ryzyko wezbrania na 90%. Kierunek wpływu: ↓. Pewność (prawdopodobieństwo z RF): 90%.,1,1,1,1
2022-02-08,zima,wysokie,0.86,cos_doy,↓,0.86,cos_doy – model ocenia ryzyko wezbrania na 86%. Kierunek wpływu: ↓. Pewność (prawdopodobieństwo z RF): 86%.,1,1,1,1
2022-02-09,zima,wysokie,0.654,cos_doy,↓,0.654,cos_doy – model ocenia ryzyko wezbrania na 65%. Kierunek wpływu: ↓. Pewność (prawdopodobieństwo z RF): 65%.,1,1,1,1
2022-02-10,zima,wysokie,0.673,cos_doy,↑,0.673,cos_doy – model ocenia ryzyko wezbrania na 67%. Kierunek wpływu: ↑. Pewność (prawdopodobieństwo z RF): 67%.,1,1,0,1
2022-02-11,zima,wysokie,0.851,cos_doy,↑,0.851,cos_doy – model ocenia ryzyko wezbrania na 85%. Kierunek wpływu: ↑. Pewność (prawdopodobieństwo z RF): 85%.,1,1,1,1
2022-02-12,zima,wysokie,0.689,cos_doy,↓,0.689,cos_doy – model ocenia ryzyko wezbrania na 69%. Kierunek wpływu: ↓. Pewność (prawdopodobieństwo z RF): 69%.,1,1,1,1
2022-02-13,zima,niskie,0.473,cos_doy,↓,0.473,cos_doy – model ocenia ryzyko wezbrania na 47%. Kierunek wpływu: ↓. Pewność (prawdopodobieństwo z RF): 47%.,0,0,0,0
2022-02-14,zima,niskie,0.494,cos_doy,↑,0.494,cos_doy – model ocenia ryzyko wezbrania na 49%. Kierunek wpływu: ↑. Pewność (prawdopodobieństwo z RF): 49%.,0,0,0,0
2022-02-15,zima,średnie,0.636,cos_doy,↑,0.636,cos_doy – model ocenia ryzyko wezbrania na 64%. Kierunek wpływu: ↑. Pewność (prawdopodobieństwo z RF): 64%.,1,1,0,1
2022-02-16,zima,wysokie,0.79,cos_doy,↑,0.79,cos_doy – model ocenia ryzyko wezbrania na 79%. Kierunek wpływu: ↑. Pewność (prawdopodobieństwo z RF): 79%.,1,1,0,1
2022-02-17,zima,wysokie,0.897,cos_doy,↑,0.897,cos_doy – model ocenia ryzyko wezbrania na 90%. Kierunek wpływu: ↑. Pewność (prawdopodobieństwo z RF): 90%.,1,1,1,1
2022-02-18,zima,wysokie,0.925,cos_doy,↑,0.925,cos_doy – model ocenia ryzyko wezbrania na 93%. Kierunek wpływu: ↑. Pewność (prawdopodobieństwo z RF): 93%.,1,1,1,1
2022-02-19,zima,wysokie,0.939,cos_doy,↑,0.939,cos_doy – model ocenia ryzyko wezbrania na 94%. Kierunek wpływu: ↑. Pewność (prawdopodobieństwo z RF): 94%.,1,1,1,1
2022-02-20,zima,wysokie,0.96,cos_doy,↑,0.96,cos_doy – model ocenia ryzyko wezbrania na 96%. Kierunek wpływu: ↑. Pewność (prawdopodobieństwo z RF): 96%.,1,1,1,1
2022-02-21,zima,wysokie,0.877,cos_doy,↓,0.877,cos_doy – model ocenia ryzyko wezbrania na 88%. Kierunek wpływu: ↓. Pewność (prawdopodobieństwo z RF): 88%.,1,1,1,1
2022-02-22,zima,wysokie,0.947,cos_doy,↑,0.947,cos_doy – model ocenia ryzyko wezbrania na 95%. Kierunek wpływu: ↑. Pewność (prawdopodobieństwo z RF): 95%.,1,1,1,1
2022-02-23,zima,wysokie,0.911,cos_doy,↓,0.911,cos_doy – model ocenia ryzyko wezbrania na 91%. Kierunek wpływu: ↓. Pewność (prawdopodobieństwo z RF): 91%.,1,1,1,1
2022-02-24,zima,wysokie,0.667,cos_doy,↓,0.667,cos_doy – model ocenia ryzyko wezbrania na 67%. Kierunek wpływu: ↓. Pewność (prawdopodobieństwo z RF): 67%.,0,1,0,0
2022-02-25,zima,wysokie,0.712,cos_doy,↑,0.712,cos_doy – model ocenia ryzyko wezbrania na 71%. Kierunek wpływu: ↑. Pewność (prawdopodobieństwo z RF): 71%.,1,1,1,1
2022-02-26,zima,wysokie,0.686,cos_doy,↓,0.686,cos_doy – model ocenia ryzyko wezbrania na 69%. Kierunek wpływu: ↓. Pewność (prawdopodobieństwo z RF): 69%.,1,1,1,1
2022-02-27,zima,średnie,0.542,cos_doy,↓,0.542,cos_doy – model ocenia ryzyko wezbrania na 54%. Kierunek wpływu: ↓. Pewność (prawdopodobieństwo z RF): 54%.,1,1,1,1
2022-02-28,zima,niskie,0.424,cos_doy,↓,0.424,cos_doy – model ocenia ryzyko wezbrania na 42%. Kierunek wpływu: ↓. Pewność (prawdopodobieństwo z RF): 42%.,1,1,0,1
2022-03-01,wiosna,niskie,0.269,cos_doy,↓,0.269,cos_doy – model ocenia ryzyko wezbrania na 27%. Kierunek wpływu: ↓. Pewność (prawdopodobieństwo z RF): 27%.,0,0,0,0
2022-03-02,wiosna,średnie,0.565,cos_doy,↑,0.565,cos_doy – model ocenia ryzyko wezbrania na 57%. Kierunek wpływu: ↑. Pewność (prawdopodobieństwo z RF): 57%.,1,1,0,1
2022-03-03,wiosna,średnie,0.526,cos_doy,↓,0.526,cos_doy – model ocenia ryzyko wezbrania na 53%. Kierunek wpływu: ↓. Pewność (prawdopodobieństwo z RF): 53%.,1,1,1,1
2022-03-04,wiosna,średnie,0.566,cos_doy,↑,0.566,cos_doy – model ocenia ryzyko wezbrania na 57%. Kierunek wpływu: ↑. Pewność (prawdopodobieństwo z RF): 57%.,1,1,1,1
2022-03-05,wiosna,niskie,0.113,cos_doy,↓,0.113,cos_doy – model ocenia ryzyko wezbrania na 11%. Kierunek wpływu: ↓. Pewność (prawdopodobieństwo z RF): 11%.,0,0,0,0
2022-03-06,wiosna,niskie,0.08,cos_doy,↓,0.08,cos_doy – model ocenia ryzyko wezbrania na 8%. Kierunek wpływu: ↓. Pewność (prawdopodobieństwo z RF): 8%.,0,0,0,0
2022-03-07,wiosna,niskie,0.11,cos_doy,↑,0.11,cos_doy – model ocenia ryzyko wezbrania na 11%. Kierunek wpływu: ↑. Pewność (prawdopodobieństwo z RF): 11%.,0,0,0,0
2022-03-08,wiosna,niskie,0.083,cos_doy,↓,0.083,cos_doy – model ocenia ryzyko wezbrania na 8%. Kierunek wpływu: ↓. Pewność (prawdopodobieństwo z RF): 8%.,0,0,0,0
2022-03-09,wiosna,niskie,0.106,cos_doy,↑,0.106,cos_doy – model ocenia ryzyko wezbrania na 11%. Kierunek wpływu: ↑. Pewność (prawdopodobieństwo z RF): 11%.,0,0,0,0
2022-03-10,wiosna,niskie,0.285,cos_doy,↑,0.285,cos_doy – model ocenia ryzyko wezbrania na 28%. Kierunek wpływu: ↑. Pewność (prawdopodobieństwo z RF): 28%.,0,0,0,0
2022-03-11,wiosna,niskie,0.156,cos_doy,↓,0.156,cos_doy – model ocenia ryzyko wezbrania na 16%. Kierunek wpływu: ↓. Pewność (prawdopodobieństwo z RF): 16%.,0,0,0,0
2022-03-12,wiosna,niskie,0.12,cos_doy,↓,0.12,cos_doy – model ocenia ryzyko wezbrania na 12%. Kierunek wpływu: ↓. Pewność (prawdopodobieństwo z RF): 12%.,0,0,0,0
2022-03-13,wiosna,niskie,0.159,cos_doy,↑,0.159,cos_doy – model ocenia ryzyko wezbrania na 16%. Kierunek wpływu: ↑. Pewność (prawdopodobieństwo z RF): 16%.,0,0,0,0
2022-03-14,wiosna,niskie,0.119,cos_doy,↓,0.119,cos_doy – model ocenia ryzyko wezbrania na 12%. Kierunek wpływu: ↓. Pewność (prawdopodobieństwo z RF): 12%.,0,0,0,0
2022-03-15,wiosna,niskie,0.111,cos_doy,↓,0.111,cos_doy – model ocenia ryzyko wezbrania na 11%. Kierunek wpływu: ↓. Pewność (prawdopodobieństwo z RF): 11%.,0,0,0,0
2022-03-16,wiosna,niskie,0.136,cos_doy,↑,0.136,cos_doy – model ocenia ryzyko wezbrania na 14%. Kierunek wpływu: ↑. Pewność (prawdopodobieństwo z RF): 14%.,0,0,0,0
2022-03-17,wiosna,niskie,0.11,cos_doy,↓,0.11,cos_doy – model ocenia ryzyko wezbrania na 11%. Kierunek wpływu: ↓. Pewność (prawdopodobieństwo z RF): 11%.,0,0,0,0
2022-03-18,wiosna,niskie,0.218,cos_doy,↑,0.218,cos_doy – model ocenia ryzyko wezbrania na 22%. Kierunek wpływu: ↑. Pewność (prawdopodobieństwo z RF): 22%.,0,0,0,0
2022-03-19,wiosna,niskie,0.16,cos_doy,↓,0.16,cos_doy – model ocenia ryzyko wezbrania na 16%. Kierunek wpływu: ↓. Pewność (prawdopodobieństwo z RF): 16%.,0,0,0,0
2022-03-20,wiosna,niskie,0.138,cos_doy,↓,0.138,cos_doy – model ocenia ryzyko wezbrania na 14%. Kierunek wpływu: ↓. Pewność (prawdopodobieństwo z RF): 14%.,0,0,0,0
2022-03-21,wiosna,niskie,0.106,cos_doy,↓,0.106,cos_doy – model ocenia ryzyko wezbrania na 11%. Kierunek wpływu: ↓. Pewność (prawdopodobieństwo z RF): 11%.,0,0,0,0
2022-03-22,wiosna,niskie,0.153,cos_doy,↑,0.153,cos_doy – model ocenia ryzyko wezbrania na 15%. Kierunek wpływu: ↑. Pewność (prawdopodobieństwo z RF): 15%.,0,0,0,0
2022-03-23,wiosna,niskie,0.221,cos_doy,↑,0.221,cos_doy – model ocenia ryzyko wezbrania na 22%. Kierunek wpływu: ↑. Pewność (prawdopodobieństwo z RF): 22%.,0,0,0,0
2022-03-24,wiosna,niskie,0.171,cos_doy,↓,0.171,cos_doy – model ocenia ryzyko wezbrania na 17%. Kierunek wpływu: ↓. Pewność (prawdopodobieństwo z RF): 17%.,0,0,0,0
2022-03-25,wiosna,niskie,0.112,cos_doy,↓,0.112,cos_doy – model ocenia ryzyko wezbrania na 11%. Kierunek wpływu: ↓. Pewność (prawdopodobieństwo z RF): 11%.,0,0,0,0
2022-03-26,wiosna,niskie,0.203,cos_doy,↑,0.203,cos_doy – model ocenia ryzyko wezbrania na 20%. Kierunek wpływu: ↑. Pewność (prawdopodobieństwo z RF): 20%.,0,0,0,0
2022-03-27,wiosna,niskie,0.189,cos_doy,↓,0.189,cos_doy – model ocenia ryzyko wezbrania na 19%. Kierunek wpływu: ↓. Pewność (prawdopodobieństwo z RF): 19%.,0,0,0,0
2022-03-28,wiosna,niskie,0.248,cos_doy,↑,0.248,cos_doy – model ocenia ryzyko wezbrania na 25%. Kierunek wpływu: ↑. Pewność (prawdopodobieństwo z RF): 25%.,0,0,0,0
2022-03-29,wiosna,niskie,0.214,cos_doy,↓,0.214,cos_doy – model ocenia ryzyko wezbrania na 21%. Kierunek wpływu: ↓. Pewność (prawdopodobieństwo z RF): 21%.,0,0,0,0
2022-03-30,wiosna,niskie,0.204,cos_doy,↓,0.204,cos_doy – model ocenia ryzyko wezbrania na 20%. Kierunek wpływu: ↓. Pewność (prawdopodobieństwo z RF): 20%.,0,0,0,0
2022-03-31,wiosna,niskie,0.076,cos_doy,↓,0.076,cos_doy – model ocenia ryzyko wezbrania na 8%. Kierunek wpływu: ↓. Pewność (prawdopodobieństwo z RF): 8%.,0,0,0,0
2022-04-01,wiosna,niskie,0.094,cos_doy,↑,0.094,cos_doy – model ocenia ryzyko wezbrania na 9%. Kierunek wpływu: ↑. Pewność (prawdopodobieństwo z RF): 9%.,0,0,0,0
2022-04-02,wiosna,niskie,0.098,cos_doy,↑,0.098,cos_doy – model ocenia ryzyko wezbrania na 10%. Kierunek wpływu: ↑. Pewność (prawdopodobieństwo z RF): 10%.,0,0,0,0
2022-04-03,wiosna,niskie,0.088,cos_doy,↓,0.088,cos_doy – model ocenia ryzyko wezbrania na 9%. Kierunek wpływu: ↓. Pewność (prawdopodobieństwo z RF): 9%.,0,0,0,0
2022-04-04,wiosna,niskie,0.238,cos_doy,↑,0.238,cos_doy – model ocenia ryzyko wezbrania na 24%. Kierunek wpływu: ↑. Pewność (prawdopodobieństwo z RF): 24%.,0,0,0,0
2022-04-05,wiosna,niskie,0.333,cos_doy,↑,0.333,cos_doy – model ocenia ryzyko wezbrania na 33%. Kierunek wpływu: ↑. Pewność (prawdopodobieństwo z RF): 33%.,0,0,0,0
2022-04-06,wiosna,niskie,0.26,cos_doy,↓,0.26,cos_doy – model ocenia ryzyko wezbrania na 26%. Kierunek wpływu: ↓. Pewność (prawdopodobieństwo z RF): 26%.,0,0,0,0
2022-04-07,wiosna,niskie,0.337,cos_doy,↑,0.337,cos_doy – model ocenia ryzyko wezbrania na 34%. Kierunek wpływu: ↑. Pewność (prawdopodobieństwo z RF): 34%.,0,0,0,0
2022-04-08,wiosna,niskie,0.225,cos_doy,↓,0.225,cos_doy – model ocenia ryzyko wezbrania na 23%. Kierunek wpływu: ↓. Pewność (prawdopodobieństwo z RF): 23%.,0,0,0,0
2022-04-09,wiosna,niskie,0.299,cos_doy,↑,0.299,cos_doy – model ocenia ryzyko wezbrania na 30%. Kierunek wpływu: ↑. Pewność (prawdopodobieństwo z RF): 30%.,0,0,0,0
2022-04-10,wiosna,niskie,0.258,cos_doy,↓,0.258,cos_doy – model ocenia ryzyko wezbrania na 26%. Kierunek wpływu: ↓. Pewność (prawdopodobieństwo z RF): 26%.,0,0,0,0
2022-04-11,wiosna,niskie,0.165,cos_doy,↓,0.165,cos_doy – model ocenia ryzyko wezbrania na 16%. Kierunek wpływu: ↓. Pewność (prawdopodobieństwo z RF): 16%.,0,0,0,0
2022-04-12,wiosna,niskie,0.113,cos_doy,↓,0.113,cos_doy – model ocenia ryzyko wezbrania na 11%. Kierunek wpływu: ↓. Pewność (prawdopodobieństwo z RF): 11%.,0,0,0,0
2022-04-13,wiosna,niskie,0.071,cos_doy,↓,0.071,cos_doy – model ocenia ryzyko wezbrania na 7%. Kierunek wpływu: ↓. Pewność (prawdopodobieństwo z RF): 7%.,0,0,0,0
2022-04-14,wiosna,niskie,0.028,cos_doy,↓,0.028,cos_doy – model ocenia ryzyko wezbrania na 3%. Kierunek wpływu: ↓. Pewność (prawdopodobieństwo z RF): 3%.,0,0,0,0
2022-04-15,wiosna,niskie,0.14,cos_doy,↑,0.14,cos_doy – model ocenia ryzyko wezbrania na 14%. Kierunek wpływu: ↑. Pewność (prawdopodobieństwo z RF): 14%.,0,0,0,0
2022-04-16,wiosna,niskie,0.19,cos_doy,↑,0.19,cos_doy – model ocenia ryzyko wezbrania na 19%. Kierunek wpływu: ↑. Pewność (prawdopodobieństwo z RF): 19%.,0,0,0,0
2022-04-17,wiosna,niskie,0.063,cos_doy,↓,0.063,cos_doy – model ocenia ryzyko wezbrania na 6%. Kierunek wpływu: ↓. Pewność (prawdopodobieństwo z RF): 6%.,0,0,0,0
2022-04-18,wiosna,niskie,0.119,cos_doy,↑,0.119,cos_doy – model ocenia ryzyko wezbrania na 12%. Kierunek wpływu: ↑. Pewność (prawdopodobieństwo z RF): 12%.,0,0,0,0
2022-04-19,wiosna,niskie,0.158,cos_doy,↑,0.158,cos_doy – model ocenia ryzyko wezbrania na 16%. Kierunek wpływu: ↑. Pewność (prawdopodobieństwo z RF): 16%.,0,0,0,0
2022-04-20,wiosna,niskie,0.054,cos_doy,↓,0.054,cos_doy – model ocenia ryzyko wezbrania na 5%. Kierunek wpływu: ↓. Pewność (prawdopodobieństwo z RF): 5%.,0,0,0,0
2022-04-21,wiosna,niskie,0.056,cos_doy,↑,0.056,cos_doy – model ocenia ryzyko wezbrania na 6%. Kierunek wpływu: ↑. Pewność (prawdopodobieństwo z RF): 6%.,0,0,0,0
2022-04-22,wiosna,niskie,0.02,cos_doy,↓,0.02,cos_doy – model ocenia ryzyko wezbrania na 2%. Kierunek wpływu: ↓. Pewność (prawdopodobieństwo z RF): 2%.,0,0,0,0
2022-04-23,wiosna,niskie,0.021,cos_doy,↑,0.021,cos_doy – model ocenia ryzyko wezbrania na 2%. Kierunek wpływu: ↑. Pewność (prawdopodobieństwo z RF): 2%.,0,0,0,0
2022-04-24,wiosna,niskie,0.035,cos_doy,↑,0.035,cos_doy – model ocenia ryzyko wezbrania na 3%. Kierunek wpływu: ↑. Pewność (prawdopodobieństwo z RF): 3%.,0,0,0,0
2022-04-25,wiosna,niskie,0.138,cos_doy,↑,0.138,cos_doy – model ocenia ryzyko wezbrania na 14%. Kierunek wpływu: ↑. Pewność (prawdopodobieństwo z RF): 14%.,0,0,0,0
2022-04-26,wiosna,niskie,0.05,cos_doy,↓,0.05,cos_doy – model ocenia ryzyko wezbrania na 5%. Kierunek wpływu: ↓. Pewność (prawdopodobieństwo z RF): 5%.,0,0,0,0
2022-04-27,wiosna,niskie,0.087,cos_doy,↑,0.087,cos_doy – model ocenia ryzyko wezbrania na 9%. Kierunek wpływu: ↑. Pewność (prawdopodobieństwo z RF): 9%.,0,0,0,0
2022-04-28,wiosna,niskie,0.094,cos_doy,↑,0.094,cos_doy – model ocenia ryzyko wezbrania na 9%. Kierunek wpływu: ↑. Pewność (prawdopodobieństwo z RF): 9%.,0,0,0,0
2022-04-29,wiosna,niskie,0.06,cos_doy,↓,0.06,cos_doy – model ocenia ryzyko wezbrania na 6%. Kierunek wpływu: ↓. Pewność (prawdopodobieństwo z RF): 6%.,0,0,0,0
2022-04-30,wiosna,niskie,0.032,cos_doy,↓,0.032,cos_doy – model ocenia ryzyko wezbrania na 3%. Kierunek wpływu: ↓. Pewność (prawdopodobieństwo z RF): 3%.,0,0,0,0
2022-05-01,wiosna,niskie,0.008,cos_doy,↓,0.008,cos_doy – model ocenia ryzyko wezbrania na 1%. Kierunek wpływu: ↓. Pewność (prawdopodobieństwo z RF): 1%.,0,0,0,0
2022-05-02,wiosna,niskie,0.058,cos_doy,↑,0.058,cos_doy – model ocenia ryzyko wezbrania na 6%. Kierunek wpływu: ↑. Pewność (prawdopodobieństwo z RF): 6%.,0,0,0,0
2022-05-03,wiosna,niskie,0.064,cos_doy,↑,0.064,cos_doy – model ocenia ryzyko wezbrania na 6%. Kierunek wpływu: ↑. Pewność (prawdopodobieństwo z RF): 6%.,0,0,0,0
2022-05-04,wiosna,niskie,0.058,cos_doy,↓,0.058,cos_doy – model ocenia ryzyko wezbrania na 6%. Kierunek wpływu: ↓. Pewność (prawdopodobieństwo z RF): 6%.,0,0,0,0
2022-05-05,wiosna,niskie,0.064,cos_doy,↑,0.064,cos_doy – model ocenia ryzyko wezbrania na 6%. Kierunek wpływu: ↑. Pewność (prawdopodobieństwo z RF): 6%.,0,0,0,0
2022-05-06,wiosna,niskie,0.025,cos_doy,↓,0.025,cos_doy – model ocenia ryzyko wezbrania na 3%. Kierunek wpływu: ↓. Pewność (prawdopodobieństwo z RF): 3%.,0,0,0,0
2022-05-07,wiosna,niskie,0.006,cos_doy,↓,0.006,cos_doy – model ocenia ryzyko wezbrania na 1%. Kierunek wpływu: ↓. Pewność (prawdopodobieństwo z RF): 1%.,0,0,0,0
2022-05-08,wiosna,niskie,0.056,cos_doy,↑,0.056,cos_doy – model ocenia ryzyko wezbrania na 6%. Kierunek wpływu: ↑. Pewność (prawdopodobieństwo z RF): 6%.,0,0,0,0
2022-05-09,wiosna,niskie,0.096,cos_doy,↑,0.096,cos_doy – model ocenia ryzyko wezbrania na 10%. Kierunek wpływu: ↑. Pewność (prawdopodobieństwo z RF): 10%.,0,0,0,0
2022-05-10,wiosna,niskie,0.187,cos_doy,↑,0.187,cos_doy – model ocenia ryzyko wezbrania na 19%. Kierunek wpływu: ↑. Pewność (prawdopodobieństwo z RF): 19%.,0,0,0,0
2022-05-11,wiosna,niskie,0.161,cos_doy,↓,0.161,cos_doy – model ocenia ryzyko wezbrania na 16%. Kierunek wpływu: ↓. Pewność (prawdopodobieństwo z RF): 16%.,0,0,0,0
2022-05-12,wiosna,niskie,0.171,cos_doy,↑,0.171,cos_doy – model ocenia ryzyko wezbrania na 17%. Kierunek wpływu: ↑. Pewność (prawdopodobieństwo z RF): 17%.,0,0,0,0
2022-05-13,wiosna,niskie,0.057,cos_doy,↓,0.057,cos_doy – model ocenia ryzyko wezbrania na 6%. Kierunek wpływu: ↓. Pewność (prawdopodobieństwo z RF): 6%.,0,0,0,0
2022-05-14,wiosna,niskie,0.076,cos_doy,↑,0.076,cos_doy – model ocenia ryzyko wezbrania na 8%. Kierunek wpływu: ↑. Pewność (prawdopodobieństwo z RF): 8%.,0,0,0,0
2022-05-15,wiosna,niskie,0.073,cos_doy,↓,0.073,cos_doy – model ocenia ryzyko wezbrania na 7%. Kierunek wpływu: ↓. Pewność (prawdopodobieństwo z RF): 7%.,0,0,0,0
2022-05-16,wiosna,niskie,0.012,cos_doy,↓,0.012,cos_doy – model ocenia ryzyko wezbrania na 1%. Kierunek wpływu: ↓. Pewność (prawdopodobieństwo z RF): 1%.,0,0,0,0
2022-05-17,wiosna,niskie,0.037,cos_doy,↑,0.037,cos_doy – model ocenia ryzyko wezbrania na 4%. Kierunek wpływu: ↑. Pewność (prawdopodobieństwo z RF): 4%.,0,0,0,0
2022-05-18,wiosna,niskie,0.032,cos_doy,↓,0.032,cos_doy – model ocenia ryzyko wezbrania na 3%. Kierunek wpływu: ↓. Pewność (prawdopodobieństwo z RF): 3%.,0,0,0,0
2022-05-19,wiosna,niskie,0.025,cos_doy,↓,0.025,cos_doy – model ocenia ryzyko wezbrania na 2%. Kierunek wpływu: ↓. Pewność (prawdopodobieństwo z RF): 2%.,0,0,0,0
2022-05-20,wiosna,niskie,0.06,cos_doy,↑,0.06,cos_doy – model ocenia ryzyko wezbrania na 6%. Kierunek wpływu: ↑. Pewność (prawdopodobieństwo z RF): 6%.,0,0,0,0
2022-05-21,wiosna,niskie,0.439,cos_doy,↑,0.439,cos_doy – model ocenia ryzyko wezbrania na 44%. Kierunek wpływu: ↑. Pewność (prawdopodobieństwo z RF): 44%.,1,1,1,0
2022-05-22,wiosna,niskie,0.092,cos_doy,↓,0.092,cos_doy – model ocenia ryzyko wezbrania na 9%. Kierunek wpływu: ↓. Pewność (prawdopodobieństwo z RF): 9%.,0,0,0,0
2022-05-23,wiosna,niskie,0.064,cos_doy,↓,0.064,cos_doy – model ocenia ryzyko wezbrania na 6%. Kierunek wpływu: ↓. Pewność (prawdopodobieństwo z RF): 6%.,0,0,0,0
2022-05-24,wiosna,niskie,0.045,cos_doy,↓,0.045,cos_doy – model ocenia ryzyko wezbrania na 5%. Kierunek wpływu: ↓. Pewność (prawdopodobieństwo z RF): 5%.,0,0,0,0
2022-05-25,wiosna,niskie,0.174,cos_doy,↑,0.174,cos_doy – model ocenia ryzyko wezbrania na 17%. Kierunek wpływu: ↑. Pewność (prawdopodobieństwo z RF): 17%.,0,0,0,0
2022-05-26,wiosna,niskie,0.26,cos_doy,↑,0.26,cos_doy – model ocenia ryzyko wezbrania na 26%. Kierunek wpływu: ↑. Pewność (prawdopodobieństwo z RF): 26%.,0,0,0,0
2022-05-27,wiosna,niskie,0.154,cos_doy,↓,0.154,cos_doy – model ocenia ryzyko wezbrania na 15%. Kierunek wpływu: ↓. Pewność (prawdopodobieństwo z RF): 15%.,0,0,0,0
2022-05-28,wiosna,niskie,0.12,cos_doy,↓,0.12,cos_doy – model ocenia ryzyko wezbrania na 12%. Kierunek wpływu: ↓. Pewność (prawdopodobieństwo z RF): 12%.,0,0,0,0
2022-05-29,wiosna,niskie,0.115,cos_doy,↓,0.115,cos_doy – model ocenia ryzyko wezbrania na 12%. Kierunek wpływu: ↓. Pewność (prawdopodobieństwo z RF): 12%.,0,0,0,0
2022-05-30,wiosna,niskie,0.207,cos_doy,↑,0.207,cos_doy – model ocenia ryzyko wezbrania na 21%. Kierunek wpływu: ↑. Pewność (prawdopodobieństwo z RF): 21%.,0,0,0,0
2022-05-31,wiosna,niskie,0.119,cos_doy,↓,0.119,cos_doy – model ocenia ryzyko wezbrania na 12%. Kierunek wpływu: ↓. Pewność (prawdopodobieństwo z RF): 12%.,0,0,0,0
2022-06-01,lato,niskie,0.117,cos_doy,↓,0.117,cos_doy – model ocenia ryzyko wezbrania na 12%. Kierunek wpływu: ↓. Pewność (prawdopodobieństwo z RF): 12%.,0,0,0,0
2022-06-02,lato,niskie,0.14,cos_doy,↑,0.14,cos_doy – model ocenia ryzyko wezbrania na 14%. Kierunek wpływu: ↑. Pewność (prawdopodobieństwo z RF): 14%.,0,0,0,0
2022-06-03,lato,niskie,0.047,cos_doy,↓,0.047,cos_doy – model ocenia ryzyko wezbrania na 5%. Kierunek wpływu: ↓. Pewność (prawdopodobieństwo z RF): 5%.,0,0,0,0
2022-06-04,lato,niskie,0.033,cos_doy,↓,0.033,cos_doy – model ocenia ryzyko wezbrania na 3%. Kierunek wpływu: ↓. Pewność (prawdopodobieństwo z RF): 3%.,0,0,0,0
2022-06-05,lato,niskie,0.014,cos_doy,↓,0.014,cos_doy – model ocenia ryzyko wezbrania na 1%. Kierunek wpływu: ↓. Pewność (prawdopodobieństwo z RF): 1%.,0,0,0,0
2022-06-06,lato,niskie,0.009,cos_doy,↓,0.009,cos_doy – model ocenia ryzyko wezbrania na 1%. Kierunek wpływu: ↓. Pewność (prawdopodobieństwo z RF): 1%.,0,0,0,0
2022-06-07,lato,niskie,0.038,cos_doy,↑,0.038,cos_doy – model ocenia ryzyko wezbrania na 4%. Kierunek wpływu: ↑. Pewność (prawdopodobieństwo z RF): 4%.,0,0,0,0
2022-06-08,lato,niskie,0.022,cos_doy,↓,0.022,cos_doy – model ocenia ryzyko wezbrania na 2%. Kierunek wpływu: ↓. Pewność (prawdopodobieństwo z RF): 2%.,0,0,0,0
2022-06-09,lato,niskie,0.061,cos_doy,↑,0.061,cos_doy – model ocenia ryzyko wezbrania na 6%. Kierunek wpływu: ↑. Pewność (prawdopodobieństwo z RF): 6%.,0,0,0,0
2022-06-10,lato,niskie,0.111,cos_doy,↑,0.111,cos_doy – model ocenia ryzyko wezbrania na 11%. Kierunek wpływu: ↑. Pewność (prawdopodobieństwo z RF): 11%.,0,0,0,0
2022-06-11,lato,niskie,0.089,cos_doy,↓,0.089,cos_doy – model ocenia ryzyko wezbrania na 9%. Kierunek wpływu: ↓. Pewność (prawdopodobieństwo z RF): 9%.,0,0,0,0
2022-06-12,lato,niskie,0.032,cos_doy,↓,0.032,cos_doy – model ocenia ryzyko wezbrania na 3%. Kierunek wpływu: ↓. Pewność (prawdopodobieństwo z RF): 3%.,0,0,0,0
2022-06-13,lato,niskie,0.064,cos_doy,↑,0.064,cos_doy – model ocenia ryzyko wezbrania na 6%. Kierunek wpływu: ↑. Pewność (prawdopodobieństwo z RF): 6%.,0,0,0,0
2022-06-14,lato,niskie,0.111,cos_doy,↑,0.111,cos_doy – model ocenia ryzyko wezbrania na 11%. Kierunek wpływu: ↑. Pewność (prawdopodobieństwo z RF): 11%.,0,0,0,0
2022-06-15,lato,niskie,0.046,cos_doy,↓,0.046,cos_doy – model ocenia ryzyko wezbrania na 5%. Kierunek wpływu: ↓. Pewność (prawdopodobieństwo z RF): 5%.,0,0,0,0
2022-06-16,lato,niskie,0.017,cos_doy,↓,0.017,cos_doy – model ocenia ryzyko wezbrania na 2%. Kierunek wpływu: ↓. Pewność (prawdopodobieństwo z RF): 2%.,0,0,0,0
2022-06-17,lato,niskie,0.011,cos_doy,↓,0.011,cos_doy – model ocenia ryzyko wezbrania na 1%. Kierunek wpływu: ↓. Pewność (prawdopodobieństwo z RF): 1%.,0,0,0,0
2022-06-18,lato,niskie,0.028,cos_doy,↑,0.028,cos_doy – model ocenia ryzyko wezbrania na 3%. Kierunek wpływu: ↑. Pewność (prawdopodobieństwo z RF): 3%.,0,0,0,0
2022-06-19,lato,niskie,0.087,cos_doy,↑,0.087,cos_doy – model ocenia ryzyko wezbrania na 9%. Kierunek wpływu: ↑. Pewność (prawdopodobieństwo z RF): 9%.,0,0,0,1
2022-06-20,lato,niskie,0.132,cos_doy,↑,0.132,cos_doy – model ocenia ryzyko wezbrania na 13%. Kierunek wpływu: ↑. Pewność (prawdopodobieństwo z RF): 13%.,0,0,0,0
2022-06-21,lato,niskie,0.207,cos_doy,↑,0.207,cos_doy – model ocenia ryzyko wezbrania na 21%. Kierunek wpływu: ↑. Pewność (prawdopodobieństwo z RF): 21%.,0,0,0,0
2022-06-22,lato,niskie,0.134,cos_doy,↓,0.134,cos_doy – model ocenia ryzyko wezbrania na 13%. Kierunek wpływu: ↓. Pewność (prawdopodobieństwo z RF): 13%.,0,0,0,0
2022-06-23,lato,niskie,0.054,cos_doy,↓,0.054,cos_doy – model ocenia ryzyko wezbrania na 5%. Kierunek wpływu: ↓. Pewność (prawdopodobieństwo z RF): 5%.,0,0,0,0
2022-06-24,lato,niskie,0.021,cos_doy,↓,0.021,cos_doy – model ocenia ryzyko wezbrania na 2%. Kierunek wpływu: ↓. Pewność (prawdopodobieństwo z RF): 2%.,0,0,0,0
2022-06-25,lato,niskie,0.033,cos_doy,↑,0.033,cos_doy – model ocenia ryzyko wezbrania na 3%. Kierunek wpływu: ↑. Pewność (prawdopodobieństwo z RF): 3%.,0,0,0,0
2022-06-26,lato,niskie,0.058,cos_doy,↑,0.058,cos_doy – model ocenia ryzyko wezbrania na 6%. Kierunek wpływu: ↑. Pewność (prawdopodobieństwo z RF): 6%.,0,0,0,0
2022-06-27,lato,niskie,0.067,cos_doy,↑,0.067,cos_doy – model ocenia ryzyko wezbrania na 7%. Kierunek wpływu: ↑. Pewność (prawdopodobieństwo z RF): 7%.,0,0,0,0
2022-06-28,lato,niskie,0.069,cos_doy,↑,0.069,cos_doy – model ocenia ryzyko wezbrania na 7%. Kierunek wpływu: ↑. Pewność (prawdopodobieństwo z RF): 7%.,0,0,0,0
2022-06-29,lato,niskie,0.094,cos_doy,↑,0.094,cos_doy – model ocenia ryzyko wezbrania na 9%. Kierunek wpływu: ↑. Pewność (prawdopodobieństwo z RF): 9%.,0,0,0,0
2022-06-30,lato,niskie,0.051,cos_doy,↓,0.051,cos_doy – model ocenia ryzyko wezbrania na 5%. Kierunek wpływu: ↓. Pewność (prawdopodobieństwo z RF): 5%.,0,0,0,0
2022-07-01,lato,niskie,0.035,cos_doy,↓,0.035,cos_doy – model ocenia ryzyko wezbrania na 3%. Kierunek wpływu: ↓. Pewność (prawdopodobieństwo z RF): 3%.,0,0,0,0
2022-07-02,lato,niskie,0.149,cos_doy,↑,0.149,cos_doy – model ocenia ryzyko wezbrania na 15%. Kierunek wpływu: ↑. Pewność (prawdopodobieństwo z RF): 15%.,0,0,0,0
2022-07-03,lato,niskie,0.1,cos_doy,↓,0.1,cos_doy – model ocenia ryzyko wezbrania na 10%. Kierunek wpływu: ↓. Pewność (prawdopodobieństwo z RF): 10%.,0,0,0,0
2022-07-04,lato,niskie,0.074,cos_doy,↓,0.074,cos_doy – model ocenia ryzyko wezbrania na 7%. Kierunek wpływu: ↓. Pewność (prawdopodobieństwo z RF): 7%.,0,0,0,0
2022-07-05,lato,niskie,0.07,cos_doy,↓,0.07,cos_doy – model ocenia ryzyko wezbrania na 7%. Kierunek wpływu: ↓. Pewność (prawdopodobieństwo z RF): 7%.,0,0,0,0
2022-07-06,lato,niskie,0.078,cos_doy,↑,0.078,cos_doy – model ocenia ryzyko wezbrania na 8%. Kierunek wpływu: ↑. Pewność (prawdopodobieństwo z RF): 8%.,0,0,0,0
2022-07-07,lato,niskie,0.052,cos_doy,↓,0.052,cos_doy – model ocenia ryzyko wezbrania na 5%. Kierunek wpływu: ↓. Pewność (prawdopodobieństwo z RF): 5%.,0,0,0,0
2022-07-08,lato,niskie,0.069,cos_doy,↑,0.069,cos_doy – model ocenia ryzyko wezbrania na 7%. Kierunek wpływu: ↑. Pewność (prawdopodobieństwo z RF): 7%.,0,0,0,0
2022-07-09,lato,niskie,0.057,cos_doy,↓,0.057,cos_doy – model ocenia ryzyko wezbrania na 6%. Kierunek wpływu: ↓. Pewność (prawdopodobieństwo z RF): 6%.,0,0,0,0
2022-07-10,lato,niskie,0.102,cos_doy,↑,0.102,cos_doy – model ocenia ryzyko wezbrania na 10%. Kierunek wpływu: ↑. Pewność (prawdopodobieństwo z RF): 10%.,0,1,0,0
2022-07-11,lato,niskie,0.25,cos_doy,↑,0.25,cos_doy – model ocenia ryzyko wezbrania na 25%. Kierunek wpływu: ↑. Pewność (prawdopodobieństwo z RF): 25%.,0,0,0,0
2022-07-12,lato,niskie,0.379,cos_doy,↑,0.379,cos_doy – model ocenia ryzyko wezbrania na 38%. Kierunek wpływu: ↑. Pewność (prawdopodobieństwo z RF): 38%.,1,1,0,1
2022-07-13,lato,niskie,0.039,cos_doy,↓,0.039,cos_doy – model ocenia ryzyko wezbrania na 4%. Kierunek wpływu: ↓. Pewność (prawdopodobieństwo z RF): 4%.,0,0,0,0
2022-07-14,lato,niskie,0.096,cos_doy,↑,0.096,cos_doy – model ocenia ryzyko wezbrania na 10%. Kierunek wpływu: ↑. Pewność (prawdopodobieństwo z RF): 10%.,0,0,0,0
2022-07-15,lato,niskie,0.091,cos_doy,↓,0.091,cos_doy – model ocenia ryzyko wezbrania na 9%. Kierunek wpływu: ↓. Pewność (prawdopodobieństwo z RF): 9%.,0,0,0,0
2022-07-16,lato,średnie,0.526,cos_doy,↑,0.526,cos_doy – model ocenia ryzyko wezbrania na 53%. Kierunek wpływu: ↑. Pewność (prawdopodobieństwo z RF): 53%.,1,1,1,1
2022-07-17,lato,niskie,0.421,cos_doy,↓,0.421,cos_doy – model ocenia ryzyko wezbrania na 42%. Kierunek wpływu: ↓. Pewność (prawdopodobieństwo z RF): 42%.,1,1,1,1
2022-07-18,lato,niskie,0.099,cos_doy,↓,0.099,cos_doy – model ocenia ryzyko wezbrania na 10%. Kierunek wpływu: ↓. Pewność (prawdopodobieństwo z RF): 10%.,0,0,0,0
2022-07-19,lato,niskie,0.018,cos_doy,↓,0.018,cos_doy – model ocenia ryzyko wezbrania na 2%. Kierunek wpływu: ↓. Pewność (prawdopodobieństwo z RF): 2%.,0,0,0,0
2022-07-20,lato,niskie,0.042,cos_doy,↑,0.042,cos_doy – model ocenia ryzyko wezbrania na 4%. Kierunek wpływu: ↑. Pewność (prawdopodobieństwo z RF): 4%.,0,0,0,0
2022-07-21,lato,niskie,0.042,cos_doy,↑,0.042,cos_doy – model ocenia ryzyko wezbrania na 4%. Kierunek wpływu: ↑. Pewność (prawdopodobieństwo z RF): 4%.,0,0,0,0
2022-07-22,lato,niskie,0.016,cos_doy,↓,0.016,cos_doy – model ocenia ryzyko wezbrania na 2%. Kierunek wpływu: ↓. Pewność (prawdopodobieństwo z RF): 2%.,0,0,0,0
2022-07-23,lato,niskie,0.052,cos_doy,↑,0.052,cos_doy – model ocenia ryzyko wezbrania na 5%. Kierunek wpływu: ↑. Pewność (prawdopodobieństwo z RF): 5%.,0,0,0,0
2022-07-24,lato,niskie,0.049,cos_doy,↓,0.049,cos_doy – model ocenia ryzyko wezbrania na 5%. Kierunek wpływu: ↓. Pewność (prawdopodobieństwo z RF): 5%.,0,0,0,0
2022-07-25,lato,niskie,0.086,cos_doy,↑,0.086,cos_doy – model ocenia ryzyko wezbrania na 9%. Kierunek wpływu: ↑. Pewność (prawdopodobieństwo z RF): 9%.,0,0,0,0
2022-07-26,lato,niskie,0.063,cos_doy,↓,0.063,cos_doy – model ocenia ryzyko wezbrania na 6%. Kierunek wpływu: ↓. Pewność (prawdopodobieństwo z RF): 6%.,0,0,0,0
2022-07-27,lato,niskie,0.085,cos_doy,↑,0.085,cos_doy – model ocenia ryzyko wezbrania na 9%. Kierunek wpływu: ↑. Pewność (prawdopodobieństwo z RF): 9%.,0,0,0,0
2022-07-28,lato,niskie,0.074,cos_doy,↓,0.074,cos_doy – model ocenia ryzyko wezbrania na 7%. Kierunek wpływu: ↓. Pewność (prawdopodobieństwo z RF): 7%.,0,0,0,0
2022-07-29,lato,niskie,0.025,cos_doy,↓,0.025,cos_doy – model ocenia ryzyko wezbrania na 2%. Kierunek wpływu: ↓. Pewność (prawdopodobieństwo z RF): 2%.,0,0,0,0
2022-07-30,lato,niskie,0.011,cos_doy,↓,0.011,cos_doy – model ocenia ryzyko wezbrania na 1%. Kierunek wpływu: ↓. Pewność (prawdopodobieństwo z RF): 1%.,0,0,0,0
2022-07-31,lato,niskie,0.023,cos_doy,↑,0.023,cos_doy – model ocenia ryzyko wezbrania na 2%. Kierunek wpływu: ↑. Pewność (prawdopodobieństwo z RF): 2%.,0,0,0,0
2022-08-01,lato,niskie,0.018,cos_doy,↓,0.018,cos_doy – model ocenia ryzyko wezbrania na 2%. Kierunek wpływu: ↓. Pewność (prawdopodobieństwo z RF): 2%.,0,0,0,0
2022-08-02,lato,niskie,0.034,cos_doy,↑,0.034,cos_doy – model ocenia ryzyko wezbrania na 3%. Kierunek wpływu: ↑. Pewność (prawdopodobieństwo z RF): 3%.,0,0,0,0
2022-08-03,lato,niskie,0.082,cos_doy,↑,0.082,cos_doy – model ocenia ryzyko wezbrania na 8%. Kierunek wpływu: ↑. Pewność (prawdopodobieństwo z RF): 8%.,0,0,0,0
2022-08-04,lato,niskie,0.049,cos_doy,↓,0.049,cos_doy – model ocenia ryzyko wezbrania na 5%. Kierunek wpływu: ↓. Pewność (prawdopodobieństwo z RF): 5%.,0,0,0,0
2022-08-05,lato,niskie,0.038,cos_doy,↓,0.038,cos_doy – model ocenia ryzyko wezbrania na 4%. Kierunek wpływu: ↓. Pewność (prawdopodobieństwo z RF): 4%.,0,0,0,0
2022-08-06,lato,niskie,0.174,cos_doy,↑,0.174,cos_doy – model ocenia ryzyko wezbrania na 17%. Kierunek wpływu: ↑. Pewność (prawdopodobieństwo z RF): 17%.,0,0,0,0
2022-08-07,lato,niskie,0.042,cos_doy,↓,0.042,cos_doy – model ocenia ryzyko wezbrania na 4%. Kierunek wpływu: ↓. Pewność (prawdopodobieństwo z RF): 4%.,0,0,0,0
2022-08-08,lato,niskie,0.016,cos_doy,↓,0.016,cos_doy – model ocenia ryzyko wezbrania na 2%. Kierunek wpływu: ↓. Pewność (prawdopodobieństwo z RF): 2%.,0,0,0,0
2022-08-09,lato,niskie,0.014,cos_doy,↓,0.014,cos_doy – model ocenia ryzyko wezbrania na 1%. Kierunek wpływu: ↓. Pewność (prawdopodobieństwo z RF): 1%.,0,0,0,0
2022-08-10,lato,niskie,0.012,cos_doy,↓,0.012,cos_doy – model ocenia ryzyko wezbrania na 1%. Kierunek wpływu: ↓. Pewność (prawdopodobieństwo z RF): 1%.,0,0,0,0
2022-08-11,lato,niskie,0.007,cos_doy,↓,0.007,cos_doy – model ocenia ryzyko wezbrania na 1%. Kierunek wpływu: ↓. Pewność (prawdopodobieństwo z RF): 1%.,0,0,0,0
2022-08-12,lato,niskie,0.009,cos_doy,↑,0.009,cos_doy – model ocenia ryzyko wezbrania na 1%. Kierunek wpływu: ↑. Pewność (prawdopodobieństwo z RF): 1%.,0,0,0,0
2022-08-13,lato,niskie,0.075,cos_doy,↑,0.075,cos_doy – model ocenia ryzyko wezbrania na 7%. Kierunek wpływu: ↑. Pewność (prawdopodobieństwo z RF): 7%.,0,0,0,0
2022-08-14,lato,niskie,0.073,cos_doy,↓,0.073,cos_doy – model ocenia ryzyko wezbrania na 7%. Kierunek wpływu: ↓. Pewność (prawdopodobieństwo z RF): 7%.,0,0,0,0
2022-08-15,lato,niskie,0.123,cos_doy,↑,0.123,cos_doy – model ocenia ryzyko wezbrania na 12%. Kierunek wpływu: ↑. Pewność (prawdopodobieństwo z RF): 12%.,0,1,0,0
2022-08-16,lato,niskie,0.126,cos_doy,↑,0.126,cos_doy – model ocenia ryzyko wezbrania na 13%. Kierunek wpływu: ↑. Pewność (prawdopodobieństwo z RF): 13%.,0,0,0,0
2022-08-17,lato,niskie,0.109,cos_doy,↓,0.109,cos_doy – model ocenia ryzyko wezbrania na 11%. Kierunek wpływu: ↓. Pewność (prawdopodobieństwo z RF): 11%.,0,0,0,0
2022-08-18,lato,niskie,0.054,cos_doy,↓,0.054,cos_doy – model ocenia ryzyko wezbrania na 5%. Kierunek wpływu: ↓. Pewność (prawdopodobieństwo z RF): 5%.,0,0,0,0
2022-08-19,lato,niskie,0.016,cos_doy,↓,0.016,cos_doy – model ocenia ryzyko wezbrania na 2%. Kierunek wpływu: ↓. Pewność (prawdopodobieństwo z RF): 2%.,0,0,0,0
2022-08-20,lato,niskie,0.08,cos_doy,↑,0.08,cos_doy – model ocenia ryzyko wezbrania na 8%. Kierunek wpływu: ↑. Pewność (prawdopodobieństwo z RF): 8%.,0,0,0,0
2022-08-21,lato,niskie,0.187,cos_doy,↑,0.187,cos_doy – model ocenia ryzyko wezbrania na 19%. Kierunek wpływu: ↑. Pewność (prawdopodobieństwo z RF): 19%.,0,0,0,0
2022-08-22,lato,niskie,0.184,cos_doy,↓,0.184,cos_doy – model ocenia ryzyko wezbrania na 18%. Kierunek wpływu: ↓. Pewność (prawdopodobieństwo z RF): 18%.,0,0,0,0
2022-08-23,lato,niskie,0.114,cos_doy,↓,0.114,cos_doy – model ocenia ryzyko wezbrania na 11%. Kierunek wpływu: ↓. Pewność (prawdopodobieństwo z RF): 11%.,0,0,0,0
2022-08-24,lato,niskie,0.077,cos_doy,↓,0.077,cos_doy – model ocenia ryzyko wezbrania na 8%. Kierunek wpływu: ↓. Pewność (prawdopodobieństwo z RF): 8%.,0,0,0,0
2022-08-25,lato,niskie,0.065,cos_doy,↓,0.065,cos_doy – model ocenia ryzyko wezbrania na 6%. Kierunek wpływu: ↓. Pewność (prawdopodobieństwo z RF): 6%.,0,0,0,0
2022-08-26,lato,niskie,0.043,cos_doy,↓,0.043,cos_doy – model ocenia ryzyko wezbrania na 4%. Kierunek wpływu: ↓. Pewność (prawdopodobieństwo z RF): 4%.,0,0,0,0
2022-08-27,lato,niskie,0.022,cos_doy,↓,0.022,cos_doy – model ocenia ryzyko wezbrania na 2%. Kierunek wpływu: ↓. Pewność (prawdopodobieństwo z RF): 2%.,0,0,0,0
2022-08-28,lato,niskie,0.021,cos_doy,↓,0.021,cos_doy – model ocenia ryzyko wezbrania na 2%. Kierunek wpływu: ↓. Pewność (prawdopodobieństwo z RF): 2%.,0,0,0,0
2022-08-29,lato,niskie,0.019,cos_doy,↓,0.019,cos_doy – model ocenia ryzyko wezbrania na 2%. Kierunek wpływu: ↓. Pewność (prawdopodobieństwo z RF): 2%.,0,0,0,0
2022-08-30,lato,niskie,0.138,cos_doy,↑,0.138,cos_doy – model ocenia ryzyko wezbrania na 14%. Kierunek wpływu: ↑. Pewność (prawdopodobieństwo z RF): 14%.,0,0,0,1
2022-08-31,lato,niskie,0.185,cos_doy,↑,0.185,cos_doy – model ocenia ryzyko wezbrania na 19%. Kierunek wpływu: ↑. Pewność (prawdopodobieństwo z RF): 19%.,0,0,0,0
2022-09-01,jesien,niskie,0.238,cos_doy,↑,0.238,cos_doy – model ocenia ryzyko wezbrania na 24%. Kierunek wpływu: ↑. Pewność (prawdopodobieństwo z RF): 24%.,0,0,0,0
2022-09-02,jesien,niskie,0.118,cos_doy,↓,0.118,cos_doy – model ocenia ryzyko wezbrania na 12%. Kierunek wpływu: ↓. Pewność (prawdopodobieństwo z RF): 12%.,0,0,0,0
2022-09-03,jesien,niskie,0.087,cos_doy,↓,0.087,cos_doy – model ocenia ryzyko wezbrania na 9%. Kierunek wpływu: ↓. Pewność (prawdopodobieństwo z RF): 9%.,0,0,0,0
2022-09-04,jesien,niskie,0.128,cos_doy,↑,0.128,cos_doy – model ocenia ryzyko wezbrania na 13%. Kierunek wpływu: ↑. Pewność (prawdopodobieństwo z RF): 13%.,0,0,0,0
2022-09-05,jesien,niskie,0.039,cos_doy,↓,0.039,cos_doy – model ocenia ryzyko wezbrania na 4%. Kierunek wpływu: ↓. Pewność (prawdopodobieństwo z RF): 4%.,0,0,0,0
2022-09-06,jesien,niskie,0.031,cos_doy,↓,0.031,cos_doy – model ocenia ryzyko wezbrania na 3%. Kierunek wpływu: ↓. Pewność (prawdopodobieństwo z RF): 3%.,0,0,0,0
2022-09-07,jesien,niskie,0.03,cos_doy,↓,0.03,cos_doy – model ocenia ryzyko wezbrania na 3%. Kierunek wpływu: ↓. Pewność (prawdopodobieństwo z RF): 3%.,0,0,0,0
2022-09-08,jesien,niskie,0.067,cos_doy,↑,0.067,cos_doy – model ocenia ryzyko wezbrania na 7%. Kierunek wpływu: ↑. Pewność (prawdopodobieństwo z RF): 7%.,0,0,0,0
2022-09-09,jesien,niskie,0.236,cos_doy,↑,0.236,cos_doy – model ocenia ryzyko wezbrania na 24%. Kierunek wpływu: ↑. Pewność (prawdopodobieństwo z RF): 24%.,0,0,0,0
2022-09-10,jesien,niskie,0.194,cos_doy,↓,0.194,cos_doy – model ocenia ryzyko wezbrania na 19%. Kierunek wpływu: ↓. Pewność (prawdopodobieństwo z RF): 19%.,0,0,0,0
2022-09-11,jesien,niskie,0.102,cos_doy,↓,0.102,cos_doy – model ocenia ryzyko wezbrania na 10%. Kierunek wpływu: ↓. Pewność (prawdopodobieństwo z RF): 10%.,0,0,0,0
2022-09-12,jesien,niskie,0.041,cos_doy,↓,0.041,cos_doy – model ocenia ryzyko wezbrania na 4%. Kierunek wpływu: ↓. Pewność (prawdopodobieństwo z RF): 4%.,0,0,0,0
2022-09-13,jesien,niskie,0.119,cos_doy,↑,0.119,cos_doy – model ocenia ryzyko wezbrania na 12%. Kierunek wpływu: ↑. Pewność (prawdopodobieństwo z RF): 12%.,0,0,0,0
2022-09-14,jesien,niskie,0.06,cos_doy,↓,0.06,cos_doy – model ocenia ryzyko wezbrania na 6%. Kierunek wpływu: ↓. Pewność (prawdopodobieństwo z RF): 6%.,0,0,0,0
2022-09-15,jesien,niskie,0.151,cos_doy,↑,0.151,cos_doy – model ocenia ryzyko wezbrania na 15%. Kierunek wpływu: ↑. Pewność (prawdopodobieństwo z RF): 15%.,0,0,0,0
2022-09-16,jesien,niskie,0.165,cos_doy,↑,0.165,cos_doy – model ocenia ryzyko wezbrania na 16%. Kierunek wpływu: ↑. Pewność (prawdopodobieństwo z RF): 16%.,0,0,0,0
2022-09-17,jesien,niskie,0.219,cos_doy,↑,0.219,cos_doy – model ocenia ryzyko wezbrania na 22%. Kierunek wpływu: ↑. Pewność (prawdopodobieństwo z RF): 22%.,0,0,0,0
2022-09-18,jesien,niskie,0.149,cos_doy,↓,0.149,cos_doy – model ocenia ryzyko wezbrania na 15%. Kierunek wpływu: ↓. Pewność (prawdopodobieństwo z RF): 15%.,0,0,0,0
2022-09-19,jesien,niskie,0.198,cos_doy,↑,0.198,cos_doy – model ocenia ryzyko wezbrania na 20%. Kierunek wpływu: ↑. Pewność (prawdopodobieństwo z RF): 20%.,0,0,0,0
2022-09-20,jesien,niskie,0.398,cos_doy,↑,0.398,cos_doy – model ocenia ryzyko wezbrania na 40%. Kierunek wpływu: ↑. Pewność (prawdopodobieństwo z RF): 40%.,0,0,0,0
2022-09-21,jesien,niskie,0.367,cos_doy,↓,0.367,cos_doy – model ocenia ryzyko wezbrania na 37%. Kierunek wpływu: ↓. Pewność (prawdopodobieństwo z RF): 37%.,0,0,0,0
2022-09-22,jesien,niskie,0.351,cos_doy,↓,0.351,cos_doy – model ocenia ryzyko wezbrania na 35%. Kierunek wpływu: ↓. Pewność (prawdopodobieństwo z RF): 35%.,0,0,0,0
2022-09-23,jesien,niskie,0.162,cos_doy,↓,0.162,cos_doy – model ocenia ryzyko wezbrania na 16%. Kierunek wpływu: ↓. Pewność (prawdopodobieństwo z RF): 16%.,0,0,0,0
2022-09-24,jesien,niskie,0.066,cos_doy,↓,0.066,cos_doy – model ocenia ryzyko wezbrania na 7%. Kierunek wpływu: ↓. Pewność (prawdopodobieństwo z RF): 7%.,0,0,0,0
2022-09-25,jesien,niskie,0.048,cos_doy,↓,0.048,cos_doy – model ocenia ryzyko wezbrania na 5%. Kierunek wpływu: ↓. Pewność (prawdopodobieństwo z RF): 5%.,0,0,0,0
2022-09-26,jesien,niskie,0.239,cos_doy,↑,0.239,cos_doy – model ocenia ryzyko wezbrania na 24%. Kierunek wpływu: ↑. Pewność (prawdopodobieństwo z RF): 24%.,0,0,0,0
2022-09-27,jesien,niskie,0.174,cos_doy,↓,0.174,cos_doy – model ocenia ryzyko wezbrania na 17%. Kierunek wpływu: ↓. Pewność (prawdopodobieństwo z RF): 17%.,0,0,0,0
2022-09-28,jesien,niskie,0.297,cos_doy,↑,0.297,cos_doy – model ocenia ryzyko wezbrania na 30%. Kierunek wpływu: ↑. Pewność (prawdopodobieństwo z RF): 30%.,0,0,0,0
2022-09-29,jesien,niskie,0.331,cos_doy,↑,0.331,cos_doy – model ocenia ryzyko wezbrania na 33%. Kierunek wpływu: ↑. Pewność (prawdopodobieństwo z RF): 33%.,0,0,0,0
2022-09-30,jesien,niskie,0.232,cos_doy,↓,0.232,cos_doy – model ocenia ryzyko wezbrania na 23%. Kierunek wpływu: ↓. Pewność (prawdopodobieństwo z RF): 23%.,0,0,0,0
2022-10-01,jesien,niskie,0.128,cos_doy,↓,0.128,cos_doy – model ocenia ryzyko wezbrania na 13%. Kierunek wpływu: ↓. Pewność (prawdopodobieństwo z RF): 13%.,0,0,0,0
2022-10-02,jesien,niskie,0.173,cos_doy,↑,0.173,cos_doy – model ocenia ryzyko wezbrania na 17%. Kierunek wpływu: ↑. Pewność (prawdopodobieństwo z RF): 17%.,0,0,0,0
2022-10-03,jesien,niskie,0.314,cos_doy,↑,0.314,cos_doy – model ocenia ryzyko wezbrania na 31%. Kierunek wpływu: ↑. Pewność (prawdopodobieństwo z RF): 31%.,0,0,0,0
2022-10-04,jesien,niskie,0.227,cos_doy,↓,0.227,cos_doy – model ocenia ryzyko wezbrania na 23%. Kierunek wpływu: ↓. Pewność (prawdopodobieństwo z RF): 23%.,0,0,0,0
2022-10-05,jesien,niskie,0.178,cos_doy,↓,0.178,cos_doy – model ocenia ryzyko wezbrania na 18%. Kierunek wpływu: ↓. Pewność (prawdopodobieństwo z RF): 18%.,0,0,0,0
2022-10-06,jesien,niskie,0.255,cos_doy,↑,0.255,cos_doy – model ocenia ryzyko wezbrania na 25%. Kierunek wpływu: ↑. Pewność (prawdopodobieństwo z RF): 25%.,0,0,0,0
2022-10-07,jesien,niskie,0.2,cos_doy,↓,0.2,cos_doy – model ocenia ryzyko wezbrania na 20%. Kierunek wpływu: ↓. Pewność (prawdopodobieństwo z RF): 20%.,0,0,0,0
2022-10-08,jesien,niskie,0.181,cos_doy,↓,0.181,cos_doy – model ocenia ryzyko wezbrania na 18%. Kierunek wpływu: ↓. Pewność (prawdopodobieństwo z RF): 18%.,0,0,0,0
2022-10-09,jesien,niskie,0.191,cos_doy,↑,0.191,cos_doy – model ocenia ryzyko wezbrania na 19%. Kierunek wpływu: ↑. Pewność (prawdopodobieństwo z RF): 19%.,0,0,0,0
2022-10-10,jesien,niskie,0.232,cos_doy,↑,0.232,cos_doy – model ocenia ryzyko wezbrania na 23%. Kierunek wpływu: ↑. Pewność (prawdopodobieństwo z RF): 23%.,0,0,0,0
2022-10-11,jesien,niskie,0.163,cos_doy,↓,0.163,cos_doy – model ocenia ryzyko wezbrania na 16%. Kierunek wpływu: ↓. Pewność (prawdopodobieństwo z RF): 16%.,0,0,0,0
2022-10-12,jesien,niskie,0.097,cos_doy,↓,0.097,cos_doy – model ocenia ryzyko wezbrania na 10%. Kierunek wpływu: ↓. Pewność (prawdopodobieństwo z RF): 10%.,0,0,0,0
2022-10-13,jesien,niskie,0.11,cos_doy,↑,0.11,cos_doy – model ocenia ryzyko wezbrania na 11%. Kierunek wpływu: ↑. Pewność (prawdopodobieństwo z RF): 11%.,0,0,0,0
2022-10-14,jesien,niskie,0.098,cos_doy,↓,0.098,cos_doy – model ocenia ryzyko wezbrania na 10%. Kierunek wpływu: ↓. Pewność (prawdopodobieństwo z RF): 10%.,0,0,0,0
2022-10-15,jesien,niskie,0.13,cos_doy,↑,0.13,cos_doy – model ocenia ryzyko wezbrania na 13%. Kierunek wpływu: ↑. Pewność (prawdopodobieństwo z RF): 13%.,0,0,0,0
2022-10-16,jesien,niskie,0.29,cos_doy,↑,0.29,cos_doy – model ocenia ryzyko wezbrania na 29%. Kierunek wpływu: ↑. Pewność (prawdopodobieństwo z RF): 29%.,0,0,0,0
2022-10-17,jesien,niskie,0.244,cos_doy,↓,0.244,cos_doy – model ocenia ryzyko wezbrania na 24%. Kierunek wpływu: ↓. Pewność (prawdopodobieństwo z RF): 24%.,0,0,0,0
2022-10-18,jesien,niskie,0.163,cos_doy,↓,0.163,cos_doy – model ocenia ryzyko wezbrania na 16%. Kierunek wpływu: ↓. Pewność (prawdopodobieństwo z RF): 16%.,0,0,0,0
2022-10-19,jesien,średnie,0.611,cos_doy,↑,0.611,cos_doy – model ocenia ryzyko wezbrania na 61%. Kierunek wpływu: ↑. Pewność (prawdopodobieństwo z RF): 61%.,1,1,1,1
2022-10-20,jesien,niskie,0.328,cos_doy,↓,0.328,cos_doy – model ocenia ryzyko wezbrania na 33%. Kierunek wpływu: ↓. Pewność (prawdopodobieństwo z RF): 33%.,0,0,0,0
2022-10-21,jesien,niskie,0.382,cos_doy,↑,0.382,cos_doy – model ocenia ryzyko wezbrania na 38%. Kierunek wpływu: ↑. Pewność (prawdopodobieństwo z RF): 38%.,0,0,0,0
2022-10-22,jesien,niskie,0.156,cos_doy,↓,0.156,cos_doy – model ocenia ryzyko wezbrania na 16%. Kierunek wpływu: ↓. Pewność (prawdopodobieństwo z RF): 16%.,0,0,0,0
2022-10-23,jesien,niskie,0.088,cos_doy,↓,0.088,cos_doy – model ocenia ryzyko wezbrania na 9%. Kierunek wpływu: ↓. Pewność (prawdopodobieństwo z RF): 9%.,0,0,0,0
2022-10-24,jesien,niskie,0.114,cos_doy,↑,0.114,cos_doy – model ocenia ryzyko wezbrania na 11%. Kierunek wpływu: ↑. Pewność (prawdopodobieństwo z RF): 11%.,0,0,0,0
2022-10-25,jesien,niskie,0.113,cos_doy,↓,0.113,cos_doy – model ocenia ryzyko wezbrania na 11%. Kierunek wpływu: ↓. Pewność (prawdopodobieństwo z RF): 11%.,0,0,0,0
2022-10-26,jesien,niskie,0.128,cos_doy,↑,0.128,cos_doy – model ocenia ryzyko wezbrania na 13%. Kierunek wpływu: ↑. Pewność (prawdopodobieństwo z RF): 13%.,0,0,0,0
2022-10-27,jesien,niskie,0.079,cos_doy,↓,0.079,cos_doy – model ocenia ryzyko wezbrania na 8%. Kierunek wpływu: ↓. Pewność (prawdopodobieństwo z RF): 8%.,0,0,0,0
2022-10-28,jesien,niskie,0.055,cos_doy,↓,0.055,cos_doy – model ocenia ryzyko wezbrania na 5%. Kierunek wpływu: ↓. Pewność (prawdopodobieństwo z RF): 5%.,0,0,0,0
2022-10-29,jesien,niskie,0.071,cos_doy,↑,0.071,cos_doy – model ocenia ryzyko wezbrania na 7%. Kierunek wpływu: ↑. Pewność (prawdopodobieństwo z RF): 7%.,0,0,0,0
2022-10-30,jesien,niskie,0.067,cos_doy,↓,0.067,cos_doy – model ocenia ryzyko wezbrania na 7%. Kierunek wpływu: ↓. Pewność (prawdopodobieństwo z RF): 7%.,0,0,0,0
2022-10-31,jesien,niskie,0.065,cos_doy,↓,0.065,cos_doy – model ocenia ryzyko wezbrania na 6%. Kierunek wpływu: ↓. Pewność (prawdopodobieństwo z RF): 6%.,0,0,0,0
2022-11-01,jesien,niskie,0.176,cos_doy,↑,0.176,cos_doy – model ocenia ryzyko wezbrania na 18%. Kierunek wpływu: ↑. Pewność (prawdopodobieństwo z RF): 18%.,0,0,0,0
2022-11-02,jesien,niskie,0.163,cos_doy,↓,0.163,cos_doy – model ocenia ryzyko wezbrania na 16%. Kierunek wpływu: ↓. Pewność (prawdopodobieństwo z RF): 16%.,0,0,0,0
2022-11-03,jesien,niskie,0.22,cos_doy,↑,0.22,cos_doy – model ocenia ryzyko wezbrania na 22%. Kierunek wpływu: ↑. Pewność (prawdopodobieństwo z RF): 22%.,0,0,0,0
2022-11-04,jesien,niskie,0.308,cos_doy,↑,0.308,cos_doy – model ocenia ryzyko wezbrania na 31%. Kierunek wpływu: ↑. Pewność (prawdopodobieństwo z RF): 31%.,0,0,0,0
2022-11-05,jesien,średnie,0.538,cos_doy,↑,0.538,cos_doy – model ocenia ryzyko wezbrania na 54%. Kierunek wpływu: ↑. Pewność (prawdopodobieństwo z RF): 54%.,0,0,0,0
2022-11-06,jesien,niskie,0.392,cos_doy,↓,0.392,cos_doy – model ocenia ryzyko wezbrania na 39%. Kierunek wpływu: ↓. Pewność (prawdopodobieństwo z RF): 39%.,0,0,0,0
2022-11-07,jesien,niskie,0.325,cos_doy,↓,0.325,cos_doy – model ocenia ryzyko wezbrania na 33%. Kierunek wpływu: ↓. Pewność (prawdopodobieństwo z RF): 33%.,0,0,0,0
2022-11-08,jesien,niskie,0.112,cos_doy,↓,0.112,cos_doy – model ocenia ryzyko wezbrania na 11%. Kierunek wpływu: ↓. Pewność (prawdopodobieństwo z RF): 11%.,0,0,0,0
2022-11-09,jesien,niskie,0.091,cos_doy,↓,0.091,cos_doy – model ocenia ryzyko wezbrania na 9%. Kierunek wpływu: ↓. Pewność (prawdopodobieństwo z RF): 9%.,0,0,0,0
2022-11-10,jesien,niskie,0.342,cos_doy,↑,0.342,cos_doy – model ocenia ryzyko wezbrania na 34%. Kierunek wpływu: ↑. Pewność (prawdopodobieństwo z RF): 34%.,0,0,0,0
2022-11-11,jesien,niskie,0.113,cos_doy,↓,0.113,cos_doy – model ocenia ryzyko wezbrania na 11%. Kierunek wpływu: ↓. Pewność (prawdopodobieństwo z RF): 11%.,0,0,0,0
2022-11-12,jesien,niskie,0.103,cos_doy,↓,0.103,cos_doy – model ocenia ryzyko wezbrania na 10%. Kierunek wpływu: ↓. Pewność (prawdopodobieństwo z RF): 10%.,0,0,0,0
2022-11-13,jesien,niskie,0.12,cos_doy,↑,0.12,cos_doy – model ocenia ryzyko wezbrania na 12%. Kierunek wpływu: ↑. Pewność (prawdopodobieństwo z RF): 12%.,0,0,0,1
2022-11-14,jesien,niskie,0.296,cos_doy,↑,0.296,cos_doy – model ocenia ryzyko wezbrania na 30%. Kierunek wpływu: ↑. Pewność (prawdopodobieństwo z RF): 30%.,0,0,0,0
2022-11-15,jesien,niskie,0.3,cos_doy,↑,0.3,cos_doy – model ocenia ryzyko wezbrania na 30%. Kierunek wpływu: ↑. Pewność (prawdopodobieństwo z RF): 30%.,0,0,0,0
2022-11-16,jesien,niskie,0.392,cos_doy,↑,0.392,cos_doy – model ocenia ryzyko wezbrania na 39%. Kierunek wpływu: ↑. Pewność (prawdopodobieństwo z RF): 39%.,0,0,0,0
2022-11-17,jesien,niskie,0.44,cos_doy,↑,0.44,cos_doy – model ocenia ryzyko wezbrania na 44%. Kierunek wpływu: ↑. Pewność (prawdopodobieństwo z RF): 44%.,0,0,0,0
2022-11-18,jesien,niskie,0.3,cos_doy,↓,0.3,cos_doy – model ocenia ryzyko wezbrania na 30%. Kierunek wpływu: ↓. Pewność (prawdopodobieństwo z RF): 30%.,0,0,0,0
2022-11-19,jesien,niskie,0.292,cos_doy,↓,0.292,cos_doy – model ocenia ryzyko wezbrania na 29%. Kierunek wpływu: ↓. Pewność (prawdopodobieństwo z RF): 29%.,0,0,0,0
2022-11-20,jesien,niskie,0.421,cos_doy,↑,0.421,cos_doy – model ocenia ryzyko wezbrania na 42%. Kierunek wpływu: ↑. Pewność (prawdopodobieństwo z RF): 42%.,0,0,0,0
2022-11-21,jesien,niskie,0.273,cos_doy,↓,0.273,cos_doy – model ocenia ryzyko wezbrania na 27%. Kierunek wpływu: ↓. Pewność (prawdopodobieństwo z RF): 27%.,0,0,0,0
2022-11-22,jesien,niskie,0.14,cos_doy,↓,0.14,cos_doy – model ocenia ryzyko wezbrania na 14%. Kierunek wpływu: ↓. Pewność (prawdopodobieństwo z RF): 14%.,0,0,0,0
2022-11-23,jesien,niskie,0.104,cos_doy,↓,0.104,cos_doy – model ocenia ryzyko wezbrania na 10%. Kierunek wpływu: ↓. Pewność (prawdopodobieństwo z RF): 10%.,0,0,0,0
2022-11-24,jesien,niskie,0.069,cos_doy,↓,0.069,cos_doy – model ocenia ryzyko wezbrania na 7%. Kierunek wpływu: ↓. Pewność (prawdopodobieństwo z RF): 7%.,0,0,0,0
2022-11-25,jesien,niskie,0.075,cos_doy,↑,0.075,cos_doy – model ocenia ryzyko wezbrania na 7%. Kierunek wpływu: ↑. Pewność (prawdopodobieństwo z RF): 7%.,0,0,0,0
2022-11-26,jesien,niskie,0.138,cos_doy,↑,0.138,cos_doy – model ocenia ryzyko wezbrania na 14%. Kierunek wpływu: ↑. Pewność (prawdopodobieństwo z RF): 14%.,0,0,0,0
2022-11-27,jesien,niskie,0.108,cos_doy,↓,0.108,cos_doy – model ocenia ryzyko wezbrania na 11%. Kierunek wpływu: ↓. Pewność (prawdopodobieństwo z RF): 11%.,0,0,0,0
2022-11-28,jesien,niskie,0.111,cos_doy,↑,0.111,cos_doy – model ocenia ryzyko wezbrania na 11%. Kierunek wpływu: ↑. Pewność (prawdopodobieństwo z RF): 11%.,0,0,0,0
2022-11-29,jesien,niskie,0.093,cos_doy,↓,0.093,cos_doy – model ocenia ryzyko wezbrania na 9%. Kierunek wpływu: ↓. Pewność (prawdopodobieństwo z RF): 9%.,0,0,0,0
2022-11-30,jesien,niskie,0.086,cos_doy,↓,0.086,cos_doy – model ocenia ryzyko wezbrania na 9%. Kierunek wpływu: ↓. Pewność (prawdopodobieństwo z RF): 9%.,0,0,0,0
2022-12-01,zima,niskie,0.149,cos_doy,↑,0.149,cos_doy – model ocenia ryzyko wezbrania na 15%. Kierunek wpływu: ↑. Pewność (prawdopodobieństwo z RF): 15%.,0,0,0,0
2022-12-02,zima,niskie,0.119,cos_doy,↓,0.119,cos_doy – model ocenia ryzyko wezbrania na 12%. Kierunek wpływu: ↓. Pewność (prawdopodobieństwo z RF): 12%.,0,0,0,0
2022-12-03,zima,niskie,0.16,cos_doy,↑,0.16,cos_doy – model ocenia ryzyko wezbrania na 16%. Kierunek wpływu: ↑. Pewność (prawdopodobieństwo z RF): 16%.,0,0,0,0
2022-12-04,zima,niskie,0.169,cos_doy,↑,0.169,cos_doy – model ocenia ryzyko wezbrania na 17%. Kierunek wpływu: ↑. Pewność (prawdopodobieństwo z RF): 17%.,0,0,0,0
2022-12-05,zima,niskie,0.239,cos_doy,↑,0.239,cos_doy – model ocenia ryzyko wezbrania na 24%. Kierunek wpływu: ↑. Pewność (prawdopodobieństwo z RF): 24%.,0,0,0,0
2022-12-06,zima,niskie,0.293,cos_doy,↑,0.293,cos_doy – model ocenia ryzyko wezbrania na 29%. Kierunek wpływu: ↑. Pewność (prawdopodobieństwo z RF): 29%.,0,0,0,0
2022-12-07,zima,niskie,0.383,cos_doy,↑,0.383,cos_doy – model ocenia ryzyko wezbrania na 38%. Kierunek wpływu: ↑. Pewność (prawdopodobieństwo z RF): 38%.,0,0,0,0
2022-12-08,zima,niskie,0.326,cos_doy,↓,0.326,cos_doy – model ocenia ryzyko wezbrania na 33%. Kierunek wpływu: ↓. Pewność (prawdopodobieństwo z RF): 33%.,0,0,0,0
2022-12-09,zima,niskie,0.107,cos_doy,↓,0.107,cos_doy – model ocenia ryzyko wezbrania na 11%. Kierunek wpływu: ↓. Pewność (prawdopodobieństwo z RF): 11%.,0,0,0,0
2022-12-10,zima,niskie,0.086,cos_doy,↓,0.086,cos_doy – model ocenia ryzyko wezbrania na 9%. Kierunek wpływu: ↓. Pewność (prawdopodobieństwo z RF): 9%.,0,0,0,0
2022-12-11,zima,niskie,0.082,cos_doy,↓,0.082,cos_doy – model ocenia ryzyko wezbrania na 8%. Kierunek wpływu: ↓. Pewność (prawdopodobieństwo z RF): 8%.,0,0,0,0
2022-12-12,zima,niskie,0.306,cos_doy,↑,0.306,cos_doy – model ocenia ryzyko wezbrania na 31%. Kierunek wpływu: ↑. Pewność (prawdopodobieństwo z RF): 31%.,0,0,0,1
2022-12-13,zima,niskie,0.222,cos_doy,↓,0.222,cos_doy – model ocenia ryzyko wezbrania na 22%. Kierunek wpływu: ↓. Pewność (prawdopodobieństwo z RF): 22%.,0,0,0,1
2022-12-14,zima,niskie,0.099,cos_doy,↓,0.099,cos_doy – model ocenia ryzyko wezbrania na 10%. Kierunek wpływu: ↓. Pewność (prawdopodobieństwo z RF): 10%.,0,0,0,0
2022-12-15,zima,niskie,0.101,cos_doy,↑,0.101,cos_doy – model ocenia ryzyko wezbrania na 10%. Kierunek wpływu: ↑. Pewność (prawdopodobieństwo z RF): 10%.,0,0,0,0
2022-12-16,zima,niskie,0.118,cos_doy,↑,0.118,cos_doy – model ocenia ryzyko wezbrania na 12%. Kierunek wpływu: ↑. Pewność (prawdopodobieństwo z RF): 12%.,0,0,0,0
2022-12-17,zima,niskie,0.135,cos_doy,↑,0.135,cos_doy – model ocenia ryzyko wezbrania na 14%. Kierunek wpływu: ↑. Pewność (prawdopodobieństwo z RF): 14%.,0,0,0,0
2022-12-18,zima,niskie,0.203,cos_doy,↑,0.203,cos_doy – model ocenia ryzyko wezbrania na 20%. Kierunek wpływu: ↑. Pewność (prawdopodobieństwo z RF): 20%.,0,0,0,0
2022-12-19,zima,niskie,0.244,cos_doy,↑,0.244,cos_doy – model ocenia ryzyko wezbrania na 24%. Kierunek wpływu: ↑. Pewność (prawdopodobieństwo z RF): 24%.,0,0,0,0
2022-12-20,zima,niskie,0.326,cos_doy,↑,0.326,cos_doy – model ocenia ryzyko wezbrania na 33%. Kierunek wpływu: ↑. Pewność (prawdopodobieństwo z RF): 33%.,0,0,0,0
2022-12-21,zima,niskie,0.377,cos_doy,↑,0.377,cos_doy – model ocenia ryzyko wezbrania na 38%. Kierunek wpływu: ↑. Pewność (prawdopodobieństwo z RF): 38%.,0,0,0,0
2022-12-22,zima,niskie,0.426,cos_doy,↑,0.426,cos_doy – model ocenia ryzyko wezbrania na 43%. Kierunek wpływu: ↑. Pewność (prawdopodobieństwo z RF): 43%.,0,0,0,0
2022-12-23,zima,niskie,0.36,cos_doy,↓,0.36,cos_doy – model ocenia ryzyko wezbrania na 36%. Kierunek wpływu: ↓. Pewność (prawdopodobieństwo z RF): 36%.,0,0,0,0
2022-12-24,zima,niskie,0.377,cos_doy,↑,0.377,cos_doy – model ocenia ryzyko wezbrania na 38%. Kierunek wpływu: ↑. Pewność (prawdopodobieństwo z RF): 38%.,0,0,0,0
2022-12-25,zima,niskie,0.148,cos_doy,↓,0.148,cos_doy – model ocenia ryzyko wezbrania na 15%. Kierunek wpływu: ↓. Pewność (prawdopodobieństwo z RF): 15%.,0,0,0,0
2022-12-26,zima,średnie,0.613,cos_doy,↑,0.613,cos_doy – model ocenia ryzyko wezbrania na 61%. Kierunek wpływu: ↑. Pewność (prawdopodobieństwo z RF): 61%.,0,0,0,0
2022-12-27,zima,średnie,0.638,cos_doy,↑,0.638,cos_doy – model ocenia ryzyko wezbrania na 64%. Kierunek wpływu: ↑. Pewność (prawdopodobieństwo z RF): 64%.,0,0,0,0
2022-12-28,zima,średnie,0.522,cos_doy,↓,0.522,cos_doy – model ocenia ryzyko wezbrania na 52%. Kierunek wpływu: ↓. Pewność (prawdopodobieństwo z RF): 52%.,0,0,0,0
2022-12-29,zima,niskie,0.433,cos_doy,↓,0.433,cos_doy – model ocenia ryzyko wezbrania na 43%. Kierunek wpływu: ↓. Pewność (prawdopodobieństwo z RF): 43%.,0,0,0,0
2022-12-30,zima,średnie,0.542,cos_doy,↑,0.542,cos_doy – model ocenia ryzyko wezbrania na 54%. Kierunek wpływu: ↑. Pewność (prawdopodobieństwo z RF): 54%.,0,0,0,0
2022-12-31,zima,niskie,0.313,cos_doy,↓,0.313,cos_doy – model ocenia ryzyko wezbrania na 31%. Kierunek wpływu: ↓. Pewność (prawdopodobieństwo z RF): 31%.,0,0,0,0
2023-01-01,zima,niskie,0.391,cos_doy,↑,0.391,cos_doy – model ocenia ryzyko wezbrania na 39%. Kierunek wpływu: ↑. Pewność (prawdopodobieństwo z RF): 39%.,0,0,0,0
2023-01-02,zima,niskie,0.31,cos_doy,↓,0.31,cos_doy – model ocenia ryzyko wezbrania na 31%. Kierunek wpływu: ↓. Pewność (prawdopodobieństwo z RF): 31%.,0,0,0,0
2023-01-03,zima,średnie,0.607,cos_doy,↑,0.607,cos_doy – model ocenia ryzyko wezbrania na 61%. Kierunek wpływu: ↑. Pewność (prawdopodobieństwo z RF): 61%.,0,0,0,0
2023-01-04,zima,średnie,0.647,cos_doy,↑,0.647,cos_doy – model ocenia ryzyko wezbrania na 65%. Kierunek wpływu: ↑. Pewność (prawdopodobieństwo z RF): 65%.,0,0,0,0
2023-01-05,zima,wysokie,0.806,cos_doy,↑,0.806,cos_doy – model ocenia ryzyko wezbrania na 81%. Kierunek wpływu: ↑. Pewność (prawdopodobieństwo z RF): 81%.,1,1,1,0
2023-01-06,zima,wysokie,0.705,cos_doy,↓,0.705,cos_doy – model ocenia ryzyko wezbrania na 70%. Kierunek wpływu: ↓. Pewność (prawdopodobieństwo z RF): 70%.,0,1,0,0
2023-01-07,zima,niskie,0.364,cos_doy,↓,0.364,cos_doy – model ocenia ryzyko wezbrania na 36%. Kierunek wpływu: ↓. Pewność (prawdopodobieństwo z RF): 36%.,0,0,0,0
2023-01-08,zima,średnie,0.508,cos_doy,↑,0.508,cos_doy – model ocenia ryzyko wezbrania na 51%. Kierunek wpływu: ↑. Pewność (prawdopodobieństwo z RF): 51%.,0,0,0,0
2023-01-09,zima,średnie,0.524,cos_doy,↑,0.524,cos_doy – model ocenia ryzyko wezbrania na 52%. Kierunek wpływu: ↑. Pewność (prawdopodobieństwo z RF): 52%.,0,0,0,0
2023-01-10,zima,wysokie,0.7,cos_doy,↑,0.7,cos_doy – model ocenia ryzyko wezbrania na 70%. Kierunek wpływu: ↑. Pewność (prawdopodobieństwo z RF): 70%.,0,0,0,0
2023-01-11,zima,średnie,0.626,cos_doy,↓,0.626,cos_doy – model ocenia ryzyko wezbrania na 63%. Kierunek wpływu: ↓. Pewność (prawdopodobieństwo z RF): 63%.,0,0,0,0
2023-01-12,zima,niskie,0.473,cos_doy,↓,0.473,cos_doy – model ocenia ryzyko wezbrania na 47%. Kierunek wpływu: ↓. Pewność (prawdopodobieństwo z RF): 47%.,0,0,0,0
2023-01-13,zima,niskie,0.476,cos_doy,↑,0.476,cos_doy – model ocenia ryzyko wezbrania na 48%. Kierunek wpływu: ↑. Pewność (prawdopodobieństwo z RF): 48%.,0,0,0,0
2023-01-14,zima,średnie,0.611,cos_doy,↑,0.611,cos_doy – model ocenia ryzyko wezbrania na 61%. Kierunek wpływu: ↑. Pewność (prawdopodobieństwo z RF): 61%.,0,0,0,0
2023-01-15,zima,średnie,0.642,cos_doy,↑,0.642,cos_doy – model ocenia ryzyko wezbrania na 64%. Kierunek wpływu: ↑. Pewność (prawdopodobieństwo z RF): 64%.,0,0,0,0
2023-01-16,zima,średnie,0.525,cos_doy,↓,0.525,cos_doy – model ocenia ryzyko wezbrania na 52%. Kierunek wpływu: ↓. Pewność (prawdopodobieństwo z RF): 52%.,0,0,0,0
2023-01-17,zima,niskie,0.488,cos_doy,↓,0.488,cos_doy – model ocenia ryzyko wezbrania na 49%. Kierunek wpływu: ↓. Pewność (prawdopodobieństwo z RF): 49%.,0,0,0,0
2023-01-18,zima,niskie,0.378,cos_doy,↓,0.378,cos_doy – model ocenia ryzyko wezbrania na 38%. Kierunek wpływu: ↓. Pewność (prawdopodobieństwo z RF): 38%.,0,0,0,0
2023-01-19,zima,niskie,0.424,cos_doy,↑,0.424,cos_doy – model ocenia ryzyko wezbrania na 42%. Kierunek wpływu: ↑. Pewność (prawdopodobieństwo z RF): 42%.,0,0,0,0
2023-01-20,zima,niskie,0.412,cos_doy,↓,0.412,cos_doy – model ocenia ryzyko wezbrania na 41%. Kierunek wpływu: ↓. Pewność (prawdopodobieństwo z RF): 41%.,0,0,0,0
2023-01-21,zima,średnie,0.526,cos_doy,↑,0.526,cos_doy – model ocenia ryzyko wezbrania na 53%. Kierunek wpływu: ↑. Pewność (prawdopodobieństwo z RF): 53%.,0,1,0,0
2023-01-22,zima,niskie,0.399,cos_doy,↓,0.399,cos_doy – model ocenia ryzyko wezbrania na 40%. Kierunek wpływu: ↓. Pewność (prawdopodobieństwo z RF): 40%.,0,0,0,0
2023-01-23,zima,niskie,0.28,cos_doy,↓,0.28,cos_doy – model ocenia ryzyko wezbrania na 28%. Kierunek wpływu: ↓. Pewność (prawdopodobieństwo z RF): 28%.,0,0,0,0
2023-01-24,zima,niskie,0.134,cos_doy,↓,0.134,cos_doy – model ocenia ryzyko wezbrania na 13%. Kierunek wpływu: ↓. Pewność (prawdopodobieństwo z RF): 13%.,0,0,0,0
2023-01-25,zima,niskie,0.19,cos_doy,↑,0.19,cos_doy – model ocenia ryzyko wezbrania na 19%. Kierunek wpływu: ↑. Pewność (prawdopodobieństwo z RF): 19%.,0,0,0,0
2023-01-26,zima,niskie,0.234,cos_doy,↑,0.234,cos_doy – model ocenia ryzyko wezbrania na 23%. Kierunek wpływu: ↑. Pewność (prawdopodobieństwo z RF): 23%.,0,0,0,0
2023-01-27,zima,niskie,0.355,cos_doy,↑,0.355,cos_doy – model ocenia ryzyko wezbrania na 36%. Kierunek wpływu: ↑. Pewność (prawdopodobieństwo z RF): 36%.,0,0,0,0
2023-01-28,zima,niskie,0.209,cos_doy,↓,0.209,cos_doy – model ocenia ryzyko wezbrania na 21%. Kierunek wpływu: ↓. Pewność (prawdopodobieństwo z RF): 21%.,0,0,0,0
2023-01-29,zima,niskie,0.314,cos_doy,↑,0.314,cos_doy – model ocenia ryzyko wezbrania na 31%. Kierunek wpływu: ↑. Pewność (prawdopodobieństwo z RF): 31%.,0,0,0,0
2023-01-30,zima,średnie,0.533,cos_doy,↑,0.533,cos_doy – model ocenia ryzyko wezbrania na 53%. Kierunek wpływu: ↑. Pewność (prawdopodobieństwo z RF): 53%.,0,0,0,0
2023-01-31,zima,średnie,0.613,cos_doy,↑,0.613,cos_doy – model ocenia ryzyko wezbrania na 61%. Kierunek wpływu: ↑. Pewność (prawdopodobieństwo z RF): 61%.,0,1,0,0
2023-02-01,zima,średnie,0.624,cos_doy,↑,0.624,cos_doy – model ocenia ryzyko wezbrania na 62%. Kierunek wpływu: ↑. Pewność (prawdopodobieństwo z RF): 62%.,0,0,0,0
2023-02-02,zima,wysokie,0.935,cos_doy,↑,0.935,cos_doy – model ocenia ryzyko wezbrania na 94%. Kierunek wpływu: ↑. Pewność (prawdopodobieństwo z RF): 94%.,1,1,1,0
2023-02-03,zima,wysokie,0.858,cos_doy,↓,0.858,cos_doy – model ocenia ryzyko wezbrania na 86%. Kierunek wpływu: ↓. Pewność (prawdopodobieństwo z RF): 86%.,1,1,1,0
2023-02-04,zima,wysokie,0.812,cos_doy,↓,0.812,cos_doy – model ocenia ryzyko wezbrania na 81%. Kierunek wpływu: ↓. Pewność (prawdopodobieństwo z RF): 81%.,1,1,1,1
2023-02-05,zima,niskie,0.34,cos_doy,↓,0.34,cos_doy – model ocenia ryzyko wezbrania na 34%. Kierunek wpływu: ↓. Pewność (prawdopodobieństwo z RF): 34%.,0,0,0,0
2023-02-06,zima,niskie,0.256,cos_doy,↓,0.256,cos_doy – model ocenia ryzyko wezbrania na 26%. Kierunek wpływu: ↓. Pewność (prawdopodobieństwo z RF): 26%.,0,0,0,0
2023-02-07,zima,niskie,0.171,cos_doy,↓,0.171,cos_doy – model ocenia ryzyko wezbrania na 17%. Kierunek wpływu: ↓. Pewność (prawdopodobieństwo z RF): 17%.,0,0,0,0
2023-02-08,zima,niskie,0.136,cos_doy,↓,0.136,cos_doy – model ocenia ryzyko wezbrania na 14%. Kierunek wpływu: ↓. Pewność (prawdopodobieństwo z RF): 14%.,0,0,0,0
2023-02-09,zima,niskie,0.282,cos_doy,↑,0.282,cos_doy – model ocenia ryzyko wezbrania na 28%. Kierunek wpływu: ↑. Pewność (prawdopodobieństwo z RF): 28%.,0,0,0,0
2023-02-10,zima,niskie,0.369,cos_doy,↑,0.369,cos_doy – model ocenia ryzyko wezbrania na 37%. Kierunek wpływu: ↑. Pewność (prawdopodobieństwo z RF): 37%.,0,0,0,0
2023-02-11,zima,średnie,0.509,cos_doy,↑,0.509,cos_doy – model ocenia ryzyko wezbrania na 51%. Kierunek wpływu: ↑. Pewność (prawdopodobieństwo z RF): 51%.,0,0,0,0
2023-02-12,zima,niskie,0.425,cos_doy,↓,0.425,cos_doy – model ocenia ryzyko wezbrania na 43%. Kierunek wpływu: ↓. Pewność (prawdopodobieństwo z RF): 43%.,0,0,0,0
2023-02-13,zima,niskie,0.262,cos_doy,↓,0.262,cos_doy – model ocenia ryzyko wezbrania na 26%. Kierunek wpływu: ↓. Pewność (prawdopodobieństwo z RF): 26%.,0,0,0,0
2023-02-14,zima,niskie,0.226,cos_doy,↓,0.226,cos_doy – model ocenia ryzyko wezbrania na 23%. Kierunek wpływu: ↓. Pewność (prawdopodobieństwo z RF): 23%.,0,0,0,0
2023-02-15,zima,niskie,0.344,cos_doy,↑,0.344,cos_doy – model ocenia ryzyko wezbrania na 34%. Kierunek wpływu: ↑. Pewność (prawdopodobieństwo z RF): 34%.,0,0,0,0
2023-02-16,zima,niskie,0.417,cos_doy,↑,0.417,cos_doy – model ocenia ryzyko wezbrania na 42%. Kierunek wpływu: ↑. Pewność (prawdopodobieństwo z RF): 42%.,0,0,0,0
2023-02-17,zima,średnie,0.52,cos_doy,↑,0.52,cos_doy – model ocenia ryzyko wezbrania na 52%. Kierunek wpływu: ↑. Pewność (prawdopodobieństwo z RF): 52%.,0,0,0,0
2023-02-18,zima,wysokie,0.741,cos_doy,↑,0.741,cos_doy – model ocenia ryzyko wezbrania na 74%. Kierunek wpływu: ↑. Pewność (prawdopodobieństwo z RF): 74%.,1,1,1,0
2023-02-19,zima,wysokie,0.754,cos_doy,↑,0.754,cos_doy – model ocenia ryzyko wezbrania na 75%. Kierunek wpływu: ↑. Pewność (prawdopodobieństwo z RF): 75%.,1,1,1,0
2023-02-20,zima,wysokie,0.882,cos_doy,↑,0.882,cos_doy – model ocenia ryzyko wezbrania na 88%. Kierunek wpływu: ↑. Pewność (prawdopodobieństwo z RF): 88%.,1,1,1,0
2023-02-21,zima,wysokie,0.814,cos_doy,↓,0.814,cos_doy – model ocenia ryzyko wezbrania na 81%. Kierunek wpływu: ↓. Pewność (prawdopodobieństwo z RF): 81%.,1,1,1,0
2023-02-22,zima,wysokie,0.78,cos_doy,↓,0.78,cos_doy – model ocenia ryzyko wezbrania na 78%. Kierunek wpływu: ↓. Pewność (prawdopodobieństwo z RF): 78%.,1,1,1,0
2023-02-23,zima,średnie,0.518,cos_doy,↓,0.518,cos_doy – model ocenia ryzyko wezbrania na 52%. Kierunek wpływu: ↓. Pewność (prawdopodobieństwo z RF): 52%.,0,0,0,0
2023-02-24,zima,średnie,0.576,cos_doy,↑,0.576,cos_doy – model ocenia ryzyko wezbrania na 58%. Kierunek wpływu: ↑. Pewność (prawdopodobieństwo z RF): 58%.,0,0,0,0
2023-02-25,zima,niskie,0.448,cos_doy,↓,0.448,cos_doy – model ocenia ryzyko wezbrania na 45%. Kierunek wpływu: ↓. Pewność (prawdopodobieństwo z RF): 45%.,0,0,0,0
2023-02-26,zima,wysokie,0.822,cos_doy,↑,0.822,cos_doy – model ocenia ryzyko wezbrania na 82%. Kierunek wpływu: ↑. Pewność (prawdopodobieństwo z RF): 82%.,1,1,1,1
2023-02-27,zima,średnie,0.532,cos_doy,↓,0.532,cos_doy – model ocenia ryzyko wezbrania na 53%. Kierunek wpływu: ↓. Pewność (prawdopodobieństwo z RF): 53%.,0,0,0,0
2023-02-28,zima,niskie,0.236,cos_doy,↓,0.236,cos_doy – model ocenia ryzyko wezbrania na 24%. Kierunek wpływu: ↓. Pewność (prawdopodobieństwo z RF): 24%.,0,0,0,0
2023-03-01,wiosna,niskie,0.202,cos_doy,↓,0.202,cos_doy – model ocenia ryzyko wezbrania na 20%. Kierunek wpływu: ↓. Pewność (prawdopodobieństwo z RF): 20%.,0,0,0,0
2023-03-02,wiosna,niskie,0.223,cos_doy,↑,0.223,cos_doy – model ocenia ryzyko wezbrania na 22%. Kierunek wpływu: ↑. Pewność (prawdopodobieństwo z RF): 22%.,0,0,0,0
2023-03-03,wiosna,niskie,0.427,cos_doy,↑,0.427,cos_doy – model ocenia ryzyko wezbrania na 43%. Kierunek wpływu: ↑. Pewność (prawdopodobieństwo z RF): 43%.,0,0,0,0
2023-03-04,wiosna,średnie,0.605,cos_doy,↑,0.605,cos_doy – model ocenia ryzyko wezbrania na 60%. Kierunek wpływu: ↑. Pewność (prawdopodobieństwo z RF): 60%.,1,1,1,1
2023-03-05,wiosna,niskie,0.255,cos_doy,↓,0.255,cos_doy – model ocenia ryzyko wezbrania na 26%. Kierunek wpływu: ↓. Pewność (prawdopodobieństwo z RF): 26%.,0,0,0,0
2023-03-06,wiosna,niskie,0.139,cos_doy,↓,0.139,cos_doy – model ocenia ryzyko wezbrania na 14%. Kierunek wpływu: ↓. Pewność (prawdopodobieństwo z RF): 14%.,0,0,0,0
2023-03-07,wiosna,niskie,0.226,cos_doy,↑,0.226,cos_doy – model ocenia ryzyko wezbrania na 23%. Kierunek wpływu: ↑. Pewność (prawdopodobieństwo z RF): 23%.,0,0,0,0
2023-03-08,wiosna,niskie,0.153,cos_doy,↓,0.153,cos_doy – model ocenia ryzyko wezbrania na 15%. Kierunek wpływu: ↓. Pewność (prawdopodobieństwo z RF): 15%.,0,0,0,0
2023-03-09,wiosna,niskie,0.165,cos_doy,↑,0.165,cos_doy – model ocenia ryzyko wezbrania na 16%. Kierunek wpływu: ↑. Pewność (prawdopodobieństwo z RF): 16%.,0,0,0,0
2023-03-10,wiosna,niskie,0.399,cos_doy,↑,0.399,cos_doy – model ocenia ryzyko wezbrania na 40%. Kierunek wpływu: ↑. Pewność (prawdopodobieństwo z RF): 40%.,0,0,0,0
2023-03-11,wiosna,niskie,0.46,cos_doy,↑,0.46,cos_doy – model ocenia ryzyko wezbrania na 46%. Kierunek wpływu: ↑. Pewność (prawdopodobieństwo z RF): 46%.,0,0,0,0
2023-03-12,wiosna,niskie,0.496,cos_doy,↑,0.496,cos_doy – model ocenia ryzyko wezbrania na 50%. Kierunek wpływu: ↑. Pewność (prawdopodobieństwo z RF): 50%.,0,0,0,0
2023-03-13,wiosna,średnie,0.549,cos_doy,↑,0.549,cos_doy – model ocenia ryzyko wezbrania na 55%. Kierunek wpływu: ↑. Pewność (prawdopodobieństwo z RF): 55%.,0,0,0,0
2023-03-14,wiosna,niskie,0.379,cos_doy,↓,0.379,cos_doy – model ocenia ryzyko wezbrania na 38%. Kierunek wpływu: ↓. Pewność (prawdopodobieństwo z RF): 38%.,0,0,0,0
2023-03-15,wiosna,średnie,0.503,cos_doy,↑,0.503,cos_doy – model ocenia ryzyko wezbrania na 50%. Kierunek wpływu: ↑. Pewność (prawdopodobieństwo z RF): 50%.,0,0,0,0
2023-03-16,wiosna,niskie,0.356,cos_doy,↓,0.356,cos_doy – model ocenia ryzyko wezbrania na 36%. Kierunek wpływu: ↓. Pewność (prawdopodobieństwo z RF): 36%.,0,0,0,0
2023-03-17,wiosna,niskie,0.168,cos_doy,↓,0.168,cos_doy – model ocenia ryzyko wezbrania na 17%. Kierunek wpływu: ↓. Pewność (prawdopodobieństwo z RF): 17%.,0,0,0,0
2023-03-18,wiosna,niskie,0.131,cos_doy,↓,0.131,cos_doy – model ocenia ryzyko wezbrania na 13%. Kierunek wpływu: ↓. Pewność (prawdopodobieństwo z RF): 13%.,0,0,0,0
2023-03-19,wiosna,niskie,0.116,cos_doy,↓,0.116,cos_doy – model ocenia ryzyko wezbrania na 12%. Kierunek wpływu: ↓. Pewność (prawdopodobieństwo z RF): 12%.,0,0,0,0
2023-03-20,wiosna,niskie,0.097,cos_doy,↓,0.097,cos_doy – model ocenia ryzyko wezbrania na 10%. Kierunek wpływu: ↓. Pewność (prawdopodobieństwo z RF): 10%.,0,0,0,0
2023-03-21,wiosna,niskie,0.083,cos_doy,↓,0.083,cos_doy – model ocenia ryzyko wezbrania na 8%. Kierunek wpływu: ↓. Pewność (prawdopodobieństwo z RF): 8%.,0,0,0,0
2023-03-22,wiosna,niskie,0.145,cos_doy,↑,0.145,cos_doy – model ocenia ryzyko wezbrania na 15%. Kierunek wpływu: ↑. Pewność (prawdopodobieństwo z RF): 15%.,0,0,0,0
2023-03-23,wiosna,niskie,0.227,cos_doy,↑,0.227,cos_doy – model ocenia ryzyko wezbrania na 23%. Kierunek wpływu: ↑. Pewność (prawdopodobieństwo z RF): 23%.,0,0,0,0
2023-03-24,wiosna,niskie,0.194,cos_doy,↓,0.194,cos_doy – model ocenia ryzyko wezbrania na 19%. Kierunek wpływu: ↓. Pewność (prawdopodobieństwo z RF): 19%.,0,0,0,0
2023-03-25,wiosna,niskie,0.226,cos_doy,↑,0.226,cos_doy – model ocenia ryzyko wezbrania na 23%. Kierunek wpływu: ↑. Pewność (prawdopodobieństwo z RF): 23%.,0,0,0,0
2023-03-26,wiosna,niskie,0.278,cos_doy,↑,0.278,cos_doy – model ocenia ryzyko wezbrania na 28%. Kierunek wpływu: ↑. Pewność (prawdopodobieństwo z RF): 28%.,0,0,0,0
2023-03-27,wiosna,niskie,0.381,cos_doy,↑,0.381,cos_doy – model ocenia ryzyko wezbrania na 38%. Kierunek wpływu: ↑. Pewność (prawdopodobieństwo z RF): 38%.,0,0,0,0
2023-03-28,wiosna,niskie,0.364,cos_doy,↓,0.364,cos_doy – model ocenia ryzyko wezbrania na 36%. Kierunek wpływu: ↓. Pewność (prawdopodobieństwo z RF): 36%.,0,0,0,0
2023-03-29,wiosna,niskie,0.139,cos_doy,↓,0.139,cos_doy – model ocenia ryzyko wezbrania na 14%. Kierunek wpływu: ↓. Pewność (prawdopodobieństwo z RF): 14%.,0,0,0,0
2023-03-30,wiosna,niskie,0.229,cos_doy,↑,0.229,cos_doy – model ocenia ryzyko wezbrania na 23%. Kierunek wpływu: ↑. Pewność (prawdopodobieństwo z RF): 23%.,0,0,0,0
2023-03-31,wiosna,niskie,0.23,cos_doy,↑,0.23,cos_doy – model ocenia ryzyko wezbrania na 23%. Kierunek wpływu: ↑. Pewność (prawdopodobieństwo z RF): 23%.,0,0,0,0
2023-04-01,wiosna,niskie,0.292,cos_doy,↑,0.292,cos_doy – model ocenia ryzyko wezbrania na 29%. Kierunek wpływu: ↑. Pewność (prawdopodobieństwo z RF): 29%.,0,0,0,0
2023-04-02,wiosna,niskie,0.334,cos_doy,↑,0.334,cos_doy – model ocenia ryzyko wezbrania na 33%. Kierunek wpływu: ↑. Pewność (prawdopodobieństwo z RF): 33%.,0,0,0,0
2023-04-03,wiosna,niskie,0.241,cos_doy,↓,0.241,cos_doy – model ocenia ryzyko wezbrania na 24%. Kierunek wpływu: ↓. Pewność (prawdopodobieństwo z RF): 24%.,0,0,0,0
2023-04-04,wiosna,niskie,0.115,cos_doy,↓,0.115,cos_doy – model ocenia ryzyko wezbrania na 11%. Kierunek wpływu: ↓. Pewność (prawdopodobieństwo z RF): 11%.,0,0,0,0
2023-04-05,wiosna,niskie,0.108,cos_doy,↓,0.108,cos_doy – model ocenia ryzyko wezbrania na 11%. Kierunek wpływu: ↓. Pewność (prawdopodobieństwo z RF): 11%.,0,0,0,0
2023-04-06,wiosna,niskie,0.112,cos_doy,↑,0.112,cos_doy – model ocenia ryzyko wezbrania na 11%. Kierunek wpływu: ↑. Pewność (prawdopodobieństwo z RF): 11%.,0,0,0,0
2023-04-07,wiosna,niskie,0.075,cos_doy,↓,0.075,cos_doy – model ocenia ryzyko wezbrania na 8%. Kierunek wpływu: ↓. Pewność (prawdopodobieństwo z RF): 8%.,0,0,0,0
2023-04-08,wiosna,niskie,0.078,cos_doy,↑,0.078,cos_doy – model ocenia ryzyko wezbrania na 8%. Kierunek wpływu: ↑. Pewność (prawdopodobieństwo z RF): 8%.,0,0,0,0
2023-04-09,wiosna,niskie,0.057,cos_doy,↓,0.057,cos_doy – model ocenia ryzyko wezbrania na 6%. Kierunek wpływu: ↓. Pewność (prawdopodobieństwo z RF): 6%.,0,0,0,0
2023-04-10,wiosna,niskie,0.042,cos_doy,↓,0.042,cos_doy – model ocenia ryzyko wezbrania na 4%. Kierunek wpływu: ↓. Pewność (prawdopodobieństwo z RF): 4%.,0,0,0,0
2023-04-11,wiosna,niskie,0.265,cos_doy,↑,0.265,cos_doy – model ocenia ryzyko wezbrania na 27%. Kierunek wpływu: ↑. Pewność (prawdopodobieństwo z RF): 27%.,0,0,0,0
2023-04-12,wiosna,niskie,0.124,cos_doy,↓,0.124,cos_doy – model ocenia ryzyko wezbrania na 12%. Kierunek wpływu: ↓. Pewność (prawdopodobieństwo z RF): 12%.,0,0,0,0
2023-04-13,wiosna,niskie,0.083,cos_doy,↓,0.083,cos_doy – model ocenia ryzyko wezbrania na 8%. Kierunek wpływu: ↓. Pewność (prawdopodobieństwo z RF): 8%.,0,0,0,0
2023-04-14,wiosna,niskie,0.063,cos_doy,↓,0.063,cos_doy – model ocenia ryzyko wezbrania na 6%. Kierunek wpływu: ↓. Pewność (prawdopodobieństwo z RF): 6%.,0,0,0,0
2023-04-15,wiosna,niskie,0.043,cos_doy,↓,0.043,cos_doy – model ocenia ryzyko wezbrania na 4%. Kierunek wpływu: ↓. Pewność (prawdopodobieństwo z RF): 4%.,0,0,0,0
2023-04-16,wiosna,niskie,0.125,cos_doy,↑,0.125,cos_doy – model ocenia ryzyko wezbrania na 12%. Kierunek wpływu: ↑. Pewność (prawdopodobieństwo z RF): 12%.,0,0,0,0
2023-04-17,wiosna,niskie,0.112,cos_doy,↓,0.112,cos_doy – model ocenia ryzyko wezbrania na 11%. Kierunek wpływu: ↓. Pewność (prawdopodobieństwo z RF): 11%.,0,0,0,0
2023-04-18,wiosna,niskie,0.053,cos_doy,↓,0.053,cos_doy – model ocenia ryzyko wezbrania na 5%. Kierunek wpływu: ↓. Pewność (prawdopodobieństwo z RF): 5%.,0,0,0,0
2023-04-19,wiosna,niskie,0.157,cos_doy,↑,0.157,cos_doy – model ocenia ryzyko wezbrania na 16%. Kierunek wpływu: ↑. Pewność (prawdopodobieństwo z RF): 16%.,0,0,0,0
2023-04-20,wiosna,niskie,0.067,cos_doy,↓,0.067,cos_doy – model ocenia ryzyko wezbrania na 7%. Kierunek wpływu: ↓. Pewność (prawdopodobieństwo z RF): 7%.,0,0,0,0
2023-04-21,wiosna,niskie,0.053,cos_doy,↓,0.053,cos_doy – model ocenia ryzyko wezbrania na 5%. Kierunek wpływu: ↓. Pewność (prawdopodobieństwo z RF): 5%.,0,0,0,0
2023-04-22,wiosna,niskie,0.052,cos_doy,↓,0.052,cos_doy – model ocenia ryzyko wezbrania na 5%. Kierunek wpływu: ↓. Pewność (prawdopodobieństwo z RF): 5%.,0,0,0,0
2023-04-23,wiosna,niskie,0.097,cos_doy,↑,0.097,cos_doy – model ocenia ryzyko wezbrania na 10%. Kierunek wpływu: ↑. Pewność (prawdopodobieństwo z RF): 10%.,0,0,0,0
2023-04-24,wiosna,niskie,0.134,cos_doy,↑,0.134,cos_doy – model ocenia ryzyko wezbrania na 13%. Kierunek wpływu: ↑. Pewność (prawdopodobieństwo z RF): 13%.,0,0,0,0
2023-04-25,wiosna,niskie,0.143,cos_doy,↑,0.143,cos_doy – model ocenia ryzyko wezbrania na 14%. Kierunek wpływu: ↑. Pewność (prawdopodobieństwo z RF): 14%.,0,0,0,0
2023-04-26,wiosna,niskie,0.095,cos_doy,↓,0.095,cos_doy – model ocenia ryzyko wezbrania na 10%. Kierunek wpływu: ↓. Pewność (prawdopodobieństwo z RF): 10%.,0,0,0,0
2023-04-27,wiosna,niskie,0.087,cos_doy,↓,0.087,cos_doy – model ocenia ryzyko wezbrania na 9%. Kierunek wpływu: ↓. Pewność (prawdopodobieństwo z RF): 9%.,0,0,0,0
2023-04-28,wiosna,niskie,0.063,cos_doy,↓,0.063,cos_doy – model ocenia ryzyko wezbrania na 6%. Kierunek wpływu: ↓. Pewność (prawdopodobieństwo z RF): 6%.,0,0,0,0
2023-04-29,wiosna,niskie,0.041,cos_doy,↓,0.041,cos_doy – model ocenia ryzyko wezbrania na 4%. Kierunek wpływu: ↓. Pewność (prawdopodobieństwo z RF): 4%.,0,0,0,0
2023-04-30,wiosna,niskie,0.094,cos_doy,↑,0.094,cos_doy – model ocenia ryzyko wezbrania na 9%. Kierunek wpływu: ↑. Pewność (prawdopodobieństwo z RF): 9%.,0,0,0,0
2023-05-01,wiosna,niskie,0.054,cos_doy,↓,0.054,cos_doy – model ocenia ryzyko wezbrania na 5%. Kierunek wpływu: ↓. Pewność (prawdopodobieństwo z RF): 5%.,0,0,0,0
2023-05-02,wiosna,niskie,0.088,cos_doy,↑,0.088,cos_doy – model ocenia ryzyko wezbrania na 9%. Kierunek wpływu: ↑. Pewność (prawdopodobieństwo z RF): 9%.,0,0,0,0
2023-05-03,wiosna,niskie,0.153,cos_doy,↑,0.153,cos_doy – model ocenia ryzyko wezbrania na 15%. Kierunek wpływu: ↑. Pewność (prawdopodobieństwo z RF): 15%.,0,0,0,0
2023-05-04,wiosna,niskie,0.057,cos_doy,↓,0.057,cos_doy – model ocenia ryzyko wezbrania na 6%. Kierunek wpływu: ↓. Pewność (prawdopodobieństwo z RF): 6%.,0,0,0,0
2023-05-05,wiosna,niskie,0.094,cos_doy,↑,0.094,cos_doy – model ocenia ryzyko wezbrania na 9%. Kierunek wpływu: ↑. Pewność (prawdopodobieństwo z RF): 9%.,0,0,0,0
2023-05-06,wiosna,niskie,0.068,cos_doy,↓,0.068,cos_doy – model ocenia ryzyko wezbrania na 7%. Kierunek wpływu: ↓. Pewność (prawdopodobieństwo z RF): 7%.,0,0,0,0
2023-05-07,wiosna,niskie,0.051,cos_doy,↓,0.051,cos_doy – model ocenia ryzyko wezbrania na 5%. Kierunek wpływu: ↓. Pewność (prawdopodobieństwo z RF): 5%.,0,0,0,0
2023-05-08,wiosna,niskie,0.028,cos_doy,↓,0.028,cos_doy – model ocenia ryzyko wezbrania na 3%. Kierunek wpływu: ↓. Pewność (prawdopodobieństwo z RF): 3%.,0,0,0,0
2023-05-09,wiosna,niskie,0.024,cos_doy,↓,0.024,cos_doy – model ocenia ryzyko wezbrania na 2%. Kierunek wpływu: ↓. Pewność (prawdopodobieństwo z RF): 2%.,0,0,0,0
2023-05-10,wiosna,niskie,0.046,cos_doy,↑,0.046,cos_doy – model ocenia ryzyko wezbrania na 5%. Kierunek wpływu: ↑. Pewność (prawdopodobieństwo z RF): 5%.,0,0,0,0
2023-05-11,wiosna,niskie,0.037,cos_doy,↓,0.037,cos_doy – model ocenia ryzyko wezbrania na 4%. Kierunek wpływu: ↓. Pewność (prawdopodobieństwo z RF): 4%.,0,0,0,0
2023-05-12,wiosna,niskie,0.011,cos_doy,↓,0.011,cos_doy – model ocenia ryzyko wezbrania na 1%. Kierunek wpływu: ↓. Pewność (prawdopodobieństwo z RF): 1%.,0,0,0,0
2023-05-13,wiosna,niskie,0.022,cos_doy,↑,0.022,cos_doy – model ocenia ryzyko wezbrania na 2%. Kierunek wpływu: ↑. Pewność (prawdopodobieństwo z RF): 2%.,0,0,0,0
2023-05-14,wiosna,niskie,0.019,cos_doy,↓,0.019,cos_doy – model ocenia ryzyko wezbrania na 2%. Kierunek wpływu: ↓. Pewność (prawdopodobieństwo z RF): 2%.,0,0,0,0
2023-05-15,wiosna,niskie,0.324,cos_doy,↑,0.324,cos_doy – model ocenia ryzyko wezbrania na 32%. Kierunek wpływu: ↑. Pewność (prawdopodobieństwo z RF): 32%.,0,0,0,0
2023-05-16,wiosna,niskie,0.267,cos_doy,↓,0.267,cos_doy – model ocenia ryzyko wezbrania na 27%. Kierunek wpływu: ↓. Pewność (prawdopodobieństwo z RF): 27%.,0,0,0,0
2023-05-17,wiosna,niskie,0.199,cos_doy,↓,0.199,cos_doy – model ocenia ryzyko wezbrania na 20%. Kierunek wpływu: ↓. Pewność (prawdopodobieństwo z RF): 20%.,0,0,0,0
2023-05-18,wiosna,niskie,0.099,cos_doy,↓,0.099,cos_doy – model ocenia ryzyko wezbrania na 10%. Kierunek wpływu: ↓. Pewność (prawdopodobieństwo z RF): 10%.,0,0,0,0
2023-05-19,wiosna,niskie,0.126,cos_doy,↑,0.126,cos_doy – model ocenia ryzyko wezbrania na 13%. Kierunek wpływu: ↑. Pewność (prawdopodobieństwo z RF): 13%.,0,0,0,0
2023-05-20,wiosna,niskie,0.043,cos_doy,↓,0.043,cos_doy – model ocenia ryzyko wezbrania na 4%. Kierunek wpływu: ↓. Pewność (prawdopodobieństwo z RF): 4%.,0,0,0,0
2023-05-21,wiosna,niskie,0.034,cos_doy,↓,0.034,cos_doy – model ocenia ryzyko wezbrania na 3%. Kierunek wpływu: ↓. Pewność (prawdopodobieństwo z RF): 3%.,0,0,0,0
2023-05-22,wiosna,niskie,0.041,cos_doy,↑,0.041,cos_doy – model ocenia ryzyko wezbrania na 4%. Kierunek wpływu: ↑. Pewność (prawdopodobieństwo z RF): 4%.,0,0,0,0
2023-05-23,wiosna,niskie,0.047,cos_doy,↑,0.047,cos_doy – model ocenia ryzyko wezbrania na 5%. Kierunek wpływu: ↑. Pewność (prawdopodobieństwo z RF): 5%.,0,0,0,0
2023-05-24,wiosna,niskie,0.095,cos_doy,↑,0.095,cos_doy – model ocenia ryzyko wezbrania na 10%. Kierunek wpływu: ↑. Pewność (prawdopodobieństwo z RF): 10%.,0,0,0,0
2023-05-25,wiosna,niskie,0.042,cos_doy,↓,0.042,cos_doy – model ocenia ryzyko wezbrania na 4%. Kierunek wpływu: ↓. Pewność (prawdopodobieństwo z RF): 4%.,0,0,0,0
2023-05-26,wiosna,niskie,0.032,cos_doy,↓,0.032,cos_doy – model ocenia ryzyko wezbrania na 3%. Kierunek wpływu: ↓. Pewność (prawdopodobieństwo z RF): 3%.,0,0,0,0
2023-05-27,wiosna,niskie,0.016,cos_doy,↓,0.016,cos_doy – model ocenia ryzyko wezbrania na 2%. Kierunek wpływu: ↓. Pewność (prawdopodobieństwo z RF): 2%.,0,0,0,0
2023-05-28,wiosna,niskie,0.016,cos_doy,↑,0.016,cos_doy – model ocenia ryzyko wezbrania na 2%. Kierunek wpływu: ↑. Pewność (prawdopodobieństwo z RF): 2%.,0,0,0,0
2023-05-29,wiosna,niskie,0.01,cos_doy,↓,0.01,cos_doy – model ocenia ryzyko wezbrania na 1%. Kierunek wpływu: ↓. Pewność (prawdopodobieństwo z RF): 1%.,0,0,0,0
2023-05-30,wiosna,niskie,0.016,cos_doy,↑,0.016,cos_doy – model ocenia ryzyko wezbrania na 2%. Kierunek wpływu: ↑. Pewność (prawdopodobieństwo z RF): 2%.,0,0,0,0
2023-05-31,wiosna,niskie,0.089,cos_doy,↑,0.089,cos_doy – model ocenia ryzyko wezbrania na 9%. Kierunek wpływu: ↑. Pewność (prawdopodobieństwo z RF): 9%.,0,0,0,0
2023-06-01,lato,niskie,0.069,cos_doy,↓,0.069,cos_doy – model ocenia ryzyko wezbrania na 7%. Kierunek wpływu: ↓. Pewność (prawdopodobieństwo z RF): 7%.,0,0,0,0
2023-06-02,lato,niskie,0.095,cos_doy,↑,0.095,cos_doy – model ocenia ryzyko wezbrania na 9%. Kierunek wpływu: ↑. Pewność (prawdopodobieństwo z RF): 9%.,0,0,0,0
2023-06-03,lato,niskie,0.032,cos_doy,↓,0.032,cos_doy – model ocenia ryzyko wezbrania na 3%. Kierunek wpływu: ↓. Pewność (prawdopodobieństwo z RF): 3%.,0,0,0,0
2023-06-04,lato,niskie,0.008,cos_doy,↓,0.008,cos_doy – model ocenia ryzyko wezbrania na 1%. Kierunek wpływu: ↓. Pewność (prawdopodobieństwo z RF): 1%.,0,0,0,0
2023-06-05,lato,niskie,0.021,cos_doy,↑,0.021,cos_doy – model ocenia ryzyko wezbrania na 2%. Kierunek wpływu: ↑. Pewność (prawdopodobieństwo z RF): 2%.,0,0,0,0
2023-06-06,lato,niskie,0.011,cos_doy,↓,0.011,cos_doy – model ocenia ryzyko wezbrania na 1%. Kierunek wpływu: ↓. Pewność (prawdopodobieństwo z RF): 1%.,0,0,0,0
2023-06-07,lato,niskie,0.008,cos_doy,↓,0.008,cos_doy – model ocenia ryzyko wezbrania na 1%. Kierunek wpływu: ↓. Pewność (prawdopodobieństwo z RF): 1%.,0,0,0,0
2023-06-08,lato,niskie,0.007,cos_doy,↓,0.007,cos_doy – model ocenia ryzyko wezbrania na 1%. Kierunek wpływu: ↓. Pewność (prawdopodobieństwo z RF): 1%.,0,0,0,0
2023-06-09,lato,niskie,0.071,cos_doy,↑,0.071,cos_doy – model ocenia ryzyko wezbrania na 7%. Kierunek wpływu: ↑. Pewność (prawdopodobieństwo z RF): 7%.,0,0,0,0
2023-06-10,lato,niskie,0.125,cos_doy,↑,0.125,cos_doy – model ocenia ryzyko wezbrania na 13%. Kierunek wpływu: ↑. Pewność (prawdopodobieństwo z RF): 13%.,0,0,0,0
2023-06-11,lato,niskie,0.05,cos_doy,↓,0.05,cos_doy – model ocenia ryzyko wezbrania na 5%. Kierunek wpływu: ↓. Pewność (prawdopodobieństwo z RF): 5%.,0,0,0,0
2023-06-12,lato,niskie,0.029,cos_doy,↓,0.029,cos_doy – model ocenia ryzyko wezbrania na 3%. Kierunek wpływu: ↓. Pewność (prawdopodobieństwo z RF): 3%.,0,0,0,0
2023-06-13,lato,niskie,0.014,cos_doy,↓,0.014,cos_doy – model ocenia ryzyko wezbrania na 1%. Kierunek wpływu: ↓. Pewność (prawdopodobieństwo z RF): 1%.,0,0,0,0
2023-06-14,lato,niskie,0.024,cos_doy,↑,0.024,cos_doy – model ocenia ryzyko wezbrania na 2%. Kierunek wpływu: ↑. Pewność (prawdopodobieństwo z RF): 2%.,0,0,0,0
2023-06-15,lato,niskie,0.054,cos_doy,↑,0.054,cos_doy – model ocenia ryzyko wezbrania na 5%. Kierunek wpływu: ↑. Pewność (prawdopodobieństwo z RF): 5%.,0,0,0,0
2023-06-16,lato,niskie,0.051,cos_doy,↓,0.051,cos_doy – model ocenia ryzyko wezbrania na 5%. Kierunek wpływu: ↓. Pewność (prawdopodobieństwo z RF): 5%.,0,0,0,0
2023-06-17,lato,niskie,0.027,cos_doy,↓,0.027,cos_doy – model ocenia ryzyko wezbrania na 3%. Kierunek wpływu: ↓. Pewność (prawdopodobieństwo z RF): 3%.,0,0,0,0
2023-06-18,lato,niskie,0.005,cos_doy,↓,0.005,cos_doy – model ocenia ryzyko wezbrania na 1%. Kierunek wpływu: ↓. Pewność (prawdopodobieństwo z RF): 1%.,0,0,0,0
2023-06-19,lato,niskie,0.0,cos_doy,↓,0.0,cos_doy – model ocenia ryzyko wezbrania na 0%. Kierunek wpływu: ↓. Pewność (prawdopodobieństwo z RF): 0%.,0,0,0,0
2023-06-20,lato,niskie,0.007,cos_doy,↑,0.007,cos_doy – model ocenia ryzyko wezbrania na 1%. Kierunek wpływu: ↑. Pewność (prawdopodobieństwo z RF): 1%.,0,0,0,0
2023-06-21,lato,niskie,0.017,cos_doy,↑,0.017,cos_doy – model ocenia ryzyko wezbrania na 2%. Kierunek wpływu: ↑. Pewność (prawdopodobieństwo z RF): 2%.,0,0,0,0
2023-06-22,lato,niskie,0.039,cos_doy,↑,0.039,cos_doy – model ocenia ryzyko wezbrania na 4%. Kierunek wpływu: ↑. Pewność (prawdopodobieństwo z RF): 4%.,0,0,0,0
2023-06-23,lato,niskie,0.047,cos_doy,↑,0.047,cos_doy – model ocenia ryzyko wezbrania na 5%. Kierunek wpływu: ↑. Pewność (prawdopodobieństwo z RF): 5%.,0,0,0,0
2023-06-24,lato,niskie,0.026,cos_doy,↓,0.026,cos_doy – model ocenia ryzyko wezbrania na 3%. Kierunek wpływu: ↓. Pewność (prawdopodobieństwo z RF): 3%.,0,0,0,0
2023-06-25,lato,niskie,0.014,cos_doy,↓,0.014,cos_doy – model ocenia ryzyko wezbrania na 1%. Kierunek wpływu: ↓. Pewność (prawdopodobieństwo z RF): 1%.,0,0,0,0
2023-06-26,lato,niskie,0.024,cos_doy,↑,0.024,cos_doy – model ocenia ryzyko wezbrania na 2%. Kierunek wpływu: ↑. Pewność (prawdopodobieństwo z RF): 2%.,0,0,0,0
2023-06-27,lato,niskie,0.15,cos_doy,↑,0.15,cos_doy – model ocenia ryzyko wezbrania na 15%. Kierunek wpływu: ↑. Pewność (prawdopodobieństwo z RF): 15%.,0,0,0,0
2023-06-28,lato,niskie,0.117,cos_doy,↓,0.117,cos_doy – model ocenia ryzyko wezbrania na 12%. Kierunek wpływu: ↓. Pewność (prawdopodobieństwo z RF): 12%.,0,0,0,0
2023-06-29,lato,niskie,0.06,cos_doy,↓,0.06,cos_doy – model ocenia ryzyko wezbrania na 6%. Kierunek wpływu: ↓. Pewność (prawdopodobieństwo z RF): 6%.,0,0,0,0
2023-06-30,lato,niskie,0.086,cos_doy,↑,0.086,cos_doy – model ocenia ryzyko wezbrania na 9%. Kierunek wpływu: ↑. Pewność (prawdopodobieństwo z RF): 9%.,0,0,0,0
2023-07-01,lato,niskie,0.062,cos_doy,↓,0.062,cos_doy – model ocenia ryzyko wezbrania na 6%. Kierunek wpływu: ↓. Pewność (prawdopodobieństwo z RF): 6%.,0,0,0,0
2023-07-02,lato,niskie,0.155,cos_doy,↑,0.155,cos_doy – model ocenia ryzyko wezbrania na 16%. Kierunek wpływu: ↑. Pewność (prawdopodobieństwo z RF): 16%.,0,0,0,0
2023-07-03,lato,niskie,0.116,cos_doy,↓,0.116,cos_doy – model ocenia ryzyko wezbrania na 12%. Kierunek wpływu: ↓. Pewność (prawdopodobieństwo z RF): 12%.,0,0,0,0
2023-07-04,lato,niskie,0.089,cos_doy,↓,0.089,cos_doy – model ocenia ryzyko wezbrania na 9%. Kierunek wpływu: ↓. Pewność (prawdopodobieństwo z RF): 9%.,0,0,0,0
2023-07-05,lato,niskie,0.171,cos_doy,↑,0.171,cos_doy – model ocenia ryzyko wezbrania na 17%. Kierunek wpływu: ↑. Pewność (prawdopodobieństwo z RF): 17%.,0,0,0,0
2023-07-06,lato,niskie,0.157,cos_doy,↓,0.157,cos_doy – model ocenia ryzyko wezbrania na 16%. Kierunek wpływu: ↓. Pewność (prawdopodobieństwo z RF): 16%.,0,0,0,0
2023-07-07,lato,niskie,0.056,cos_doy,↓,0.056,cos_doy – model ocenia ryzyko wezbrania na 6%. Kierunek wpływu: ↓. Pewność (prawdopodobieństwo z RF): 6%.,0,0,0,0
2023-07-08,lato,niskie,0.069,cos_doy,↑,0.069,cos_doy – model ocenia ryzyko wezbrania na 7%. Kierunek wpływu: ↑. Pewność (prawdopodobieństwo z RF): 7%.,0,0,0,0
2023-07-09,lato,niskie,0.034,cos_doy,↓,0.034,cos_doy – model ocenia ryzyko wezbrania na 3%. Kierunek wpływu: ↓. Pewność (prawdopodobieństwo z RF): 3%.,0,0,0,0
2023-07-10,lato,niskie,0.025,cos_doy,↓,0.025,cos_doy – model ocenia ryzyko wezbrania na 3%. Kierunek wpływu: ↓. Pewność (prawdopodobieństwo z RF): 3%.,0,0,0,0
2023-07-11,lato,niskie,0.049,cos_doy,↑,0.049,cos_doy – model ocenia ryzyko wezbrania na 5%. Kierunek wpływu: ↑. Pewność (prawdopodobieństwo z RF): 5%.,0,0,0,0
2023-07-12,lato,niskie,0.166,cos_doy,↑,0.166,cos_doy – model ocenia ryzyko wezbrania na 17%. Kierunek wpływu: ↑. Pewność (prawdopodobieństwo z RF): 17%.,0,0,0,0
2023-07-13,lato,niskie,0.089,cos_doy,↓,0.089,cos_doy – model ocenia ryzyko wezbrania na 9%. Kierunek wpływu: ↓. Pewność (prawdopodobieństwo z RF): 9%.,0,0,0,0
2023-07-14,lato,niskie,0.046,cos_doy,↓,0.046,cos_doy – model ocenia ryzyko wezbrania na 5%. Kierunek wpływu: ↓. Pewność (prawdopodobieństwo z RF): 5%.,0,0,0,0
2023-07-15,lato,niskie,0.03,cos_doy,↓,0.03,cos_doy – model ocenia ryzyko wezbrania na 3%. Kierunek wpływu: ↓. Pewność (prawdopodobieństwo z RF): 3%.,0,0,0,0
2023-07-16,lato,niskie,0.035,cos_doy,↑,0.035,cos_doy – model ocenia ryzyko wezbrania na 4%. Kierunek wpływu: ↑. Pewność (prawdopodobieństwo z RF): 4%.,0,0,0,0
2023-07-17,lato,niskie,0.035,cos_doy,↓,0.035,cos_doy – model ocenia ryzyko wezbrania na 3%. Kierunek wpływu: ↓. Pewność (prawdopodobieństwo z RF): 3%.,0,0,0,0
2023-07-18,lato,niskie,0.111,cos_doy,↑,0.111,cos_doy – model ocenia ryzyko wezbrania na 11%. Kierunek wpływu: ↑. Pewność (prawdopodobieństwo z RF): 11%.,0,0,0,0
2023-07-19,lato,niskie,0.108,cos_doy,↓,0.108,cos_doy – model ocenia ryzyko wezbrania na 11%. Kierunek wpływu: ↓. Pewność (prawdopodobieństwo z RF): 11%.,0,0,0,0
2023-07-20,lato,niskie,0.04,cos_doy,↓,0.04,cos_doy – model ocenia ryzyko wezbrania na 4%. Kierunek wpływu: ↓. Pewność (prawdopodobieństwo z RF): 4%.,0,0,0,0
2023-07-21,lato,niskie,0.061,cos_doy,↑,0.061,cos_doy – model ocenia ryzyko wezbrania na 6%. Kierunek wpływu: ↑. Pewność (prawdopodobieństwo z RF): 6%.,0,0,0,0
2023-07-22,lato,niskie,0.083,cos_doy,↑,0.083,cos_doy – model ocenia ryzyko wezbrania na 8%. Kierunek wpływu: ↑. Pewność (prawdopodobieństwo z RF): 8%.,0,0,0,0
2023-07-23,lato,niskie,0.081,cos_doy,↓,0.081,cos_doy – model ocenia ryzyko wezbrania na 8%. Kierunek wpływu: ↓. Pewność (prawdopodobieństwo z RF): 8%.,0,0,0,0
2023-07-24,lato,niskie,0.24,cos_doy,↑,0.24,cos_doy – model ocenia ryzyko wezbrania na 24%. Kierunek wpływu: ↑. Pewność (prawdopodobieństwo z RF): 24%.,0,0,0,0
2023-07-25,lato,niskie,0.199,cos_doy,↓,0.199,cos_doy – model ocenia ryzyko wezbrania na 20%. Kierunek wpływu: ↓. Pewność (prawdopodobieństwo z RF): 20%.,0,0,0,0
2023-07-26,lato,niskie,0.3,cos_doy,↑,0.3,cos_doy – model ocenia ryzyko wezbrania na 30%. Kierunek wpływu: ↑. Pewność (prawdopodobieństwo z RF): 30%.,0,0,0,0
2023-07-27,lato,niskie,0.248,cos_doy,↓,0.248,cos_doy – model ocenia ryzyko wezbrania na 25%. Kierunek wpływu: ↓. Pewność (prawdopodobieństwo z RF): 25%.,0,0,0,0
2023-07-28,lato,niskie,0.148,cos_doy,↓,0.148,cos_doy – model ocenia ryzyko wezbrania na 15%. Kierunek wpływu: ↓. Pewność (prawdopodobieństwo z RF): 15%.,0,0,0,0
2023-07-29,lato,niskie,0.118,cos_doy,↓,0.118,cos_doy – model ocenia ryzyko wezbrania na 12%. Kierunek wpływu: ↓. Pewność (prawdopodobieństwo z RF): 12%.,0,0,0,0
2023-07-30,lato,niskie,0.145,cos_doy,↑,0.145,cos_doy – model ocenia ryzyko wezbrania na 15%. Kierunek wpływu: ↑. Pewność (prawdopodobieństwo z RF): 15%.,0,1,0,0
2023-07-31,lato,niskie,0.177,cos_doy,↑,0.177,cos_doy – model ocenia ryzyko wezbrania na 18%. Kierunek wpływu: ↑. Pewność (prawdopodobieństwo z RF): 18%.,0,0,0,0
2023-08-01,lato,niskie,0.341,cos_doy,↑,0.341,cos_doy – model ocenia ryzyko wezbrania na 34%. Kierunek wpływu: ↑. Pewność (prawdopodobieństwo z RF): 34%.,0,0,0,0
2023-08-02,lato,niskie,0.204,cos_doy,↓,0.204,cos_doy – model ocenia ryzyko wezbrania na 20%. Kierunek wpływu: ↓. Pewność (prawdopodobieństwo z RF): 20%.,0,0,0,0
2023-08-03,lato,niskie,0.145,cos_doy,↓,0.145,cos_doy – model ocenia ryzyko wezbrania na 14%. Kierunek wpływu: ↓. Pewność (prawdopodobieństwo z RF): 14%.,0,0,0,0
2023-08-04,lato,niskie,0.265,cos_doy,↑,0.265,cos_doy – model ocenia ryzyko wezbrania na 27%. Kierunek wpływu: ↑. Pewność (prawdopodobieństwo z RF): 27%.,0,0,0,0
2023-08-05,lato,niskie,0.137,cos_doy,↓,0.137,cos_doy – model ocenia ryzyko wezbrania na 14%. Kierunek wpływu: ↓. Pewność (prawdopodobieństwo z RF): 14%.,0,0,0,0
2023-08-06,lato,średnie,0.538,cos_doy,↑,0.538,cos_doy – model ocenia ryzyko wezbrania na 54%. Kierunek wpływu: ↑. Pewność (prawdopodobieństwo z RF): 54%.,1,1,1,1
2023-08-07,lato,niskie,0.414,cos_doy,↓,0.414,cos_doy – model ocenia ryzyko wezbrania na 41%. Kierunek wpływu: ↓. Pewność (prawdopodobieństwo z RF): 41%.,1,1,1,1
2023-08-08,lato,niskie,0.309,cos_doy,↓,0.309,cos_doy – model ocenia ryzyko wezbrania na 31%. Kierunek wpływu: ↓. Pewność (prawdopodobieństwo z RF): 31%.,0,0,0,0
2023-08-09,lato,niskie,0.235,cos_doy,↓,0.235,cos_doy – model ocenia ryzyko wezbrania na 23%. Kierunek wpływu: ↓. Pewność (prawdopodobieństwo z RF): 23%.,0,1,0,0
2023-08-10,lato,niskie,0.134,cos_doy,↓,0.134,cos_doy – model ocenia ryzyko wezbrania na 13%. Kierunek wpływu: ↓. Pewność (prawdopodobieństwo z RF): 13%.,0,0,0,0
2023-08-11,lato,niskie,0.074,cos_doy,↓,0.074,cos_doy – model ocenia ryzyko wezbrania na 7%. Kierunek wpływu: ↓. Pewność (prawdopodobieństwo z RF): 7%.,0,0,0,0
2023-08-12,lato,niskie,0.04,cos_doy,↓,0.04,cos_doy – model ocenia ryzyko wezbrania na 4%. Kierunek wpływu: ↓. Pewność (prawdopodobieństwo z RF): 4%.,0,0,0,0
2023-08-13,lato,niskie,0.024,cos_doy,↓,0.024,cos_doy – model ocenia ryzyko wezbrania na 2%. Kierunek wpływu: ↓. Pewność (prawdopodobieństwo z RF): 2%.,0,0,0,0
2023-08-14,lato,niskie,0.024,cos_doy,↓,0.024,cos_doy – model ocenia ryzyko wezbrania na 2%. Kierunek wpływu: ↓. Pewność (prawdopodobieństwo z RF): 2%.,0,0,0,0
2023-08-15,lato,niskie,0.016,cos_doy,↓,0.016,cos_doy – model ocenia ryzyko wezbrania na 2%. Kierunek wpływu: ↓. Pewność (prawdopodobieństwo z RF): 2%.,0,0,0,0
2023-08-16,lato,niskie,0.047,cos_doy,↑,0.047,cos_doy – model ocenia ryzyko wezbrania na 5%. Kierunek wpływu: ↑. Pewność (prawdopodobieństwo z RF): 5%.,0,0,0,0
2023-08-17,lato,niskie,0.064,cos_doy,↑,0.064,cos_doy – model ocenia ryzyko wezbrania na 6%. Kierunek wpływu: ↑. Pewność (prawdopodobieństwo z RF): 6%.,0,0,0,0
2023-08-18,lato,niskie,0.037,cos_doy,↓,0.037,cos_doy – model ocenia ryzyko wezbrania na 4%. Kierunek wpływu: ↓. Pewność (prawdopodobieństwo z RF): 4%.,0,0,0,0
2023-08-19,lato,niskie,0.021,cos_doy,↓,0.021,cos_doy – model ocenia ryzyko wezbrania na 2%. Kierunek wpływu: ↓. Pewność (prawdopodobieństwo z RF): 2%.,0,0,0,0
2023-08-20,lato,niskie,0.026,cos_doy,↑,0.026,cos_doy – model ocenia ryzyko wezbrania na 3%. Kierunek wpływu: ↑. Pewność (prawdopodobieństwo z RF): 3%.,0,0,0,0
2023-08-21,lato,niskie,0.017,cos_doy,↓,0.017,cos_doy – model ocenia ryzyko wezbrania na 2%. Kierunek wpływu: ↓. Pewność (prawdopodobieństwo z RF): 2%.,0,0,0,0
2023-08-22,lato,niskie,0.039,cos_doy,↑,0.039,cos_doy – model ocenia ryzyko wezbrania na 4%. Kierunek wpływu: ↑. Pewność (prawdopodobieństwo z RF): 4%.,0,0,0,0
2023-08-23,lato,niskie,0.009,cos_doy,↓,0.009,cos_doy – model ocenia ryzyko wezbrania na 1%. Kierunek wpływu: ↓. Pewność (prawdopodobieństwo z RF): 1%.,0,0,0,0
2023-08-24,lato,niskie,0.015,cos_doy,↑,0.015,cos_doy – model ocenia ryzyko wezbrania na 1%. Kierunek wpływu: ↑. Pewność (prawdopodobieństwo z RF): 1%.,0,0,0,0
2023-08-25,lato,niskie,0.049,cos_doy,↑,0.049,cos_doy – model ocenia ryzyko wezbrania na 5%. Kierunek wpływu: ↑. Pewność (prawdopodobieństwo z RF): 5%.,0,0,0,0
2023-08-26,lato,niskie,0.029,cos_doy,↓,0.029,cos_doy – model ocenia ryzyko wezbrania na 3%. Kierunek wpływu: ↓. Pewność (prawdopodobieństwo z RF): 3%.,0,0,0,0
2023-08-27,lato,niskie,0.099,cos_doy,↑,0.099,cos_doy – model ocenia ryzyko wezbrania na 10%. Kierunek wpływu: ↑. Pewność (prawdopodobieństwo z RF): 10%.,0,0,0,0
2023-08-28,lato,niskie,0.15,cos_doy,↑,0.15,cos_doy – model ocenia ryzyko wezbrania na 15%. Kierunek wpływu: ↑. Pewność (prawdopodobieństwo z RF): 15%.,0,0,0,0
2023-08-29,lato,niskie,0.327,cos_doy,↑,0.327,cos_doy – model ocenia ryzyko wezbrania na 33%. Kierunek wpływu: ↑. Pewność (prawdopodobieństwo z RF): 33%.,0,0,0,0
2023-08-30,lato,niskie,0.203,cos_doy,↓,0.203,cos_doy – model ocenia ryzyko wezbrania na 20%. Kierunek wpływu: ↓. Pewność (prawdopodobieństwo z RF): 20%.,0,0,0,0
2023-08-31,lato,niskie,0.231,cos_doy,↑,0.231,cos_doy – model ocenia ryzyko wezbrania na 23%. Kierunek wpływu: ↑. Pewność (prawdopodobieństwo z RF): 23%.,0,0,0,0
2023-09-01,jesien,niskie,0.332,cos_doy,↑,0.332,cos_doy – model ocenia ryzyko wezbrania na 33%. Kierunek wpływu: ↑. Pewność (prawdopodobieństwo z RF): 33%.,0,0,0,0
2023-09-02,jesien,niskie,0.264,cos_doy,↓,0.264,cos_doy – model ocenia ryzyko wezbrania na 26%. Kierunek wpływu: ↓. Pewność (prawdopodobieństwo z RF): 26%.,0,0,0,0
2023-09-03,jesien,niskie,0.069,cos_doy,↓,0.069,cos_doy – model ocenia ryzyko wezbrania na 7%. Kierunek wpływu: ↓. Pewność (prawdopodobieństwo z RF): 7%.,0,0,0,0
2023-09-04,jesien,niskie,0.035,cos_doy,↓,0.035,cos_doy – model ocenia ryzyko wezbrania na 3%. Kierunek wpływu: ↓. Pewność (prawdopodobieństwo z RF): 3%.,0,0,0,0
2023-09-05,jesien,niskie,0.011,cos_doy,↓,0.011,cos_doy – model ocenia ryzyko wezbrania na 1%. Kierunek wpływu: ↓. Pewność (prawdopodobieństwo z RF): 1%.,0,0,0,0
2023-09-06,jesien,niskie,0.071,cos_doy,↑,0.071,cos_doy – model ocenia ryzyko wezbrania na 7%. Kierunek wpływu: ↑. Pewność (prawdopodobieństwo z RF): 7%.,0,0,0,0
2023-09-07,jesien,niskie,0.02,cos_doy,↓,0.02,cos_doy – model ocenia ryzyko wezbrania na 2%. Kierunek wpływu: ↓. Pewność (prawdopodobieństwo z RF): 2%.,0,0,0,0
2023-09-08,jesien,niskie,0.014,cos_doy,↓,0.014,cos_doy – model ocenia ryzyko wezbrania na 1%. Kierunek wpływu: ↓. Pewność (prawdopodobieństwo z RF): 1%.,0,0,0,0
2023-09-09,jesien,niskie,0.009,cos_doy,↓,0.009,cos_doy – model ocenia ryzyko wezbrania na 1%. Kierunek wpływu: ↓. Pewność (prawdopodobieństwo z RF): 1%.,0,0,0,0
2023-09-10,jesien,niskie,0.049,cos_doy,↑,0.049,cos_doy – model ocenia ryzyko wezbrania na 5%. Kierunek wpływu: ↑. Pewność (prawdopodobieństwo z RF): 5%.,0,0,0,0
2023-09-11,jesien,niskie,0.055,cos_doy,↑,0.055,cos_doy – model ocenia ryzyko wezbrania na 5%. Kierunek wpływu: ↑. Pewność (prawdopodobieństwo z RF): 5%.,0,0,0,0
2023-09-12,jesien,niskie,0.046,cos_doy,↓,0.046,cos_doy – model ocenia ryzyko wezbrania na 5%. Kierunek wpływu: ↓. Pewność (prawdopodobieństwo z RF): 5%.,0,0,0,0
2023-09-13,jesien,niskie,0.036,cos_doy,↓,0.036,cos_doy – model ocenia ryzyko wezbrania na 4%. Kierunek wpływu: ↓. Pewność (prawdopodobieństwo z RF): 4%.,0,0,0,0
2023-09-14,jesien,niskie,0.247,cos_doy,↑,0.247,cos_doy – model ocenia ryzyko wezbrania na 25%. Kierunek wpływu: ↑. Pewność (prawdopodobieństwo z RF): 25%.,0,0,0,0
2023-09-15,jesien,niskie,0.104,cos_doy,↓,0.104,cos_doy – model ocenia ryzyko wezbrania na 10%. Kierunek wpływu: ↓. Pewność (prawdopodobieństwo z RF): 10%.,0,0,0,0
2023-09-16,jesien,niskie,0.082,cos_doy,↓,0.082,cos_doy – model ocenia ryzyko wezbrania na 8%. Kierunek wpływu: ↓. Pewność (prawdopodobieństwo z RF): 8%.,0,0,0,0
2023-09-17,jesien,niskie,0.032,cos_doy,↓,0.032,cos_doy – model ocenia ryzyko wezbrania na 3%. Kierunek wpływu: ↓. Pewność (prawdopodobieństwo z RF): 3%.,0,0,0,0
2023-09-18,jesien,niskie,0.122,cos_doy,↑,0.122,cos_doy – model ocenia ryzyko wezbrania na 12%. Kierunek wpływu: ↑. Pewność (prawdopodobieństwo z RF): 12%.,0,0,0,0
2023-09-19,jesien,niskie,0.091,cos_doy,↓,0.091,cos_doy – model ocenia ryzyko wezbrania na 9%. Kierunek wpływu: ↓. Pewność (prawdopodobieństwo z RF): 9%.,0,0,0,0
2023-09-20,jesien,niskie,0.065,cos_doy,↓,0.065,cos_doy – model ocenia ryzyko wezbrania na 6%. Kierunek wpływu: ↓. Pewność (prawdopodobieństwo z RF): 6%.,0,0,0,0
2023-09-21,jesien,niskie,0.03,cos_doy,↓,0.03,cos_doy – model ocenia ryzyko wezbrania na 3%. Kierunek wpływu: ↓. Pewność (prawdopodobieństwo z RF): 3%.,0,0,0,0
2023-09-22,jesien,niskie,0.084,cos_doy,↑,0.084,cos_doy – model ocenia ryzyko wezbrania na 8%. Kierunek wpływu: ↑. Pewność (prawdopodobieństwo z RF): 8%.,0,0,0,0
2023-09-23,jesien,niskie,0.231,cos_doy,↑,0.231,cos_doy – model ocenia ryzyko wezbrania na 23%. Kierunek wpływu: ↑. Pewność (prawdopodobieństwo z RF): 23%.,0,0,0,0
2023-09-24,jesien,niskie,0.289,cos_doy,↑,0.289,cos_doy – model ocenia ryzyko wezbrania na 29%. Kierunek wpływu: ↑. Pewność (prawdopodobieństwo z RF): 29%.,0,0,0,0
2023-09-25,jesien,niskie,0.077,cos_doy,↓,0.077,cos_doy – model ocenia ryzyko wezbrania na 8%. Kierunek wpływu: ↓. Pewność (prawdopodobieństwo z RF): 8%.,0,0,0,0
2023-09-26,jesien,niskie,0.051,cos_doy,↓,0.051,cos_doy – model ocenia ryzyko wezbrania na 5%. Kierunek wpływu: ↓. Pewność (prawdopodobieństwo z RF): 5%.,0,0,0,0
2023-09-27,jesien,niskie,0.017,cos_doy,↓,0.017,cos_doy – model ocenia ryzyko wezbrania na 2%. Kierunek wpływu: ↓. Pewność (prawdopodobieństwo z RF): 2%.,0,0,0,0
2023-09-28,jesien,niskie,0.03,cos_doy,↑,0.03,cos_doy – model ocenia ryzyko wezbrania na 3%. Kierunek wpływu: ↑. Pewność (prawdopodobieństwo z RF): 3%.,0,0,0,0
2023-09-29,jesien,niskie,0.087,cos_doy,↑,0.087,cos_doy – model ocenia ryzyko wezbrania na 9%. Kierunek wpływu: ↑. Pewność (prawdopodobieństwo z RF): 9%.,0,0,0,0
2023-09-30,jesien,niskie,0.138,cos_doy,↑,0.138,cos_doy – model ocenia ryzyko wezbrania na 14%. Kierunek wpływu: ↑. Pewność (prawdopodobieństwo z RF): 14%.,0,0,0,0
2023-10-01,jesien,niskie,0.058,cos_doy,↓,0.058,cos_doy – model ocenia ryzyko wezbrania na 6%. Kierunek wpływu: ↓. Pewność (prawdopodobieństwo z RF): 6%.,0,0,0,0
2023-10-02,jesien,niskie,0.046,cos_doy,↓,0.046,cos_doy – model ocenia ryzyko wezbrania na 5%. Kierunek wpływu: ↓. Pewność (prawdopodobieństwo z RF): 5%.,0,0,0,0
2023-10-03,jesien,niskie,0.486,cos_doy,↑,0.486,cos_doy – model ocenia ryzyko wezbrania na 49%. Kierunek wpływu: ↑. Pewność (prawdopodobieństwo z RF): 49%.,1,1,1,1
2023-10-04,jesien,średnie,0.501,cos_doy,↑,0.501,cos_doy – model ocenia ryzyko wezbrania na 50%. Kierunek wpływu: ↑. Pewność (prawdopodobieństwo z RF): 50%.,1,1,1,1
2023-10-05,jesien,średnie,0.582,cos_doy,↑,0.582,cos_doy – model ocenia ryzyko wezbrania na 58%. Kierunek wpływu: ↑. Pewność (prawdopodobieństwo z RF): 58%.,1,1,1,1
2023-10-06,jesien,średnie,0.595,cos_doy,↑,0.595,cos_doy – model ocenia ryzyko wezbrania na 60%. Kierunek wpływu: ↑. Pewność (prawdopodobieństwo z RF): 60%.,1,1,1,1
2023-10-07,jesien,średnie,0.571,cos_doy,↓,0.571,cos_doy – model ocenia ryzyko wezbrania na 57%. Kierunek wpływu: ↓. Pewność (prawdopodobieństwo z RF): 57%.,1,1,1,1
2023-10-08,jesien,średnie,0.608,cos_doy,↑,0.608,cos_doy – model ocenia ryzyko wezbrania na 61%. Kierunek wpływu: ↑. Pewność (prawdopodobieństwo z RF): 61%.,1,1,1,1
2023-10-09,jesien,niskie,0.455,cos_doy,↓,0.455,cos_doy – model ocenia ryzyko wezbrania na 46%. Kierunek wpływu: ↓. Pewność (prawdopodobieństwo z RF): 46%.,1,1,1,1
2023-10-10,jesien,niskie,0.229,cos_doy,↓,0.229,cos_doy – model ocenia ryzyko wezbrania na 23%. Kierunek wpływu: ↓. Pewność (prawdopodobieństwo z RF): 23%.,0,0,0,0
2023-10-11,jesien,niskie,0.367,cos_doy,↑,0.367,cos_doy – model ocenia ryzyko wezbrania na 37%. Kierunek wpływu: ↑. Pewność (prawdopodobieństwo z RF): 37%.,0,0,0,0
2023-10-12,jesien,niskie,0.468,cos_doy,↑,0.468,cos_doy – model ocenia ryzyko wezbrania na 47%. Kierunek wpływu: ↑. Pewność (prawdopodobieństwo z RF): 47%.,0,0,0,0
2023-10-13,jesien,średnie,0.582,cos_doy,↑,0.582,cos_doy – model ocenia ryzyko wezbrania na 58%. Kierunek wpływu: ↑. Pewność (prawdopodobieństwo z RF): 58%.,1,1,0,1
2023-10-14,jesien,wysokie,0.651,cos_doy,↑,0.651,cos_doy – model ocenia ryzyko wezbrania na 65%. Kierunek wpływu: ↑. Pewność (prawdopodobieństwo z RF): 65%.,1,1,1,1
2023-10-15,jesien,wysokie,0.667,cos_doy,↑,0.667,cos_doy – model ocenia ryzyko wezbrania na 67%. Kierunek wpływu: ↑. Pewność (prawdopodobieństwo z RF): 67%.,1,1,1,1
2023-10-16,jesien,wysokie,0.764,cos_doy,↑,0.764,cos_doy – model ocenia ryzyko wezbrania na 76%. Kierunek wpływu: ↑. Pewność (prawdopodobieństwo z RF): 76%.,1,1,1,1
2023-10-17,jesien,wysokie,0.678,cos_doy,↓,0.678,cos_doy – model ocenia ryzyko wezbrania na 68%. Kierunek wpływu: ↓. Pewność (prawdopodobieństwo z RF): 68%.,1,1,1,1
2023-10-18,jesien,niskie,0.473,cos_doy,↓,0.473,cos_doy – model ocenia ryzyko wezbrania na 47%. Kierunek wpływu: ↓. Pewność (prawdopodobieństwo z RF): 47%.,1,1,1,1
2023-10-19,jesien,średnie,0.633,cos_doy,↑,0.633,cos_doy – model ocenia ryzyko wezbrania na 63%. Kierunek wpływu: ↑. Pewność (prawdopodobieństwo z RF): 63%.,1,1,1,1
2023-10-20,jesien,wysokie,0.683,cos_doy,↑,0.683,cos_doy – model ocenia ryzyko wezbrania na 68%. Kierunek wpływu: ↑. Pewność (prawdopodobieństwo z RF): 68%.,1,1,1,1
2023-10-21,jesien,wysokie,0.744,cos_doy,↑,0.744,cos_doy – model ocenia ryzyko wezbrania na 74%. Kierunek wpływu: ↑. Pewność (prawdopodobieństwo z RF): 74%.,1,1,1,1
2023-10-22,jesien,niskie,0.434,cos_doy,↓,0.434,cos_doy – model ocenia ryzyko wezbrania na 43%. Kierunek wpływu: ↓. Pewność (prawdopodobieństwo z RF): 43%.,0,0,0,0
2023-10-23,jesien,niskie,0.319,cos_doy,↓,0.319,cos_doy – model ocenia ryzyko wezbrania na 32%. Kierunek wpływu: ↓. Pewność (prawdopodobieństwo z RF): 32%.,0,0,0,0
2023-10-24,jesien,niskie,0.221,cos_doy,↓,0.221,cos_doy – model ocenia ryzyko wezbrania na 22%. Kierunek wpływu: ↓. Pewność (prawdopodobieństwo z RF): 22%.,0,0,0,0
2023-10-25,jesien,niskie,0.467,cos_doy,↑,0.467,cos_doy – model ocenia ryzyko wezbrania na 47%. Kierunek wpływu: ↑. Pewność (prawdopodobieństwo z RF): 47%.,0,0,0,0
2023-10-26,jesien,niskie,0.468,cos_doy,↑,0.468,cos_doy – model ocenia ryzyko wezbrania na 47%. Kierunek wpływu: ↑. Pewność (prawdopodobieństwo z RF): 47%.,0,0,0,0
2023-10-27,jesien,niskie,0.484,cos_doy,↑,0.484,cos_doy – model ocenia ryzyko wezbrania na 48%. Kierunek wpływu: ↑. Pewność (prawdopodobieństwo z RF): 48%.,0,0,0,0
2023-10-28,jesien,wysokie,0.762,cos_doy,↑,0.762,cos_doy – model ocenia ryzyko wezbrania na 76%. Kierunek wpływu: ↑. Pewność (prawdopodobieństwo z RF): 76%.,0,0,0,0
2023-10-29,jesien,wysokie,0.66,cos_doy,↓,0.66,cos_doy – model ocenia ryzyko wezbrania na 66%. Kierunek wpływu: ↓. Pewność (prawdopodobieństwo z RF): 66%.,0,0,0,0
2023-10-30,jesien,niskie,0.462,cos_doy,↓,0.462,cos_doy – model ocenia ryzyko wezbrania na 46%. Kierunek wpływu: ↓. Pewność (prawdopodobieństwo z RF): 46%.,0,0,0,0
2023-10-31,jesien,średnie,0.564,cos_doy,↑,0.564,cos_doy – model ocenia ryzyko wezbrania na 56%. Kierunek wpływu: ↑. Pewność (prawdopodobieństwo z RF): 56%.,0,0,0,0
2023-11-01,jesien,wysokie,0.664,cos_doy,↑,0.664,cos_doy – model ocenia ryzyko wezbrania na 66%. Kierunek wpływu: ↑. Pewność (prawdopodobieństwo z RF): 66%.,0,0,0,0
2023-11-02,jesien,średnie,0.569,cos_doy,↓,0.569,cos_doy – model ocenia ryzyko wezbrania na 57%. Kierunek wpływu: ↓. Pewność (prawdopodobieństwo z RF): 57%.,0,0,0,0
2023-11-03,jesien,średnie,0.584,cos_doy,↑,0.584,cos_doy – model ocenia ryzyko wezbrania na 58%. Kierunek wpływu: ↑. Pewność (prawdopodobieństwo z RF): 58%.,0,0,0,0
2023-11-04,jesien,wysokie,0.671,cos_doy,↑,0.671,cos_doy – model ocenia ryzyko wezbrania na 67%. Kierunek wpływu: ↑. Pewność (prawdopodobieństwo z RF): 67%.,0,0,0,0
2023-11-05,jesien,średnie,0.535,cos_doy,↓,0.535,cos_doy – model ocenia ryzyko wezbrania na 53%. Kierunek wpływu: ↓. Pewność (prawdopodobieństwo z RF): 53%.,0,0,0,0
2023-11-06,jesien,wysokie,0.652,cos_doy,↑,0.652,cos_doy – model ocenia ryzyko wezbrania na 65%. Kierunek wpływu: ↑. Pewność (prawdopodobieństwo z RF): 65%.,0,0,0,0
2023-11-07,jesien,niskie,0.401,cos_doy,↓,0.401,cos_doy – model ocenia ryzyko wezbrania na 40%. Kierunek wpływu: ↓. Pewność (prawdopodobieństwo z RF): 40%.,0,0,0,0
2023-11-08,jesien,niskie,0.246,cos_doy,↓,0.246,cos_doy – model ocenia ryzyko wezbrania na 25%. Kierunek wpływu: ↓. Pewność (prawdopodobieństwo z RF): 25%.,0,0,0,0
2023-11-09,jesien,niskie,0.405,cos_doy,↑,0.405,cos_doy – model ocenia ryzyko wezbrania na 41%. Kierunek wpływu: ↑. Pewność (prawdopodobieństwo z RF): 41%.,0,0,0,0
2023-11-10,jesien,niskie,0.273,cos_doy,↓,0.273,cos_doy – model ocenia ryzyko wezbrania na 27%. Kierunek wpływu: ↓. Pewność (prawdopodobieństwo z RF): 27%.,0,0,0,0
2023-11-11,jesien,niskie,0.214,cos_doy,↓,0.214,cos_doy – model ocenia ryzyko wezbrania na 21%. Kierunek wpływu: ↓. Pewność (prawdopodobieństwo z RF): 21%.,0,0,0,0
2023-11-12,jesien,niskie,0.254,cos_doy,↑,0.254,cos_doy – model ocenia ryzyko wezbrania na 25%. Kierunek wpływu: ↑. Pewność (prawdopodobieństwo z RF): 25%.,0,0,0,0
2023-11-13,jesien,niskie,0.258,cos_doy,↑,0.258,cos_doy – model ocenia ryzyko wezbrania na 26%. Kierunek wpływu: ↑. Pewność (prawdopodobieństwo z RF): 26%.,0,0,0,0
2023-11-14,jesien,średnie,0.617,cos_doy,↑,0.617,cos_doy – model ocenia ryzyko wezbrania na 62%. Kierunek wpływu: ↑. Pewność (prawdopodobieństwo z RF): 62%.,0,0,0,0
2023-11-15,jesien,wysokie,0.852,cos_doy,↑,0.852,cos_doy – model ocenia ryzyko wezbrania na 85%. Kierunek wpływu: ↑. Pewność (prawdopodobieństwo z RF): 85%.,0,1,0,0
2023-11-16,jesien,wysokie,0.763,cos_doy,↓,0.763,cos_doy – model ocenia ryzyko wezbrania na 76%. Kierunek wpływu: ↓. Pewność (prawdopodobieństwo z RF): 76%.,0,0,0,0
2023-11-17,jesien,wysokie,0.744,cos_doy,↓,0.744,cos_doy – model ocenia ryzyko wezbrania na 74%. Kierunek wpływu: ↓. Pewność (prawdopodobieństwo z RF): 74%.,0,0,0,0
2023-11-18,jesien,średnie,0.553,cos_doy,↓,0.553,cos_doy – model ocenia ryzyko wezbrania na 55%. Kierunek wpływu: ↓. Pewność (prawdopodobieństwo z RF): 55%.,0,0,0,0
2023-11-19,jesien,niskie,0.49,cos_doy,↓,0.49,cos_doy – model ocenia ryzyko wezbrania na 49%. Kierunek wpływu: ↓. Pewność (prawdopodobieństwo z RF): 49%.,0,0,0,0
2023-11-20,jesien,niskie,0.194,cos_doy,↓,0.194,cos_doy – model ocenia ryzyko wezbrania na 19%. Kierunek wpływu: ↓. Pewność (prawdopodobieństwo z RF): 19%.,0,0,0,0
2023-11-21,jesien,średnie,0.534,cos_doy,↑,0.534,cos_doy – model ocenia ryzyko wezbrania na 53%. Kierunek wpływu: ↑. Pewność (prawdopodobieństwo z RF): 53%.,0,0,0,0
2023-11-22,jesien,niskie,0.365,cos_doy,↓,0.365,cos_doy – model ocenia ryzyko wezbrania na 37%. Kierunek wpływu: ↓. Pewność (prawdopodobieństwo z RF): 37%.,0,0,0,0
2023-11-23,jesien,wysokie,0.688,cos_doy,↑,0.688,cos_doy – model ocenia ryzyko wezbrania na 69%. Kierunek wpływu: ↑. Pewność (prawdopodobieństwo z RF): 69%.,0,0,0,0
2023-11-24,jesien,wysokie,0.684,cos_doy,↓,0.684,cos_doy – model ocenia ryzyko wezbrania na 68%. Kierunek wpływu: ↓. Pewność (prawdopodobieństwo z RF): 68%.,0,0,0,0
2023-11-25,jesien,wysokie,0.921,cos_doy,↑,0.921,cos_doy – model ocenia ryzyko wezbrania na 92%. Kierunek wpływu: ↑. Pewność (prawdopodobieństwo z RF): 92%.,1,1,1,1
2023-11-26,jesien,wysokie,0.846,cos_doy,↓,0.846,cos_doy – model ocenia ryzyko wezbrania na 85%. Kierunek wpływu: ↓. Pewność (prawdopodobieństwo z RF): 85%.,1,1,1,1
2023-11-27,jesien,wysokie,0.667,cos_doy,↓,0.667,cos_doy – model ocenia ryzyko wezbrania na 67%. Kierunek wpływu: ↓. Pewność (prawdopodobieństwo z RF): 67%.,0,0,0,0
2023-11-28,jesien,średnie,0.595,cos_doy,↓,0.595,cos_doy – model ocenia ryzyko wezbrania na 60%. Kierunek wpływu: ↓. Pewność (prawdopodobieństwo z RF): 60%.,0,0,0,0
2023-11-29,jesien,niskie,0.281,cos_doy,↓,0.281,cos_doy – model ocenia ryzyko wezbrania na 28%. Kierunek wpływu: ↓. Pewność (prawdopodobieństwo z RF): 28%.,0,0,0,0
2023-11-30,jesien,niskie,0.165,cos_doy,↓,0.165,cos_doy – model ocenia ryzyko wezbrania na 16%. Kierunek wpływu: ↓. Pewność (prawdopodobieństwo z RF): 16%.,0,0,0,0
2023-12-01,zima,niskie,0.138,cos_doy,↓,0.138,cos_doy – model ocenia ryzyko wezbrania na 14%. Kierunek wpływu: ↓. Pewność (prawdopodobieństwo z RF): 14%.,0,0,0,0
2023-12-02,zima,niskie,0.495,cos_doy,↑,0.495,cos_doy – model ocenia ryzyko wezbrania na 49%. Kierunek wpływu: ↑. Pewność (prawdopodobieństwo z RF): 49%.,0,0,0,0
2023-12-03,zima,niskie,0.435,cos_doy,↓,0.435,cos_doy – model ocenia ryzyko wezbrania na 44%. Kierunek wpływu: ↓. Pewność (prawdopodobieństwo z RF): 44%.,0,0,0,0
2023-12-04,zima,niskie,0.204,cos_doy,↓,0.204,cos_doy – model ocenia ryzyko wezbrania na 20%. Kierunek wpływu: ↓. Pewność (prawdopodobieństwo z RF): 20%.,0,0,0,0
2023-12-05,zima,niskie,0.059,cos_doy,↓,0.059,cos_doy – model ocenia ryzyko wezbrania na 6%. Kierunek wpływu: ↓. Pewność (prawdopodobieństwo z RF): 6%.,0,0,0,0
2023-12-06,zima,niskie,0.05,cos_doy,↓,0.05,cos_doy – model ocenia ryzyko wezbrania na 5%. Kierunek wpływu: ↓. Pewność (prawdopodobieństwo z RF): 5%.,0,0,0,0
2023-12-07,zima,niskie,0.029,cos_doy,↓,0.029,cos_doy – model ocenia ryzyko wezbrania na 3%. Kierunek wpływu: ↓. Pewność (prawdopodobieństwo z RF): 3%.,0,0,0,0
2023-12-08,zima,niskie,0.033,cos_doy,↑,0.033,cos_doy – model ocenia ryzyko wezbrania na 3%. Kierunek wpływu: ↑. Pewność (prawdopodobieństwo z RF): 3%.,0,0,0,0
2023-12-09,zima,niskie,0.14,cos_doy,↑,0.14,cos_doy – model ocenia ryzyko wezbrania na 14%. Kierunek wpływu: ↑. Pewność (prawdopodobieństwo z RF): 14%.,0,0,0,0
2023-12-10,zima,niskie,0.19,cos_doy,↑,0.19,cos_doy – model ocenia ryzyko wezbrania na 19%. Kierunek wpływu: ↑. Pewność (prawdopodobieństwo z RF): 19%.,0,0,0,0
2023-12-11,zima,niskie,0.332,cos_doy,↑,0.332,cos_doy – model ocenia ryzyko wezbrania na 33%. Kierunek wpływu: ↑. Pewność (prawdopodobieństwo z RF): 33%.,0,0,0,0
2023-12-12,zima,niskie,0.285,cos_doy,↓,0.285,cos_doy – model ocenia ryzyko wezbrania na 29%. Kierunek wpływu: ↓. Pewność (prawdopodobieństwo z RF): 29%.,0,0,0,0
2023-12-13,zima,niskie,0.203,cos_doy,↓,0.203,cos_doy – model ocenia ryzyko wezbrania na 20%. Kierunek wpływu: ↓. Pewność (prawdopodobieństwo z RF): 20%.,0,0,0,0
2023-12-14,zima,średnie,0.526,cos_doy,↑,0.526,cos_doy – model ocenia ryzyko wezbrania na 53%. Kierunek wpływu: ↑. Pewność (prawdopodobieństwo z RF): 53%.,0,0,0,0
2023-12-15,zima,niskie,0.421,cos_doy,↓,0.421,cos_doy – model ocenia ryzyko wezbrania na 42%. Kierunek wpływu: ↓. Pewność (prawdopodobieństwo z RF): 42%.,0,0,0,0
2023-12-16,zima,niskie,0.252,cos_doy,↓,0.252,cos_doy – model ocenia ryzyko wezbrania na 25%. Kierunek wpływu: ↓. Pewność (prawdopodobieństwo z RF): 25%.,0,0,0,0
2023-12-17,zima,niskie,0.172,cos_doy,↓,0.172,cos_doy – model ocenia ryzyko wezbrania na 17%. Kierunek wpływu: ↓. Pewność (prawdopodobieństwo z RF): 17%.,0,0,0,0
2023-12-18,zima,niskie,0.176,cos_doy,↑,0.176,cos_doy – model ocenia ryzyko wezbrania na 18%. Kierunek wpływu: ↑. Pewność (prawdopodobieństwo z RF): 18%.,0,0,0,0
2023-12-19,zima,niskie,0.476,cos_doy,↑,0.476,cos_doy – model ocenia ryzyko wezbrania na 48%. Kierunek wpływu: ↑. Pewność (prawdopodobieństwo z RF): 48%.,0,0,0,0
2023-12-20,zima,wysokie,0.668,cos_doy,↑,0.668,cos_doy – model ocenia ryzyko wezbrania na 67%. Kierunek wpływu: ↑. Pewność (prawdopodobieństwo z RF): 67%.,0,0,0,0
2023-12-21,zima,wysokie,0.867,cos_doy,↑,0.867,cos_doy – model ocenia ryzyko wezbrania na 87%. Kierunek wpływu: ↑. Pewność (prawdopodobieństwo z RF): 87%.,0,0,0,0
2023-12-22,zima,wysokie,0.927,cos_doy,↑,0.927,cos_doy – model ocenia ryzyko wezbrania na 93%. Kierunek wpływu: ↑. Pewność (prawdopodobieństwo z RF): 93%.,1,1,1,1
2023-12-23,zima,wysokie,0.932,cos_doy,↑,0.932,cos_doy – model ocenia ryzyko wezbrania na 93%. Kierunek wpływu: ↑. Pewność (prawdopodobieństwo z RF): 93%.,1,1,1,1
2023-12-24,zima,wysokie,0.925,cos_doy,↓,0.925,cos_doy – model ocenia ryzyko wezbrania na 93%. Kierunek wpływu: ↓. Pewność (prawdopodobieństwo z RF): 93%.,1,1,1,1
2023-12-25,zima,wysokie,0.765,cos_doy,↓,0.765,cos_doy – model ocenia ryzyko wezbrania na 77%. Kierunek wpływu: ↓. Pewność (prawdopodobieństwo z RF): 77%.,1,1,1,1
2023-12-26,zima,wysokie,0.858,cos_doy,↑,0.858,cos_doy – model ocenia ryzyko wezbrania na 86%. Kierunek wpływu: ↑. Pewność (prawdopodobieństwo z RF): 86%.,1,1,1,1
2023-12-27,zima,wysokie,0.923,cos_doy,↑,0.923,cos_doy – model ocenia ryzyko wezbrania na 92%. Kierunek wpływu: ↑. Pewność (prawdopodobieństwo z RF): 92%.,1,1,1,1
2023-12-28,zima,wysokie,0.774,cos_doy,↓,0.774,cos_doy – model ocenia ryzyko wezbrania na 77%. Kierunek wpływu: ↓. Pewność (prawdopodobieństwo z RF): 77%.,1,1,1,1
2023-12-29,zima,wysokie,0.669,cos_doy,↓,0.669,cos_doy – model ocenia ryzyko wezbrania na 67%. Kierunek wpływu: ↓. Pewność (prawdopodobieństwo z RF): 67%.,1,1,1,1
2023-12-30,zima,wysokie,0.873,cos_doy,↑,0.873,cos_doy – model ocenia ryzyko wezbrania na 87%. Kierunek wpływu: ↑. Pewność (prawdopodobieństwo z RF): 87%.,1,1,1,1
2023-12-31,zima,wysokie,0.706,cos_doy,↓,0.706,cos_doy – model ocenia ryzyko wezbrania na 71%. Kierunek wpływu: ↓. Pewność (prawdopodobieństwo z RF): 71%.,1,1,1,1
2024-01-01,zima,wysokie,0.728,cos_doy,↑,0.728,cos_doy – model ocenia ryzyko wezbrania na 73%. Kierunek wpływu: ↑. Pewność (prawdopodobieństwo z RF): 73%.,1,1,0,1
2024-01-02,zima,wysokie,0.792,cos_doy,↑,0.792,cos_doy – model ocenia ryzyko wezbrania na 79%. Kierunek wpływu: ↑. Pewność (prawdopodobieństwo z RF): 79%.,1,1,1,1
2024-01-03,zima,wysokie,0.714,cos_doy,↓,0.714,cos_doy – model ocenia ryzyko wezbrania na 71%. Kierunek wpływu: ↓. Pewność (prawdopodobieństwo z RF): 71%.,0,0,0,0
2024-01-04,zima,wysokie,0.828,cos_doy,↑,0.828,cos_doy – model ocenia ryzyko wezbrania na 83%. Kierunek wpływu: ↑. Pewność (prawdopodobieństwo z RF): 83%.,1,1,1,1
2024-01-05,zima,wysokie,0.705,cos_doy,↓,0.705,cos_doy – model ocenia ryzyko wezbrania na 71%. Kierunek wpływu: ↓. Pewność (prawdopodobieństwo z RF): 71%.,1,1,0,1
2024-01-06,zima,niskie,0.467,cos_doy,↓,0.467,cos_doy – model ocenia ryzyko wezbrania na 47%. Kierunek wpływu: ↓. Pewność (prawdopodobieństwo z RF): 47%.,0,0,0,0
2024-01-07,zima,niskie,0.33,cos_doy,↓,0.33,cos_doy – model ocenia ryzyko wezbrania na 33%. Kierunek wpływu: ↓. Pewność (prawdopodobieństwo z RF): 33%.,0,0,0,0
2024-01-08,zima,niskie,0.254,cos_doy,↓,0.254,cos_doy – model ocenia ryzyko wezbrania na 25%. Kierunek wpływu: ↓. Pewność (prawdopodobieństwo z RF): 25%.,0,0,0,0
2024-01-09,zima,niskie,0.091,cos_doy,↓,0.091,cos_doy – model ocenia ryzyko wezbrania na 9%. Kierunek wpływu: ↓. Pewność (prawdopodobieństwo z RF): 9%.,0,0,0,0
2024-01-10,zima,niskie,0.145,cos_doy,↑,0.145,cos_doy – model ocenia ryzyko wezbrania na 15%. Kierunek wpływu: ↑. Pewność (prawdopodobieństwo z RF): 15%.,0,0,0,0
2024-01-11,zima,niskie,0.412,cos_doy,↑,0.412,cos_doy – model ocenia ryzyko wezbrania na 41%. Kierunek wpływu: ↑. Pewność (prawdopodobieństwo z RF): 41%.,0,0,0,0
2024-01-12,zima,niskie,0.48,cos_doy,↑,0.48,cos_doy – model ocenia ryzyko wezbrania na 48%. Kierunek wpływu: ↑. Pewność (prawdopodobieństwo z RF): 48%.,0,0,0,0
2024-01-13,zima,niskie,0.429,cos_doy,↓,0.429,cos_doy – model ocenia ryzyko wezbrania na 43%. Kierunek wpływu: ↓. Pewność (prawdopodobieństwo z RF): 43%.,0,0,0,0
2024-01-14,zima,niskie,0.441,cos_doy,↑,0.441,cos_doy – model ocenia ryzyko wezbrania na 44%. Kierunek wpływu: ↑. Pewność (prawdopodobieństwo z RF): 44%.,0,0,0,0
2024-01-15,zima,wysokie,0.829,cos_doy,↑,0.829,cos_doy – model ocenia ryzyko wezbrania na 83%. Kierunek wpływu: ↑. Pewność (prawdopodobieństwo z RF): 83%.,1,1,1,1
2024-01-16,zima,wysokie,0.745,cos_doy,↓,0.745,cos_doy – model ocenia ryzyko wezbrania na 74%. Kierunek wpływu: ↓. Pewność (prawdopodobieństwo z RF): 74%.,1,1,1,1
2024-01-17,zima,niskie,0.388,cos_doy,↓,0.388,cos_doy – model ocenia ryzyko wezbrania na 39%. Kierunek wpływu: ↓. Pewność (prawdopodobieństwo z RF): 39%.,0,0,0,0
2024-01-18,zima,niskie,0.357,cos_doy,↓,0.357,cos_doy – model ocenia ryzyko wezbrania na 36%. Kierunek wpływu: ↓. Pewność (prawdopodobieństwo z RF): 36%.,0,0,0,0
2024-01-19,zima,średnie,0.517,cos_doy,↑,0.517,cos_doy – model ocenia ryzyko wezbrania na 52%. Kierunek wpływu: ↑. Pewność (prawdopodobieństwo z RF): 52%.,0,0,0,0
2024-01-20,zima,wysokie,0.867,cos_doy,↑,0.867,cos_doy – model ocenia ryzyko wezbrania na 87%. Kierunek wpływu: ↑. Pewność (prawdopodobieństwo z RF): 87%.,1,1,0,1
2024-01-21,zima,średnie,0.615,cos_doy,↓,0.615,cos_doy – model ocenia ryzyko wezbrania na 61%. Kierunek wpływu: ↓. Pewność (prawdopodobieństwo z RF): 61%.,0,0,0,0
2024-01-22,zima,wysokie,0.682,cos_doy,↑,0.682,cos_doy – model ocenia ryzyko wezbrania na 68%. Kierunek wpływu: ↑. Pewność (prawdopodobieństwo z RF): 68%.,0,0,0,0
2024-01-23,zima,średnie,0.568,cos_doy,↓,0.568,cos_doy – model ocenia ryzyko wezbrania na 57%. Kierunek wpływu: ↓. Pewność (prawdopodobieństwo z RF): 57%.,0,0,0,0
2024-01-24,zima,wysokie,0.776,cos_doy,↑,0.776,cos_doy – model ocenia ryzyko wezbrania na 78%. Kierunek wpływu: ↑. Pewność (prawdopodobieństwo z RF): 78%.,0,1,0,0
2024-01-25,zima,wysokie,0.928,cos_doy,↑,0.928,cos_doy – model ocenia ryzyko wezbrania na 93%. Kierunek wpływu: ↑. Pewność (prawdopodobieństwo z RF): 93%.,1,1,1,1
2024-01-26,zima,wysokie,0.856,cos_doy,↓,0.856,cos_doy – model ocenia ryzyko wezbrania na 86%. Kierunek wpływu: ↓. Pewność (prawdopodobieństwo z RF): 86%.,1,1,1,1
2024-01-27,zima,wysokie,0.821,cos_doy,↓,0.821,cos_doy – model ocenia ryzyko wezbrania na 82%. Kierunek wpływu: ↓. Pewność (prawdopodobieństwo z RF): 82%.,1,1,1,1
2024-01-28,zima,średnie,0.509,cos_doy,↓,0.509,cos_doy – model ocenia ryzyko wezbrania na 51%. Kierunek wpływu: ↓. Pewność (prawdopodobieństwo z RF): 51%.,0,0,0,0
2024-01-29,zima,niskie,0.27,cos_doy,↓,0.27,cos_doy – model ocenia ryzyko wezbrania na 27%. Kierunek wpływu: ↓. Pewność (prawdopodobieństwo z RF): 27%.,0,0,0,0
2024-01-30,zima,niskie,0.231,cos_doy,↓,0.231,cos_doy – model ocenia ryzyko wezbrania na 23%. Kierunek wpływu: ↓. Pewność (prawdopodobieństwo z RF): 23%.,0,0,0,0
2024-01-31,zima,niskie,0.303,cos_doy,↑,0.303,cos_doy – model ocenia ryzyko wezbrania na 30%. Kierunek wpływu: ↑. Pewność (prawdopodobieństwo z RF): 30%.,0,0,0,0
2024-02-01,zima,średnie,0.553,cos_doy,↑,0.553,cos_doy – model ocenia ryzyko wezbrania na 55%. Kierunek wpływu: ↑. Pewność (prawdopodobieństwo z RF): 55%.,0,0,0,1
2024-02-02,zima,wysokie,0.692,cos_doy,↑,0.692,cos_doy – model ocenia ryzyko wezbrania na 69%. Kierunek wpływu: ↑. Pewność (prawdopodobieństwo z RF): 69%.,1,1,0,1
2024-02-03,zima,średnie,0.611,cos_doy,↓,0.611,cos_doy – model ocenia ryzyko wezbrania na 61%. Kierunek wpływu: ↓. Pewność (prawdopodobieństwo z RF): 61%.,1,1,0,1
2024-02-04,zima,wysokie,0.769,cos_doy,↑,0.769,cos_doy – model ocenia ryzyko wezbrania na 77%. Kierunek wpływu: ↑. Pewność (prawdopodobieństwo z RF): 77%.,1,1,1,1
2024-02-05,zima,wysokie,0.838,cos_doy,↑,0.838,cos_doy – model ocenia ryzyko wezbrania na 84%. Kierunek wpływu: ↑. Pewność (prawdopodobieństwo z RF): 84%.,1,1,1,1
2024-02-06,zima,wysokie,0.904,cos_doy,↑,0.904,cos_doy – model ocenia ryzyko wezbrania na 90%. Kierunek wpływu: ↑. Pewność (prawdopodobieństwo z RF): 90%.,1,1,1,1
2024-02-07,zima,wysokie,0.953,cos_doy,↑,0.953,cos_doy – model ocenia ryzyko wezbrania na 95%. Kierunek wpływu: ↑. Pewność (prawdopodobieństwo z RF): 95%.,1,1,1,1
2024-02-08,zima,wysokie,0.73,cos_doy,↓,0.73,cos_doy – model ocenia ryzyko wezbrania na 73%. Kierunek wpływu: ↓. Pewność (prawdopodobieństwo z RF): 73%.,1,1,1,1
2024-02-09,zima,wysokie,0.661,cos_doy,↓,0.661,cos_doy – model ocenia ryzyko wezbrania na 66%. Kierunek wpływu: ↓. Pewność (prawdopodobieństwo z RF): 66%.,1,1,1,1
2024-02-10,zima,wysokie,0.754,cos_doy,↑,0.754,cos_doy – model ocenia ryzyko wezbrania na 75%. Kierunek wpływu: ↑. Pewność (prawdopodobieństwo z RF): 75%.,1,1,1,1
2024-02-11,zima,wysokie,0.805,cos_doy,↑,0.805,cos_doy – model ocenia ryzyko wezbrania na 80%. Kierunek wpływu: ↑. Pewność (prawdopodobieństwo z RF): 80%.,1,1,1,1
2024-02-12,zima,wysokie,0.86,cos_doy,↑,0.86,cos_doy – model ocenia ryzyko wezbrania na 86%. Kierunek wpływu: ↑. Pewność (prawdopodobieństwo z RF): 86%.,1,1,1,1
2024-02-13,zima,wysokie,0.963,cos_doy,↑,0.963,cos_doy – model ocenia ryzyko wezbrania na 96%. Kierunek wpływu: ↑. Pewność (prawdopodobieństwo z RF): 96%.,1,1,0,1
2024-02-14,zima,średnie,0.634,cos_doy,↓,0.634,cos_doy – model ocenia ryzyko wezbrania na 63%. Kierunek wpływu: ↓. Pewność (prawdopodobieństwo z RF): 63%.,0,0,0,0
2024-02-15,zima,niskie,0.34,cos_doy,↓,0.34,cos_doy – model ocenia ryzyko wezbrania na 34%. Kierunek wpływu: ↓. Pewność (prawdopodobieństwo z RF): 34%.,0,0,0,0
2024-02-16,zima,niskie,0.207,cos_doy,↓,0.207,cos_doy – model ocenia ryzyko wezbrania na 21%. Kierunek wpływu: ↓. Pewność (prawdopodobieństwo z RF): 21%.,0,0,0,0
2024-02-17,zima,niskie,0.459,cos_doy,↑,0.459,cos_doy – model ocenia ryzyko wezbrania na 46%. Kierunek wpływu: ↑. Pewność (prawdopodobieństwo z RF): 46%.,0,0,0,0
2024-02-18,zima,niskie,0.421,cos_doy,↓,0.421,cos_doy – model ocenia ryzyko wezbrania na 42%. Kierunek wpływu: ↓. Pewność (prawdopodobieństwo z RF): 42%.,0,0,0,0
2024-02-19,zima,niskie,0.474,cos_doy,↑,0.474,cos_doy – model ocenia ryzyko wezbrania na 47%. Kierunek wpływu: ↑. Pewność (prawdopodobieństwo z RF): 47%.,0,0,0,0
2024-02-20,zima,niskie,0.345,cos_doy,↓,0.345,cos_doy – model ocenia ryzyko wezbrania na 34%. Kierunek wpływu: ↓. Pewność (prawdopodobieństwo z RF): 34%.,0,0,0,0
2024-02-21,zima,średnie,0.582,cos_doy,↑,0.582,cos_doy – model ocenia ryzyko wezbrania na 58%. Kierunek wpływu: ↑. Pewność (prawdopodobieństwo z RF): 58%.,0,0,0,0
2024-02-22,zima,niskie,0.484,cos_doy,↓,0.484,cos_doy – model ocenia ryzyko wezbrania na 48%. Kierunek wpływu: ↓. Pewność (prawdopodobieństwo z RF): 48%.,0,0,0,0
2024-02-23,zima,średnie,0.517,cos_doy,↑,0.517,cos_doy – model ocenia ryzyko wezbrania na 52%. Kierunek wpływu: ↑. Pewność (prawdopodobieństwo z RF): 52%.,0,0,0,0
2024-02-24,zima,wysokie,0.679,cos_doy,↑,0.679,cos_doy – model ocenia ryzyko wezbrania na 68%. Kierunek wpływu: ↑. Pewność (prawdopodobieństwo z RF): 68%.,0,0,0,0
2024-02-25,zima,średnie,0.604,cos_doy,↓,0.604,cos_doy – model ocenia ryzyko wezbrania na 60%. Kierunek wpływu: ↓. Pewność (prawdopodobieństwo z RF): 60%.,0,0,0,0
2024-02-26,zima,niskie,0.462,cos_doy,↓,0.462,cos_doy – model ocenia ryzyko wezbrania na 46%. Kierunek wpływu: ↓. Pewność (prawdopodobieństwo z RF): 46%.,0,0,0,0
2024-02-27,zima,niskie,0.476,cos_doy,↑,0.476,cos_doy – model ocenia ryzyko wezbrania na 48%. Kierunek wpływu: ↑. Pewność (prawdopodobieństwo z RF): 48%.,0,0,0,0
2024-02-28,zima,niskie,0.465,cos_doy,↓,0.465,cos_doy – model ocenia ryzyko wezbrania na 47%. Kierunek wpływu: ↓. Pewność (prawdopodobieństwo z RF): 47%.,0,0,0,0
2024-02-29,zima,niskie,0.286,cos_doy,↓,0.286,cos_doy – model ocenia ryzyko wezbrania na 29%. Kierunek wpływu: ↓. Pewność (prawdopodobieństwo z RF): 29%.,0,0,0,0
2024-03-01,wiosna,niskie,0.206,cos_doy,↓,0.206,cos_doy – model ocenia ryzyko wezbrania na 21%. Kierunek wpływu: ↓. Pewność (prawdopodobieństwo z RF): 21%.,0,0,0,0
2024-03-02,wiosna,niskie,0.151,cos_doy,↓,0.151,cos_doy – model ocenia ryzyko wezbrania na 15%. Kierunek wpływu: ↓. Pewność (prawdopodobieństwo z RF): 15%.,0,0,0,0
2024-03-03,wiosna,niskie,0.17,cos_doy,↑,0.17,cos_doy – model ocenia ryzyko wezbrania na 17%. Kierunek wpływu: ↑. Pewność (prawdopodobieństwo z RF): 17%.,0,0,0,0
2024-03-04,wiosna,niskie,0.122,cos_doy,↓,0.122,cos_doy – model ocenia ryzyko wezbrania na 12%. Kierunek wpływu: ↓. Pewność (prawdopodobieństwo z RF): 12%.,0,0,0,0
2024-03-05,wiosna,niskie,0.127,cos_doy,↑,0.127,cos_doy – model ocenia ryzyko wezbrania na 13%. Kierunek wpływu: ↑. Pewność (prawdopodobieństwo z RF): 13%.,0,0,0,0
2024-03-06,wiosna,niskie,0.155,cos_doy,↑,0.155,cos_doy – model ocenia ryzyko wezbrania na 15%. Kierunek wpływu: ↑. Pewność (prawdopodobieństwo z RF): 15%.,0,0,0,0
2024-03-07,wiosna,niskie,0.108,cos_doy,↓,0.108,cos_doy – model ocenia ryzyko wezbrania na 11%. Kierunek wpływu: ↓. Pewność (prawdopodobieństwo z RF): 11%.,0,0,0,0
2024-03-08,wiosna,niskie,0.089,cos_doy,↓,0.089,cos_doy – model ocenia ryzyko wezbrania na 9%. Kierunek wpływu: ↓. Pewność (prawdopodobieństwo z RF): 9%.,0,0,0,0
2024-03-09,wiosna,niskie,0.142,cos_doy,↑,0.142,cos_doy – model ocenia ryzyko wezbrania na 14%. Kierunek wpływu: ↑. Pewność (prawdopodobieństwo z RF): 14%.,0,0,0,0
2024-03-10,wiosna,niskie,0.197,cos_doy,↑,0.197,cos_doy – model ocenia ryzyko wezbrania na 20%. Kierunek wpływu: ↑. Pewność (prawdopodobieństwo z RF): 20%.,0,0,0,0
2024-03-11,wiosna,niskie,0.329,cos_doy,↑,0.329,cos_doy – model ocenia ryzyko wezbrania na 33%. Kierunek wpływu: ↑. Pewność (prawdopodobieństwo z RF): 33%.,0,0,0,0
2024-03-12,wiosna,niskie,0.23,cos_doy,↓,0.23,cos_doy – model ocenia ryzyko wezbrania na 23%. Kierunek wpływu: ↓. Pewność (prawdopodobieństwo z RF): 23%.,0,0,0,0
2024-03-13,wiosna,niskie,0.164,cos_doy,↓,0.164,cos_doy – model ocenia ryzyko wezbrania na 16%. Kierunek wpływu: ↓. Pewność (prawdopodobieństwo z RF): 16%.,0,0,0,0
2024-03-14,wiosna,niskie,0.115,cos_doy,↓,0.115,cos_doy – model ocenia ryzyko wezbrania na 11%. Kierunek wpływu: ↓. Pewność (prawdopodobieństwo z RF): 11%.,0,0,0,0
2024-03-15,wiosna,niskie,0.076,cos_doy,↓,0.076,cos_doy – model ocenia ryzyko wezbrania na 8%. Kierunek wpływu: ↓. Pewność (prawdopodobieństwo z RF): 8%.,0,0,0,0
2024-03-16,wiosna,niskie,0.185,cos_doy,↑,0.185,cos_doy – model ocenia ryzyko wezbrania na 19%. Kierunek wpływu: ↑. Pewność (prawdopodobieństwo z RF): 19%.,0,0,0,0
2024-03-17,wiosna,niskie,0.299,cos_doy,↑,0.299,cos_doy – model ocenia ryzyko wezbrania na 30%. Kierunek wpływu: ↑. Pewność (prawdopodobieństwo z RF): 30%.,0,0,0,0
2024-03-18,wiosna,niskie,0.225,cos_doy,↓,0.225,cos_doy – model ocenia ryzyko wezbrania na 23%. Kierunek wpływu: ↓. Pewność (prawdopodobieństwo z RF): 23%.,0,0,0,0
2024-03-19,wiosna,niskie,0.12,cos_doy,↓,0.12,cos_doy – model ocenia ryzyko wezbrania na 12%. Kierunek wpływu: ↓. Pewność (prawdopodobieństwo z RF): 12%.,0,0,0,0
2024-03-20,wiosna,niskie,0.173,cos_doy,↑,0.173,cos_doy – model ocenia ryzyko wezbrania na 17%. Kierunek wpływu: ↑. Pewność (prawdopodobieństwo z RF): 17%.,0,0,0,0
2024-03-21,wiosna,niskie,0.191,cos_doy,↑,0.191,cos_doy – model ocenia ryzyko wezbrania na 19%. Kierunek wpływu: ↑. Pewność (prawdopodobieństwo z RF): 19%.,0,0,0,0
2024-03-22,wiosna,niskie,0.31,cos_doy,↑,0.31,cos_doy – model ocenia ryzyko wezbrania na 31%. Kierunek wpływu: ↑. Pewność (prawdopodobieństwo z RF): 31%.,0,0,0,0
2024-03-23,wiosna,niskie,0.289,cos_doy,↓,0.289,cos_doy – model ocenia ryzyko wezbrania na 29%. Kierunek wpływu: ↓. Pewność (prawdopodobieństwo z RF): 29%.,0,0,0,0
2024-03-24,wiosna,niskie,0.232,cos_doy,↓,0.232,cos_doy – model ocenia ryzyko wezbrania na 23%. Kierunek wpływu: ↓. Pewność (prawdopodobieństwo z RF): 23%.,0,0,0,0
2024-03-25,wiosna,niskie,0.155,cos_doy,↓,0.155,cos_doy – model ocenia ryzyko wezbrania na 16%. Kierunek wpływu: ↓. Pewność (prawdopodobieństwo z RF): 16%.,0,0,0,0
2024-03-26,wiosna,niskie,0.213,cos_doy,↑,0.213,cos_doy – model ocenia ryzyko wezbrania na 21%. Kierunek wpływu: ↑. Pewność (prawdopodobieństwo z RF): 21%.,0,0,0,0
2024-03-27,wiosna,niskie,0.178,cos_doy,↓,0.178,cos_doy – model ocenia ryzyko wezbrania na 18%. Kierunek wpływu: ↓. Pewność (prawdopodobieństwo z RF): 18%.,0,0,0,0
2024-03-28,wiosna,niskie,0.225,cos_doy,↑,0.225,cos_doy – model ocenia ryzyko wezbrania na 23%. Kierunek wpływu: ↑. Pewność (prawdopodobieństwo z RF): 23%.,0,0,0,0
2024-03-29,wiosna,niskie,0.065,cos_doy,↓,0.065,cos_doy – model ocenia ryzyko wezbrania na 7%. Kierunek wpływu: ↓. Pewność (prawdopodobieństwo z RF): 7%.,0,0,0,0
2024-03-30,wiosna,niskie,0.062,cos_doy,↓,0.062,cos_doy – model ocenia ryzyko wezbrania na 6%. Kierunek wpływu: ↓. Pewność (prawdopodobieństwo z RF): 6%.,0,0,0,0
2024-03-31,wiosna,niskie,0.056,cos_doy,↓,0.056,cos_doy – model ocenia ryzyko wezbrania na 6%. Kierunek wpływu: ↓. Pewność (prawdopodobieństwo z RF): 6%.,0,0,0,0
2024-04-01,wiosna,niskie,0.1,cos_doy,↑,0.1,cos_doy – model ocenia ryzyko wezbrania na 10%. Kierunek wpływu: ↑. Pewność (prawdopodobieństwo z RF): 10%.,0,0,0,0
2024-04-02,wiosna,niskie,0.108,cos_doy,↑,0.108,cos_doy – model ocenia ryzyko wezbrania na 11%. Kierunek wpływu: ↑. Pewność (prawdopodobieństwo z RF): 11%.,0,0,0,0
2024-04-03,wiosna,niskie,0.084,cos_doy,↓,0.084,cos_doy – model ocenia ryzyko wezbrania na 8%. Kierunek wpływu: ↓. Pewność (prawdopodobieństwo z RF): 8%.,0,0,0,0
2024-04-04,wiosna,niskie,0.1,cos_doy,↑,0.1,cos_doy – model ocenia ryzyko wezbrania na 10%. Kierunek wpływu: ↑. Pewność (prawdopodobieństwo z RF): 10%.,0,0,0,0
2024-04-05,wiosna,niskie,0.256,cos_doy,↑,0.256,cos_doy – model ocenia ryzyko wezbrania na 26%. Kierunek wpływu: ↑. Pewność (prawdopodobieństwo z RF): 26%.,0,0,0,0
2024-04-06,wiosna,niskie,0.142,cos_doy,↓,0.142,cos_doy – model ocenia ryzyko wezbrania na 14%. Kierunek wpływu: ↓. Pewność (prawdopodobieństwo z RF): 14%.,0,0,0,0
2024-04-07,wiosna,niskie,0.075,cos_doy,↓,0.075,cos_doy – model ocenia ryzyko wezbrania na 7%. Kierunek wpływu: ↓. Pewność (prawdopodobieństwo z RF): 7%.,0,0,0,0
2024-04-08,wiosna,niskie,0.08,cos_doy,↑,0.08,cos_doy – model ocenia ryzyko wezbrania na 8%. Kierunek wpływu: ↑. Pewność (prawdopodobieństwo z RF): 8%.,0,0,0,0
2024-04-09,wiosna,niskie,0.106,cos_doy,↑,0.106,cos_doy – model ocenia ryzyko wezbrania na 11%. Kierunek wpływu: ↑. Pewność (prawdopodobieństwo z RF): 11%.,0,0,0,0
2024-04-10,wiosna,niskie,0.116,cos_doy,↑,0.116,cos_doy – model ocenia ryzyko wezbrania na 12%. Kierunek wpływu: ↑. Pewność (prawdopodobieństwo z RF): 12%.,0,0,0,0
2024-04-11,wiosna,niskie,0.121,cos_doy,↑,0.121,cos_doy – model ocenia ryzyko wezbrania na 12%. Kierunek wpływu: ↑. Pewność (prawdopodobieństwo z RF): 12%.,0,0,0,0
2024-04-12,wiosna,niskie,0.05,cos_doy,↓,0.05,cos_doy – model ocenia ryzyko wezbrania na 5%. Kierunek wpływu: ↓. Pewność (prawdopodobieństwo z RF): 5%.,0,0,0,0
2024-04-13,wiosna,niskie,0.024,cos_doy,↓,0.024,cos_doy – model ocenia ryzyko wezbrania na 2%. Kierunek wpływu: ↓. Pewność (prawdopodobieństwo z RF): 2%.,0,0,0,0
2024-04-14,wiosna,niskie,0.224,cos_doy,↑,0.224,cos_doy – model ocenia ryzyko wezbrania na 22%. Kierunek wpływu: ↑. Pewność (prawdopodobieństwo z RF): 22%.,0,0,0,0
2024-04-15,wiosna,niskie,0.233,cos_doy,↑,0.233,cos_doy – model ocenia ryzyko wezbrania na 23%. Kierunek wpływu: ↑. Pewność (prawdopodobieństwo z RF): 23%.,0,0,0,0
2024-04-16,wiosna,niskie,0.269,cos_doy,↑,0.269,cos_doy – model ocenia ryzyko wezbrania na 27%. Kierunek wpływu: ↑. Pewność (prawdopodobieństwo z RF): 27%.,0,0,0,0
2024-04-17,wiosna,niskie,0.262,cos_doy,↓,0.262,cos_doy – model ocenia ryzyko wezbrania na 26%. Kierunek wpływu: ↓. Pewność (prawdopodobieństwo z RF): 26%.,0,0,0,0
2024-04-18,wiosna,niskie,0.152,cos_doy,↓,0.152,cos_doy – model ocenia ryzyko wezbrania na 15%. Kierunek wpływu: ↓. Pewność (prawdopodobieństwo z RF): 15%.,0,0,0,0
2024-04-19,wiosna,niskie,0.281,cos_doy,↑,0.281,cos_doy – model ocenia ryzyko wezbrania na 28%. Kierunek wpływu: ↑. Pewność (prawdopodobieństwo z RF): 28%.,0,0,0,0
2024-04-20,wiosna,niskie,0.333,cos_doy,↑,0.333,cos_doy – model ocenia ryzyko wezbrania na 33%. Kierunek wpływu: ↑. Pewność (prawdopodobieństwo z RF): 33%.,0,0,0,0
2024-04-21,wiosna,niskie,0.256,cos_doy,↓,0.256,cos_doy – model ocenia ryzyko wezbrania na 26%. Kierunek wpływu: ↓. Pewność (prawdopodobieństwo z RF): 26%.,0,0,0,0
2024-04-22,wiosna,niskie,0.219,cos_doy,↓,0.219,cos_doy – model ocenia ryzyko wezbrania na 22%. Kierunek wpływu: ↓. Pewność (prawdopodobieństwo z RF): 22%.,0,0,0,0
2024-04-23,wiosna,niskie,0.082,cos_doy,↓,0.082,cos_doy – model ocenia ryzyko wezbrania na 8%. Kierunek wpływu: ↓. Pewność (prawdopodobieństwo z RF): 8%.,0,0,0,0
2024-04-24,wiosna,niskie,0.145,cos_doy,↑,0.145,cos_doy – model ocenia ryzyko wezbrania na 14%. Kierunek wpływu: ↑. Pewność (prawdopodobieństwo z RF): 14%.,0,0,0,0
2024-04-25,wiosna,niskie,0.142,cos_doy,↓,0.142,cos_doy – model ocenia ryzyko wezbrania na 14%. Kierunek wpływu: ↓. Pewność (prawdopodobieństwo z RF): 14%.,0,0,0,0
2024-04-26,wiosna,niskie,0.056,cos_doy,↓,0.056,cos_doy – model ocenia ryzyko wezbrania na 6%. Kierunek wpływu: ↓. Pewność (prawdopodobieństwo z RF): 6%.,0,0,0,0
2024-04-27,wiosna,niskie,0.028,cos_doy,↓,0.028,cos_doy – model ocenia ryzyko wezbrania na 3%. Kierunek wpływu: ↓. Pewność (prawdopodobieństwo z RF): 3%.,0,0,0,0
2024-04-28,wiosna,niskie,0.03,cos_doy,↑,0.03,cos_doy – model ocenia ryzyko wezbrania na 3%. Kierunek wpływu: ↑. Pewność (prawdopodobieństwo z RF): 3%.,0,0,0,0
2024-04-29,wiosna,niskie,0.034,cos_doy,↑,0.034,cos_doy – model ocenia ryzyko wezbrania na 3%. Kierunek wpływu: ↑. Pewność (prawdopodobieństwo z RF): 3%.,0,0,0,0
2024-04-30,wiosna,niskie,0.025,cos_doy,↓,0.025,cos_doy – model ocenia ryzyko wezbrania na 3%. Kierunek wpływu: ↓. Pewność (prawdopodobieństwo z RF): 3%.,0,0,0,0
2024-05-01,wiosna,niskie,0.009,cos_doy,↓,0.009,cos_doy – model ocenia ryzyko wezbrania na 1%. Kierunek wpływu: ↓. Pewność (prawdopodobieństwo z RF): 1%.,0,0,0,0
2024-05-02,wiosna,niskie,0.037,cos_doy,↑,0.037,cos_doy – model ocenia ryzyko wezbrania na 4%. Kierunek wpływu: ↑. Pewność (prawdopodobieństwo z RF): 4%.,0,0,0,0
2024-05-03,wiosna,niskie,0.045,cos_doy,↑,0.045,cos_doy – model ocenia ryzyko wezbrania na 5%. Kierunek wpływu: ↑. Pewność (prawdopodobieństwo z RF): 5%.,0,0,0,0
2024-05-04,wiosna,niskie,0.016,cos_doy,↓,0.016,cos_doy – model ocenia ryzyko wezbrania na 2%. Kierunek wpływu: ↓. Pewność (prawdopodobieństwo z RF): 2%.,0,0,0,0
2024-05-05,wiosna,niskie,0.15,cos_doy,↑,0.15,cos_doy – model ocenia ryzyko wezbrania na 15%. Kierunek wpływu: ↑. Pewność (prawdopodobieństwo z RF): 15%.,0,0,0,0
2024-05-06,wiosna,niskie,0.116,cos_doy,↓,0.116,cos_doy – model ocenia ryzyko wezbrania na 12%. Kierunek wpływu: ↓. Pewność (prawdopodobieństwo z RF): 12%.,0,0,0,0
2024-05-07,wiosna,niskie,0.283,cos_doy,↑,0.283,cos_doy – model ocenia ryzyko wezbrania na 28%. Kierunek wpływu: ↑. Pewność (prawdopodobieństwo z RF): 28%.,0,0,0,0
2024-05-08,wiosna,niskie,0.119,cos_doy,↓,0.119,cos_doy – model ocenia ryzyko wezbrania na 12%. Kierunek wpływu: ↓. Pewność (prawdopodobieństwo z RF): 12%.,0,0,0,0
2024-05-09,wiosna,niskie,0.044,cos_doy,↓,0.044,cos_doy – model ocenia ryzyko wezbrania na 4%. Kierunek wpływu: ↓. Pewność (prawdopodobieństwo z RF): 4%.,0,0,0,0
2024-05-10,wiosna,niskie,0.048,cos_doy,↑,0.048,cos_doy – model ocenia ryzyko wezbrania na 5%. Kierunek wpływu: ↑. Pewność (prawdopodobieństwo z RF): 5%.,0,0,0,0
2024-05-11,wiosna,niskie,0.065,cos_doy,↑,0.065,cos_doy – model ocenia ryzyko wezbrania na 7%. Kierunek wpływu: ↑. Pewność (prawdopodobieństwo z RF): 7%.,0,0,0,0
2024-05-12,wiosna,niskie,0.026,cos_doy,↓,0.026,cos_doy – model ocenia ryzyko wezbrania na 3%. Kierunek wpływu: ↓. Pewność (prawdopodobieństwo z RF): 3%.,0,0,0,0
2024-05-13,wiosna,niskie,0.013,cos_doy,↓,0.013,cos_doy – model ocenia ryzyko wezbrania na 1%. Kierunek wpływu: ↓. Pewność (prawdopodobieństwo z RF): 1%.,0,0,0,0
2024-05-14,wiosna,niskie,0.005,cos_doy,↓,0.005,cos_doy – model ocenia ryzyko wezbrania na 1%. Kierunek wpływu: ↓. Pewność (prawdopodobieństwo z RF): 1%.,0,0,0,0
2024-05-15,wiosna,niskie,0.027,cos_doy,↑,0.027,cos_doy – model ocenia ryzyko wezbrania na 3%. Kierunek wpływu: ↑. Pewność (prawdopodobieństwo z RF): 3%.,0,0,0,0
2024-05-16,wiosna,niskie,0.016,cos_doy,↓,0.016,cos_doy – model ocenia ryzyko wezbrania na 2%. Kierunek wpływu: ↓. Pewność (prawdopodobieństwo z RF): 2%.,0,0,0,0
2024-05-17,wiosna,niskie,0.024,cos_doy,↑,0.024,cos_doy – model ocenia ryzyko wezbrania na 2%. Kierunek wpływu: ↑. Pewność (prawdopodobieństwo z RF): 2%.,0,0,0,0
2024-05-18,wiosna,niskie,0.023,cos_doy,↓,0.023,cos_doy – model ocenia ryzyko wezbrania na 2%. Kierunek wpływu: ↓. Pewność (prawdopodobieństwo z RF): 2%.,0,0,0,0
2024-05-19,wiosna,niskie,0.027,cos_doy,↑,0.027,cos_doy – model ocenia ryzyko wezbrania na 3%. Kierunek wpływu: ↑. Pewność (prawdopodobieństwo z RF): 3%.,0,0,0,0
2024-05-20,wiosna,niskie,0.012,cos_doy,↓,0.012,cos_doy – model ocenia ryzyko wezbrania na 1%. Kierunek wpływu: ↓. Pewność (prawdopodobieństwo z RF): 1%.,0,0,0,0
2024-05-21,wiosna,niskie,0.011,cos_doy,↓,0.011,cos_doy – model ocenia ryzyko wezbrania na 1%. Kierunek wpływu: ↓. Pewność (prawdopodobieństwo z RF): 1%.,0,0,0,0
2024-05-22,wiosna,niskie,0.007,cos_doy,↓,0.007,cos_doy – model ocenia ryzyko wezbrania na 1%. Kierunek wpływu: ↓. Pewność (prawdopodobieństwo z RF): 1%.,0,0,0,0
2024-05-23,wiosna,niskie,0.034,cos_doy,↑,0.034,cos_doy – model ocenia ryzyko wezbrania na 3%. Kierunek wpływu: ↑. Pewność (prawdopodobieństwo z RF): 3%.,0,0,0,0
2024-05-24,wiosna,niskie,0.058,cos_doy,↑,0.058,cos_doy – model ocenia ryzyko wezbrania na 6%. Kierunek wpływu: ↑. Pewność (prawdopodobieństwo z RF): 6%.,0,0,0,0
2024-05-25,wiosna,niskie,0.027,cos_doy,↓,0.027,cos_doy – model ocenia ryzyko wezbrania na 3%. Kierunek wpływu: ↓. Pewność (prawdopodobieństwo z RF): 3%.,0,0,0,0
2024-05-26,wiosna,niskie,0.03,cos_doy,↑,0.03,cos_doy – model ocenia ryzyko wezbrania na 3%. Kierunek wpływu: ↑. Pewność (prawdopodobieństwo z RF): 3%.,0,0,0,0
2024-05-27,wiosna,niskie,0.029,cos_doy,↓,0.029,cos_doy – model ocenia ryzyko wezbrania na 3%. Kierunek wpływu: ↓. Pewność (prawdopodobieństwo z RF): 3%.,0,0,0,0
2024-05-28,wiosna,niskie,0.033,cos_doy,↑,0.033,cos_doy – model ocenia ryzyko wezbrania na 3%. Kierunek wpływu: ↑. Pewność (prawdopodobieństwo z RF): 3%.,0,0,0,0
2024-05-29,wiosna,niskie,0.093,cos_doy,↑,0.093,cos_doy – model ocenia ryzyko wezbrania na 9%. Kierunek wpływu: ↑. Pewność (prawdopodobieństwo z RF): 9%.,0,0,0,0
2024-05-30,wiosna,niskie,0.04,cos_doy,↓,0.04,cos_doy – model ocenia ryzyko wezbrania na 4%. Kierunek wpływu: ↓. Pewność (prawdopodobieństwo z RF): 4%.,0,0,0,0
2024-05-31,wiosna,niskie,0.042,cos_doy,↑,0.042,cos_doy – model ocenia ryzyko wezbrania na 4%. Kierunek wpływu: ↑. Pewność (prawdopodobieństwo z RF): 4%.,0,0,0,0
2024-06-01,lato,niskie,0.011,cos_doy,↓,0.011,cos_doy – model ocenia ryzyko wezbrania na 1%. Kierunek wpływu: ↓. Pewność (prawdopodobieństwo z RF): 1%.,0,0,0,0
2024-06-02,lato,niskie,0.03,cos_doy,↑,0.03,cos_doy – model ocenia ryzyko wezbrania na 3%. Kierunek wpływu: ↑. Pewność (prawdopodobieństwo z RF): 3%.,0,0,0,0
2024-06-03,lato,niskie,0.017,cos_doy,↓,0.017,cos_doy – model ocenia ryzyko wezbrania na 2%. Kierunek wpływu: ↓. Pewność (prawdopodobieństwo z RF): 2%.,0,0,0,0
2024-06-04,lato,niskie,0.029,cos_doy,↑,0.029,cos_doy – model ocenia ryzyko wezbrania na 3%. Kierunek wpływu: ↑. Pewność (prawdopodobieństwo z RF): 3%.,0,0,0,0
2024-06-05,lato,niskie,0.04,cos_doy,↑,0.04,cos_doy – model ocenia ryzyko wezbrania na 4%. Kierunek wpływu: ↑. Pewność (prawdopodobieństwo z RF): 4%.,0,0,0,0
2024-06-06,lato,niskie,0.083,cos_doy,↑,0.083,cos_doy – model ocenia ryzyko wezbrania na 8%. Kierunek wpływu: ↑. Pewność (prawdopodobieństwo z RF): 8%.,0,0,0,0
2024-06-07,lato,niskie,0.071,cos_doy,↓,0.071,cos_doy – model ocenia ryzyko wezbrania na 7%. Kierunek wpływu: ↓. Pewność (prawdopodobieństwo z RF): 7%.,0,0,0,0
2024-06-08,lato,niskie,0.13,cos_doy,↑,0.13,cos_doy – model ocenia ryzyko wezbrania na 13%. Kierunek wpływu: ↑. Pewność (prawdopodobieństwo z RF): 13%.,0,0,0,0
2024-06-09,lato,niskie,0.12,cos_doy,↓,0.12,cos_doy – model ocenia ryzyko wezbrania na 12%. Kierunek wpływu: ↓. Pewność (prawdopodobieństwo z RF): 12%.,0,0,0,0
2024-06-10,lato,niskie,0.083,cos_doy,↓,0.083,cos_doy – model ocenia ryzyko wezbrania na 8%. Kierunek wpływu: ↓. Pewność (prawdopodobieństwo z RF): 8%.,0,0,0,0
2024-06-11,lato,niskie,0.104,cos_doy,↑,0.104,cos_doy – model ocenia ryzyko wezbrania na 10%. Kierunek wpływu: ↑. Pewność (prawdopodobieństwo z RF): 10%.,0,0,0,0
2024-06-12,lato,niskie,0.159,cos_doy,↑,0.159,cos_doy – model ocenia ryzyko wezbrania na 16%. Kierunek wpływu: ↑. Pewność (prawdopodobieństwo z RF): 16%.,0,0,0,0
2024-06-13,lato,niskie,0.13,cos_doy,↓,0.13,cos_doy – model ocenia ryzyko wezbrania na 13%. Kierunek wpływu: ↓. Pewność (prawdopodobieństwo z RF): 13%.,0,0,0,0
2024-06-14,lato,niskie,0.079,cos_doy,↓,0.079,cos_doy – model ocenia ryzyko wezbrania na 8%. Kierunek wpływu: ↓. Pewność (prawdopodobieństwo z RF): 8%.,0,0,0,0
2024-06-15,lato,niskie,0.1,cos_doy,↑,0.1,cos_doy – model ocenia ryzyko wezbrania na 10%. Kierunek wpływu: ↑. Pewność (prawdopodobieństwo z RF): 10%.,0,0,0,0
2024-06-16,lato,niskie,0.133,cos_doy,↑,0.133,cos_doy – model ocenia ryzyko wezbrania na 13%. Kierunek wpływu: ↑. Pewność (prawdopodobieństwo z RF): 13%.,0,0,0,0
2024-06-17,lato,niskie,0.039,cos_doy,↓,0.039,cos_doy – model ocenia ryzyko wezbrania na 4%. Kierunek wpływu: ↓. Pewność (prawdopodobieństwo z RF): 4%.,0,0,0,0
2024-06-18,lato,niskie,0.009,cos_doy,↓,0.009,cos_doy – model ocenia ryzyko wezbrania na 1%. Kierunek wpływu: ↓. Pewność (prawdopodobieństwo z RF): 1%.,0,0,0,0
2024-06-19,lato,niskie,0.097,cos_doy,↑,0.097,cos_doy – model ocenia ryzyko wezbrania na 10%. Kierunek wpływu: ↑. Pewność (prawdopodobieństwo z RF): 10%.,0,0,0,0
2024-06-20,lato,niskie,0.127,cos_doy,↑,0.127,cos_doy – model ocenia ryzyko wezbrania na 13%. Kierunek wpływu: ↑. Pewność (prawdopodobieństwo z RF): 13%.,0,0,0,0
2024-06-21,lato,niskie,0.039,cos_doy,↓,0.039,cos_doy – model ocenia ryzyko wezbrania na 4%. Kierunek wpływu: ↓. Pewność (prawdopodobieństwo z RF): 4%.,0,0,0,0
2024-06-22,lato,niskie,0.208,cos_doy,↑,0.208,cos_doy – model ocenia ryzyko wezbrania na 21%. Kierunek wpływu: ↑. Pewność (prawdopodobieństwo z RF): 21%.,0,0,0,0
2024-06-23,lato,niskie,0.17,cos_doy,↓,0.17,cos_doy – model ocenia ryzyko wezbrania na 17%. Kierunek wpływu: ↓. Pewność (prawdopodobieństwo z RF): 17%.,0,0,0,0
2024-06-24,lato,niskie,0.116,cos_doy,↓,0.116,cos_doy – model ocenia ryzyko wezbrania na 12%. Kierunek wpływu: ↓. Pewność (prawdopodobieństwo z RF): 12%.,0,0,0,0
2024-06-25,lato,niskie,0.021,cos_doy,↓,0.021,cos_doy – model ocenia ryzyko wezbrania na 2%. Kierunek wpływu: ↓. Pewność (prawdopodobieństwo z RF): 2%.,0,0,0,0
2024-06-26,lato,niskie,0.027,cos_doy,↑,0.027,cos_doy – model ocenia ryzyko wezbrania na 3%. Kierunek wpływu: ↑. Pewność (prawdopodobieństwo z RF): 3%.,0,0,0,0
2024-06-27,lato,niskie,0.027,cos_doy,↑,0.027,cos_doy – model ocenia ryzyko wezbrania na 3%. Kierunek wpływu: ↑. Pewność (prawdopodobieństwo z RF): 3%.,0,0,0,0
2024-06-28,lato,niskie,0.076,cos_doy,↑,0.076,cos_doy – model ocenia ryzyko wezbrania na 8%. Kierunek wpływu: ↑. Pewność (prawdopodobieństwo z RF): 8%.,0,0,0,0
2024-06-29,lato,niskie,0.17,cos_doy,↑,0.17,cos_doy – model ocenia ryzyko wezbrania na 17%. Kierunek wpływu: ↑. Pewność (prawdopodobieństwo z RF): 17%.,0,0,0,0
2024-06-30,lato,niskie,0.257,cos_doy,↑,0.257,cos_doy – model ocenia ryzyko wezbrania na 26%. Kierunek wpływu: ↑. Pewność (prawdopodobieństwo z RF): 26%.,0,0,0,0
2024-07-01,lato,niskie,0.117,cos_doy,↓,0.117,cos_doy – model ocenia ryzyko wezbrania na 12%. Kierunek wpływu: ↓. Pewność (prawdopodobieństwo z RF): 12%.,0,0,0,0
2024-07-02,lato,niskie,0.15,cos_doy,↑,0.15,cos_doy – model ocenia ryzyko wezbrania na 15%. Kierunek wpływu: ↑. Pewność (prawdopodobieństwo z RF): 15%.,0,0,0,0
2024-07-03,lato,niskie,0.131,cos_doy,↓,0.131,cos_doy – model ocenia ryzyko wezbrania na 13%. Kierunek wpływu: ↓. Pewność (prawdopodobieństwo z RF): 13%.,0,0,0,0
2024-07-04,lato,niskie,0.096,cos_doy,↓,0.096,cos_doy – model ocenia ryzyko wezbrania na 10%. Kierunek wpływu: ↓. Pewność (prawdopodobieństwo z RF): 10%.,0,0,0,0
2024-07-05,lato,niskie,0.091,cos_doy,↓,0.091,cos_doy – model ocenia ryzyko wezbrania na 9%. Kierunek wpływu: ↓. Pewność (prawdopodobieństwo z RF): 9%.,0,0,0,0
2024-07-06,lato,niskie,0.059,cos_doy,↓,0.059,cos_doy – model ocenia ryzyko wezbrania na 6%. Kierunek wpływu: ↓. Pewność (prawdopodobieństwo z RF): 6%.,0,0,0,0
2024-07-07,lato,niskie,0.155,cos_doy,↑,0.155,cos_doy – model ocenia ryzyko wezbrania na 15%. Kierunek wpływu: ↑. Pewność (prawdopodobieństwo z RF): 15%.,0,1,0,0
2024-07-08,lato,niskie,0.061,cos_doy,↓,0.061,cos_doy – model ocenia ryzyko wezbrania na 6%. Kierunek wpływu: ↓. Pewność (prawdopodobieństwo z RF): 6%.,0,0,0,0
2024-07-09,lato,niskie,0.043,cos_doy,↓,0.043,cos_doy – model ocenia ryzyko wezbrania na 4%. Kierunek wpływu: ↓. Pewność (prawdopodobieństwo z RF): 4%.,0,0,0,0
2024-07-10,lato,niskie,0.111,cos_doy,↑,0.111,cos_doy – model ocenia ryzyko wezbrania na 11%. Kierunek wpływu: ↑. Pewność (prawdopodobieństwo z RF): 11%.,0,1,0,0
2024-07-11,lato,niskie,0.124,cos_doy,↑,0.124,cos_doy – model ocenia ryzyko wezbrania na 12%. Kierunek wpływu: ↑. Pewność (prawdopodobieństwo z RF): 12%.,0,0,0,0
2024-07-12,lato,niskie,0.131,cos_doy,↑,0.131,cos_doy – model ocenia ryzyko wezbrania na 13%. Kierunek wpływu: ↑. Pewność (prawdopodobieństwo z RF): 13%.,0,0,0,0
2024-07-13,lato,niskie,0.236,cos_doy,↑,0.236,cos_doy – model ocenia ryzyko wezbrania na 24%. Kierunek wpływu: ↑. Pewność (prawdopodobieństwo z RF): 24%.,0,0,0,0
2024-07-14,lato,niskie,0.136,cos_doy,↓,0.136,cos_doy – model ocenia ryzyko wezbrania na 14%. Kierunek wpływu: ↓. Pewność (prawdopodobieństwo z RF): 14%.,0,0,0,0
2024-07-15,lato,niskie,0.123,cos_doy,↓,0.123,cos_doy – model ocenia ryzyko wezbrania na 12%. Kierunek wpływu: ↓. Pewność (prawdopodobieństwo z RF): 12%.,0,0,0,0
2024-07-16,lato,niskie,0.09,cos_doy,↓,0.09,cos_doy – model ocenia ryzyko wezbrania na 9%. Kierunek wpływu: ↓. Pewność (prawdopodobieństwo z RF): 9%.,0,1,0,0
2024-07-17,lato,niskie,0.174,cos_doy,↑,0.174,cos_doy – model ocenia ryzyko wezbrania na 17%. Kierunek wpływu: ↑. Pewność (prawdopodobieństwo z RF): 17%.,0,0,0,0
2024-07-18,lato,niskie,0.083,cos_doy,↓,0.083,cos_doy – model ocenia ryzyko wezbrania na 8%. Kierunek wpływu: ↓. Pewność (prawdopodobieństwo z RF): 8%.,0,0,0,0
2024-07-19,lato,niskie,0.076,cos_doy,↓,0.076,cos_doy – model ocenia ryzyko wezbrania na 8%. Kierunek wpływu: ↓. Pewność (prawdopodobieństwo z RF): 8%.,0,0,0,0
2024-07-20,lato,niskie,0.015,cos_doy,↓,0.015,cos_doy – model ocenia ryzyko wezbrania na 2%. Kierunek wpływu: ↓. Pewność (prawdopodobieństwo z RF): 2%.,0,0,0,0
2024-07-21,lato,niskie,0.034,cos_doy,↑,0.034,cos_doy – model ocenia ryzyko wezbrania na 3%. Kierunek wpływu: ↑. Pewność (prawdopodobieństwo z RF): 3%.,0,0,0,0
2024-07-22,lato,niskie,0.031,cos_doy,↓,0.031,cos_doy – model ocenia ryzyko wezbrania na 3%. Kierunek wpływu: ↓. Pewność (prawdopodobieństwo z RF): 3%.,0,0,0,0
2024-07-23,lato,niskie,0.036,cos_doy,↑,0.036,cos_doy – model ocenia ryzyko wezbrania na 4%. Kierunek wpływu: ↑. Pewność (prawdopodobieństwo z RF): 4%.,0,0,0,0
2024-07-24,lato,niskie,0.1,cos_doy,↑,0.1,cos_doy – model ocenia ryzyko wezbrania na 10%. Kierunek wpływu: ↑. Pewność (prawdopodobieństwo z RF): 10%.,0,0,0,0
2024-07-25,lato,niskie,0.114,cos_doy,↑,0.114,cos_doy – model ocenia ryzyko wezbrania na 11%. Kierunek wpływu: ↑. Pewność (prawdopodobieństwo z RF): 11%.,0,0,0,0
2024-07-26,lato,niskie,0.038,cos_doy,↓,0.038,cos_doy – model ocenia ryzyko wezbrania na 4%. Kierunek wpływu: ↓. Pewność (prawdopodobieństwo z RF): 4%.,0,0,0,0
2024-07-27,lato,niskie,0.014,cos_doy,↓,0.014,cos_doy – model ocenia ryzyko wezbrania na 1%. Kierunek wpływu: ↓. Pewność (prawdopodobieństwo z RF): 1%.,0,0,0,0
2024-07-28,lato,niskie,0.122,cos_doy,↑,0.122,cos_doy – model ocenia ryzyko wezbrania na 12%. Kierunek wpływu: ↑. Pewność (prawdopodobieństwo z RF): 12%.,0,0,0,0
2024-07-29,lato,niskie,0.384,cos_doy,↑,0.384,cos_doy – model ocenia ryzyko wezbrania na 38%. Kierunek wpływu: ↑. Pewność (prawdopodobieństwo z RF): 38%.,1,1,0,1
2024-07-30,lato,niskie,0.09,cos_doy,↓,0.09,cos_doy – model ocenia ryzyko wezbrania na 9%. Kierunek wpływu: ↓. Pewność (prawdopodobieństwo z RF): 9%.,0,0,0,0
2024-07-31,lato,niskie,0.023,cos_doy,↓,0.023,cos_doy – model ocenia ryzyko wezbrania na 2%. Kierunek wpływu: ↓. Pewność (prawdopodobieństwo z RF): 2%.,0,0,0,0
2024-08-01,lato,niskie,0.008,cos_doy,↓,0.008,cos_doy – model ocenia ryzyko wezbrania na 1%. Kierunek wpływu: ↓. Pewność (prawdopodobieństwo z RF): 1%.,0,0,0,0
2024-08-02,lato,niskie,0.027,cos_doy,↑,0.027,cos_doy – model ocenia ryzyko wezbrania na 3%. Kierunek wpływu: ↑. Pewność (prawdopodobieństwo z RF): 3%.,0,0,0,0
2024-08-03,lato,niskie,0.006,cos_doy,↓,0.006,cos_doy – model ocenia ryzyko wezbrania na 1%. Kierunek wpływu: ↓. Pewność (prawdopodobieństwo z RF): 1%.,0,0,0,0
2024-08-04,lato,niskie,0.058,cos_doy,↑,0.058,cos_doy – model ocenia ryzyko wezbrania na 6%. Kierunek wpływu: ↑. Pewność (prawdopodobieństwo z RF): 6%.,0,0,0,0
2024-08-05,lato,niskie,0.063,cos_doy,↑,0.063,cos_doy – model ocenia ryzyko wezbrania na 6%. Kierunek wpływu: ↑. Pewność (prawdopodobieństwo z RF): 6%.,0,0,0,0
2024-08-06,lato,niskie,0.048,cos_doy,↓,0.048,cos_doy – model ocenia ryzyko wezbrania na 5%. Kierunek wpływu: ↓. Pewność (prawdopodobieństwo z RF): 5%.,0,0,0,0
2024-08-07,lato,niskie,0.015,cos_doy,↓,0.015,cos_doy – model ocenia ryzyko wezbrania na 2%. Kierunek wpływu: ↓. Pewność (prawdopodobieństwo z RF): 2%.,0,0,0,0
2024-08-08,lato,niskie,0.009,cos_doy,↓,0.009,cos_doy – model ocenia ryzyko wezbrania na 1%. Kierunek wpływu: ↓. Pewność (prawdopodobieństwo z RF): 1%.,0,0,0,0
2024-08-09,lato,niskie,0.035,cos_doy,↑,0.035,cos_doy – model ocenia ryzyko wezbrania na 3%. Kierunek wpływu: ↑. Pewność (prawdopodobieństwo z RF): 3%.,0,0,0,0
2024-08-10,lato,niskie,0.08,cos_doy,↑,0.08,cos_doy – model ocenia ryzyko wezbrania na 8%. Kierunek wpływu: ↑. Pewność (prawdopodobieństwo z RF): 8%.,0,0,0,0
2024-08-11,lato,niskie,0.092,cos_doy,↑,0.092,cos_doy – model ocenia ryzyko wezbrania na 9%. Kierunek wpływu: ↑. Pewność (prawdopodobieństwo z RF): 9%.,0,0,0,0
2024-08-12,lato,niskie,0.053,cos_doy,↓,0.053,cos_doy – model ocenia ryzyko wezbrania na 5%. Kierunek wpływu: ↓. Pewność (prawdopodobieństwo z RF): 5%.,0,0,0,0
2024-08-13,lato,niskie,0.016,cos_doy,↓,0.016,cos_doy – model ocenia ryzyko wezbrania na 2%. Kierunek wpływu: ↓. Pewność (prawdopodobieństwo z RF): 2%.,0,0,0,0
2024-08-14,lato,niskie,0.032,cos_doy,↑,0.032,cos_doy – model ocenia ryzyko wezbrania na 3%. Kierunek wpływu: ↑. Pewność (prawdopodobieństwo z RF): 3%.,0,0,0,0
2024-08-15,lato,niskie,0.019,cos_doy,↓,0.019,cos_doy – model ocenia ryzyko wezbrania na 2%. Kierunek wpływu: ↓. Pewność (prawdopodobieństwo z RF): 2%.,0,0,0,0
2024-08-16,lato,niskie,0.023,cos_doy,↑,0.023,cos_doy – model ocenia ryzyko wezbrania na 2%. Kierunek wpływu: ↑. Pewność (prawdopodobieństwo z RF): 2%.,0,0,0,0
2024-08-17,lato,niskie,0.015,cos_doy,↓,0.015,cos_doy – model ocenia ryzyko wezbrania na 2%. Kierunek wpływu: ↓. Pewność (prawdopodobieństwo z RF): 2%.,0,0,0,0
2024-08-18,lato,niskie,0.03,cos_doy,↑,0.03,cos_doy – model ocenia ryzyko wezbrania na 3%. Kierunek wpływu: ↑. Pewność (prawdopodobieństwo z RF): 3%.,0,1,0,0
2024-08-19,lato,niskie,0.12,cos_doy,↑,0.12,cos_doy – model ocenia ryzyko wezbrania na 12%. Kierunek wpływu: ↑. Pewność (prawdopodobieństwo z RF): 12%.,0,0,0,0
2024-08-20,lato,niskie,0.033,cos_doy,↓,0.033,cos_doy – model ocenia ryzyko wezbrania na 3%. Kierunek wpływu: ↓. Pewność (prawdopodobieństwo z RF): 3%.,0,0,0,0
2024-08-21,lato,niskie,0.175,cos_doy,↑,0.175,cos_doy – model ocenia ryzyko wezbrania na 18%. Kierunek wpływu: ↑. Pewność (prawdopodobieństwo z RF): 18%.,0,0,0,0
2024-08-22,lato,niskie,0.125,cos_doy,↓,0.125,cos_doy – model ocenia ryzyko wezbrania na 12%. Kierunek wpływu: ↓. Pewność (prawdopodobieństwo z RF): 12%.,0,0,0,0
2024-08-23,lato,niskie,0.074,cos_doy,↓,0.074,cos_doy – model ocenia ryzyko wezbrania na 7%. Kierunek wpływu: ↓. Pewność (prawdopodobieństwo z RF): 7%.,0,0,0,0
2024-08-24,lato,niskie,0.075,cos_doy,↑,0.075,cos_doy – model ocenia ryzyko wezbrania na 7%. Kierunek wpływu: ↑. Pewność (prawdopodobieństwo z RF): 7%.,0,0,0,0
2024-08-25,lato,niskie,0.144,cos_doy,↑,0.144,cos_doy – model ocenia ryzyko wezbrania na 14%. Kierunek wpływu: ↑. Pewność (prawdopodobieństwo z RF): 14%.,0,0,0,0
2024-08-26,lato,niskie,0.134,cos_doy,↓,0.134,cos_doy – model ocenia ryzyko wezbrania na 13%. Kierunek wpływu: ↓. Pewność (prawdopodobieństwo z RF): 13%.,0,0,0,0
2024-08-27,lato,niskie,0.03,cos_doy,↓,0.03,cos_doy – model ocenia ryzyko wezbrania na 3%. Kierunek wpływu: ↓. Pewność (prawdopodobieństwo z RF): 3%.,0,0,0,0
2024-08-28,lato,niskie,0.046,cos_doy,↑,0.046,cos_doy – model ocenia ryzyko wezbrania na 5%. Kierunek wpływu: ↑. Pewność (prawdopodobieństwo z RF): 5%.,0,0,0,0
2024-08-29,lato,niskie,0.051,cos_doy,↑,0.051,cos_doy – model ocenia ryzyko wezbrania na 5%. Kierunek wpływu: ↑. Pewność (prawdopodobieństwo z RF): 5%.,0,0,0,0
2024-08-30,lato,niskie,0.053,cos_doy,↑,0.053,cos_doy – model ocenia ryzyko wezbrania na 5%. Kierunek wpływu: ↑. Pewność (prawdopodobieństwo z RF): 5%.,0,0,0,0
2024-08-31,lato,niskie,0.077,cos_doy,↑,0.077,cos_doy – model ocenia ryzyko wezbrania na 8%. Kierunek wpływu: ↑. Pewność (prawdopodobieństwo z RF): 8%.,0,0,0,0
2024-09-01,jesien,niskie,0.126,cos_doy,↑,0.126,cos_doy – model ocenia ryzyko wezbrania na 13%. Kierunek wpływu: ↑. Pewność (prawdopodobieństwo z RF): 13%.,0,0,0,0
2024-09-02,jesien,niskie,0.018,cos_doy,↓,0.018,cos_doy – model ocenia ryzyko wezbrania na 2%. Kierunek wpływu: ↓. Pewność (prawdopodobieństwo z RF): 2%.,0,0,0,0
2024-09-03,jesien,niskie,0.019,cos_doy,↑,0.019,cos_doy – model ocenia ryzyko wezbrania na 2%. Kierunek wpływu: ↑. Pewność (prawdopodobieństwo z RF): 2%.,0,0,0,0
2024-09-04,jesien,niskie,0.022,cos_doy,↑,0.022,cos_doy – model ocenia ryzyko wezbrania na 2%. Kierunek wpływu: ↑. Pewność (prawdopodobieństwo z RF): 2%.,0,0,0,0
2024-09-05,jesien,niskie,0.017,cos_doy,↓,0.017,cos_doy – model ocenia ryzyko wezbrania na 2%. Kierunek wpływu: ↓. Pewność (prawdopodobieństwo z RF): 2%.,0,0,0,0
2024-09-06,jesien,niskie,0.01,cos_doy,↓,0.01,cos_doy – model ocenia ryzyko wezbrania na 1%. Kierunek wpływu: ↓. Pewność (prawdopodobieństwo z RF): 1%.,0,0,0,0
2024-09-07,jesien,niskie,0.033,cos_doy,↑,0.033,cos_doy – model ocenia ryzyko wezbrania na 3%. Kierunek wpływu: ↑. Pewność (prawdopodobieństwo z RF): 3%.,0,0,0,0
2024-09-08,jesien,niskie,0.061,cos_doy,↑,0.061,cos_doy – model ocenia ryzyko wezbrania na 6%. Kierunek wpływu: ↑. Pewność (prawdopodobieństwo z RF): 6%.,0,0,0,0
2024-09-09,jesien,niskie,0.255,cos_doy,↑,0.255,cos_doy – model ocenia ryzyko wezbrania na 26%. Kierunek wpływu: ↑. Pewność (prawdopodobieństwo z RF): 26%.,0,0,0,0
2024-09-10,jesien,niskie,0.13,cos_doy,↓,0.13,cos_doy – model ocenia ryzyko wezbrania na 13%. Kierunek wpływu: ↓. Pewność (prawdopodobieństwo z RF): 13%.,0,0,0,0
2024-09-11,jesien,niskie,0.094,cos_doy,↓,0.094,cos_doy – model ocenia ryzyko wezbrania na 9%. Kierunek wpływu: ↓. Pewność (prawdopodobieństwo z RF): 9%.,0,0,0,0
2024-09-12,jesien,niskie,0.302,cos_doy,↑,0.302,cos_doy – model ocenia ryzyko wezbrania na 30%. Kierunek wpływu: ↑. Pewność (prawdopodobieństwo z RF): 30%.,0,0,0,0
2024-09-13,jesien,niskie,0.366,cos_doy,↑,0.366,cos_doy – model ocenia ryzyko wezbrania na 37%. Kierunek wpływu: ↑. Pewność (prawdopodobieństwo z RF): 37%.,0,0,0,0
2024-09-14,jesien,średnie,0.564,cos_doy,↑,0.564,cos_doy – model ocenia ryzyko wezbrania na 56%. Kierunek wpływu: ↑. Pewność (prawdopodobieństwo z RF): 56%.,1,1,0,1
2024-09-15,jesien,średnie,0.53,cos_doy,↓,0.53,cos_doy – model ocenia ryzyko wezbrania na 53%. Kierunek wpływu: ↓. Pewność (prawdopodobieństwo z RF): 53%.,1,1,0,1
2024-09-16,jesien,niskie,0.154,cos_doy,↓,0.154,cos_doy – model ocenia ryzyko wezbrania na 15%. Kierunek wpływu: ↓. Pewność (prawdopodobieństwo z RF): 15%.,0,0,0,0
2024-09-17,jesien,niskie,0.09,cos_doy,↓,0.09,cos_doy – model ocenia ryzyko wezbrania na 9%. Kierunek wpływu: ↓. Pewność (prawdopodobieństwo z RF): 9%.,0,0,0,0
2024-09-18,jesien,niskie,0.071,cos_doy,↓,0.071,cos_doy – model ocenia ryzyko wezbrania na 7%. Kierunek wpływu: ↓. Pewność (prawdopodobieństwo z RF): 7%.,0,0,0,0
2024-09-19,jesien,niskie,0.037,cos_doy,↓,0.037,cos_doy – model ocenia ryzyko wezbrania na 4%. Kierunek wpływu: ↓. Pewność (prawdopodobieństwo z RF): 4%.,0,0,0,0
2024-09-20,jesien,niskie,0.032,cos_doy,↓,0.032,cos_doy – model ocenia ryzyko wezbrania na 3%. Kierunek wpływu: ↓. Pewność (prawdopodobieństwo z RF): 3%.,0,0,0,0
2024-09-21,jesien,niskie,0.027,cos_doy,↓,0.027,cos_doy – model ocenia ryzyko wezbrania na 3%. Kierunek wpływu: ↓. Pewność (prawdopodobieństwo z RF): 3%.,0,0,0,0
2024-09-22,jesien,niskie,0.061,cos_doy,↑,0.061,cos_doy – model ocenia ryzyko wezbrania na 6%. Kierunek wpływu: ↑. Pewność (prawdopodobieństwo z RF): 6%.,0,0,0,0
2024-09-23,jesien,niskie,0.155,cos_doy,↑,0.155,cos_doy – model ocenia ryzyko wezbrania na 16%. Kierunek wpływu: ↑. Pewność (prawdopodobieństwo z RF): 16%.,0,0,0,0
2024-09-24,jesien,niskie,0.13,cos_doy,↓,0.13,cos_doy – model ocenia ryzyko wezbrania na 13%. Kierunek wpływu: ↓. Pewność (prawdopodobieństwo z RF): 13%.,0,0,0,0
2024-09-25,jesien,niskie,0.119,cos_doy,↓,0.119,cos_doy – model ocenia ryzyko wezbrania na 12%. Kierunek wpływu: ↓. Pewność (prawdopodobieństwo z RF): 12%.,0,0,0,0
2024-09-26,jesien,niskie,0.159,cos_doy,↑,0.159,cos_doy – model ocenia ryzyko wezbrania na 16%. Kierunek wpływu: ↑. Pewność (prawdopodobieństwo z RF): 16%.,0,0,0,0
2024-09-27,jesien,niskie,0.154,cos_doy,↓,0.154,cos_doy – model ocenia ryzyko wezbrania na 15%. Kierunek wpływu: ↓. Pewność (prawdopodobieństwo z RF): 15%.,0,0,0,0
2024-09-28,jesien,niskie,0.277,cos_doy,↑,0.277,cos_doy – model ocenia ryzyko wezbrania na 28%. Kierunek wpływu: ↑. Pewność (prawdopodobieństwo z RF): 28%.,0,0,0,0
2024-09-29,jesien,niskie,0.323,cos_doy,↑,0.323,cos_doy – model ocenia ryzyko wezbrania na 32%. Kierunek wpływu: ↑. Pewność (prawdopodobieństwo z RF): 32%.,0,0,0,0
2024-09-30,jesien,niskie,0.15,cos_doy,↓,0.15,cos_doy – model ocenia ryzyko wezbrania na 15%. Kierunek wpływu: ↓. Pewność (prawdopodobieństwo z RF): 15%.,0,0,0,0
2024-10-01,jesien,niskie,0.253,cos_doy,↑,0.253,cos_doy – model ocenia ryzyko wezbrania na 25%. Kierunek wpływu: ↑. Pewność (prawdopodobieństwo z RF): 25%.,0,0,0,0
2024-10-02,jesien,niskie,0.189,cos_doy,↓,0.189,cos_doy – model ocenia ryzyko wezbrania na 19%. Kierunek wpływu: ↓. Pewność (prawdopodobieństwo z RF): 19%.,0,0,0,0
2024-10-03,jesien,niskie,0.313,cos_doy,↑,0.313,cos_doy – model ocenia ryzyko wezbrania na 31%. Kierunek wpływu: ↑. Pewność (prawdopodobieństwo z RF): 31%.,0,0,0,0
2024-10-04,jesien,niskie,0.456,cos_doy,↑,0.456,cos_doy – model ocenia ryzyko wezbrania na 46%. Kierunek wpływu: ↑. Pewność (prawdopodobieństwo z RF): 46%.,0,0,0,0
2024-10-05,jesien,niskie,0.318,cos_doy,↓,0.318,cos_doy – model ocenia ryzyko wezbrania na 32%. Kierunek wpływu: ↓. Pewność (prawdopodobieństwo z RF): 32%.,0,0,0,0
2024-10-06,jesien,niskie,0.257,cos_doy,↓,0.257,cos_doy – model ocenia ryzyko wezbrania na 26%. Kierunek wpływu: ↓. Pewność (prawdopodobieństwo z RF): 26%.,0,0,0,0
2024-10-07,jesien,niskie,0.178,cos_doy,↓,0.178,cos_doy – model ocenia ryzyko wezbrania na 18%. Kierunek wpływu: ↓. Pewność (prawdopodobieństwo z RF): 18%.,0,0,0,0
2024-10-08,jesien,niskie,0.117,cos_doy,↓,0.117,cos_doy – model ocenia ryzyko wezbrania na 12%. Kierunek wpływu: ↓. Pewność (prawdopodobieństwo z RF): 12%.,0,0,0,0
2024-10-09,jesien,niskie,0.299,cos_doy,↑,0.299,cos_doy – model ocenia ryzyko wezbrania na 30%. Kierunek wpływu: ↑. Pewność (prawdopodobieństwo z RF): 30%.,0,0,0,0
2024-10-10,jesien,niskie,0.305,cos_doy,↑,0.305,cos_doy – model ocenia ryzyko wezbrania na 31%. Kierunek wpływu: ↑. Pewność (prawdopodobieństwo z RF): 31%.,0,0,0,0
2024-10-11,jesien,niskie,0.416,cos_doy,↑,0.416,cos_doy – model ocenia ryzyko wezbrania na 42%. Kierunek wpływu: ↑. Pewność (prawdopodobieństwo z RF): 42%.,0,0,0,0
2024-10-12,jesien,niskie,0.275,cos_doy,↓,0.275,cos_doy – model ocenia ryzyko wezbrania na 27%. Kierunek wpływu: ↓. Pewność (prawdopodobieństwo z RF): 27%.,0,0,0,0
2024-10-13,jesien,średnie,0.586,cos_doy,↑,0.586,cos_doy – model ocenia ryzyko wezbrania na 59%. Kierunek wpływu: ↑. Pewność (prawdopodobieństwo z RF): 59%.,0,0,0,0
2024-10-14,jesien,niskie,0.461,cos_doy,↓,0.461,cos_doy – model ocenia ryzyko wezbrania na 46%. Kierunek wpływu: ↓. Pewność (prawdopodobieństwo z RF): 46%.,0,0,0,0
2024-10-15,jesien,niskie,0.496,cos_doy,↑,0.496,cos_doy – model ocenia ryzyko wezbrania na 50%. Kierunek wpływu: ↑. Pewność (prawdopodobieństwo z RF): 50%.,0,0,0,0
2024-10-16,jesien,niskie,0.278,cos_doy,↓,0.278,cos_doy – model ocenia ryzyko wezbrania na 28%. Kierunek wpływu: ↓. Pewność (prawdopodobieństwo z RF): 28%.,0,0,0,0
2024-10-17,jesien,niskie,0.2,cos_doy,↓,0.2,cos_doy – model ocenia ryzyko wezbrania na 20%. Kierunek wpływu: ↓. Pewność (prawdopodobieństwo z RF): 20%.,0,0,0,0
2024-10-18,jesien,niskie,0.103,cos_doy,↓,0.103,cos_doy – model ocenia ryzyko wezbrania na 10%. Kierunek wpływu: ↓. Pewność (prawdopodobieństwo z RF): 10%.,0,0,0,0
2024-10-19,jesien,niskie,0.134,cos_doy,↑,0.134,cos_doy – model ocenia ryzyko wezbrania na 13%. Kierunek wpływu: ↑. Pewność (prawdopodobieństwo z RF): 13%.,0,0,0,0
2024-10-20,jesien,niskie,0.128,cos_doy,↓,0.128,cos_doy – model ocenia ryzyko wezbrania na 13%. Kierunek wpływu: ↓. Pewność (prawdopodobieństwo z RF): 13%.,0,0,0,0
2024-10-21,jesien,niskie,0.04,cos_doy,↓,0.04,cos_doy – model ocenia ryzyko wezbrania na 4%. Kierunek wpływu: ↓. Pewność (prawdopodobieństwo z RF): 4%.,0,0,0,0
2024-10-22,jesien,niskie,0.102,cos_doy,↑,0.102,cos_doy – model ocenia ryzyko wezbrania na 10%. Kierunek wpływu: ↑. Pewność (prawdopodobieństwo z RF): 10%.,0,0,0,0
2024-10-23,jesien,niskie,0.207,cos_doy,↑,0.207,cos_doy – model ocenia ryzyko wezbrania na 21%. Kierunek wpływu: ↑. Pewność (prawdopodobieństwo z RF): 21%.,0,0,0,0
2024-10-24,jesien,niskie,0.096,cos_doy,↓,0.096,cos_doy – model ocenia ryzyko wezbrania na 10%. Kierunek wpływu: ↓. Pewność (prawdopodobieństwo z RF): 10%.,0,0,0,0
2024-10-25,jesien,niskie,0.174,cos_doy,↑,0.174,cos_doy – model ocenia ryzyko wezbrania na 17%. Kierunek wpływu: ↑. Pewność (prawdopodobieństwo z RF): 17%.,0,0,0,0
2024-10-26,jesien,niskie,0.065,cos_doy,↓,0.065,cos_doy – model ocenia ryzyko wezbrania na 6%. Kierunek wpływu: ↓. Pewność (prawdopodobieństwo z RF): 6%.,0,0,0,0
2024-10-27,jesien,niskie,0.096,cos_doy,↑,0.096,cos_doy – model ocenia ryzyko wezbrania na 10%. Kierunek wpływu: ↑. Pewność (prawdopodobieństwo z RF): 10%.,0,0,0,0
2024-10-28,jesien,niskie,0.066,cos_doy,↓,0.066,cos_doy – model ocenia ryzyko wezbrania na 7%. Kierunek wpływu: ↓. Pewność (prawdopodobieństwo z RF): 7%.,0,0,0,0
2024-10-29,jesien,niskie,0.063,cos_doy,↓,0.063,cos_doy – model ocenia ryzyko wezbrania na 6%. Kierunek wpływu: ↓. Pewność (prawdopodobieństwo z RF): 6%.,0,0,0,0
2024-10-30,jesien,niskie,0.064,cos_doy,↑,0.064,cos_doy – model ocenia ryzyko wezbrania na 6%. Kierunek wpływu: ↑. Pewność (prawdopodobieństwo z RF): 6%.,0,0,0,0
2024-10-31,jesien,niskie,0.155,cos_doy,↑,0.155,cos_doy – model ocenia ryzyko wezbrania na 16%. Kierunek wpływu: ↑. Pewność (prawdopodobieństwo z RF): 16%.,0,0,0,0
2024-11-01,jesien,średnie,0.512,cos_doy,↑,0.512,cos_doy – model ocenia ryzyko wezbrania na 51%. Kierunek wpływu: ↑. Pewność (prawdopodobieństwo z RF): 51%.,1,1,1,1
2024-11-02,jesien,wysokie,0.719,cos_doy,↑,0.719,cos_doy – model ocenia ryzyko wezbrania na 72%. Kierunek wpływu: ↑. Pewność (prawdopodobieństwo z RF): 72%.,1,1,1,1
2024-11-03,jesien,średnie,0.623,cos_doy,↓,0.623,cos_doy – model ocenia ryzyko wezbrania na 62%. Kierunek wpływu: ↓. Pewność (prawdopodobieństwo z RF): 62%.,1,1,1,1
2024-11-04,jesien,średnie,0.56,cos_doy,↓,0.56,cos_doy – model ocenia ryzyko wezbrania na 56%. Kierunek wpływu: ↓. Pewność (prawdopodobieństwo z RF): 56%.,1,1,1,1
2024-11-05,jesien,niskie,0.162,cos_doy,↓,0.162,cos_doy – model ocenia ryzyko wezbrania na 16%. Kierunek wpływu: ↓. Pewność (prawdopodobieństwo z RF): 16%.,0,0,0,0
2024-11-06,jesien,niskie,0.35,cos_doy,↑,0.35,cos_doy – model ocenia ryzyko wezbrania na 35%. Kierunek wpływu: ↑. Pewność (prawdopodobieństwo z RF): 35%.,0,0,0,0
2024-11-07,jesien,niskie,0.241,cos_doy,↓,0.241,cos_doy – model ocenia ryzyko wezbrania na 24%. Kierunek wpływu: ↓. Pewność (prawdopodobieństwo z RF): 24%.,0,0,0,0
2024-11-08,jesien,niskie,0.219,cos_doy,↓,0.219,cos_doy – model ocenia ryzyko wezbrania na 22%. Kierunek wpływu: ↓. Pewność (prawdopodobieństwo z RF): 22%.,0,0,0,0
2024-11-09,jesien,niskie,0.158,cos_doy,↓,0.158,cos_doy – model ocenia ryzyko wezbrania na 16%. Kierunek wpływu: ↓. Pewność (prawdopodobieństwo z RF): 16%.,0,0,0,0
2024-11-10,jesien,niskie,0.208,cos_doy,↑,0.208,cos_doy – model ocenia ryzyko wezbrania na 21%. Kierunek wpływu: ↑. Pewność (prawdopodobieństwo z RF): 21%.,0,0,0,0
2024-11-11,jesien,niskie,0.204,cos_doy,↓,0.204,cos_doy – model ocenia ryzyko wezbrania na 20%. Kierunek wpływu: ↓. Pewność (prawdopodobieństwo z RF): 20%.,0,0,0,0
2024-11-12,jesien,niskie,0.157,cos_doy,↓,0.157,cos_doy – model ocenia ryzyko wezbrania na 16%. Kierunek wpływu: ↓. Pewność (prawdopodobieństwo z RF): 16%.,0,0,0,0
2024-11-13,jesien,niskie,0.227,cos_doy,↑,0.227,cos_doy – model ocenia ryzyko wezbrania na 23%. Kierunek wpływu: ↑. Pewność (prawdopodobieństwo z RF): 23%.,0,0,0,0
2024-11-14,jesien,niskie,0.371,cos_doy,↑,0.371,cos_doy – model ocenia ryzyko wezbrania na 37%. Kierunek wpływu: ↑. Pewność (prawdopodobieństwo z RF): 37%.,0,0,0,0
2024-11-15,jesien,niskie,0.233,cos_doy,↓,0.233,cos_doy – model ocenia ryzyko wezbrania na 23%. Kierunek wpływu: ↓. Pewność (prawdopodobieństwo z RF): 23%.,0,0,0,0
2024-11-16,jesien,niskie,0.39,cos_doy,↑,0.39,cos_doy – model ocenia ryzyko wezbrania na 39%. Kierunek wpływu: ↑. Pewność (prawdopodobieństwo z RF): 39%.,0,0,0,0
2024-11-17,jesien,średnie,0.575,cos_doy,↑,0.575,cos_doy – model ocenia ryzyko wezbrania na 58%. Kierunek wpływu: ↑. Pewność (prawdopodobieństwo z RF): 58%.,0,0,0,0
2024-11-18,jesien,średnie,0.647,cos_doy,↑,0.647,cos_doy – model ocenia ryzyko wezbrania na 65%. Kierunek wpływu: ↑. Pewność (prawdopodobieństwo z RF): 65%.,0,0,0,0
2024-11-19,jesien,wysokie,0.816,cos_doy,↑,0.816,cos_doy – model ocenia ryzyko wezbrania na 82%. Kierunek wpływu: ↑. Pewność (prawdopodobieństwo z RF): 82%.,0,0,0,0
2024-11-20,jesien,wysokie,0.899,cos_doy,↑,0.899,cos_doy – model ocenia ryzyko wezbrania na 90%. Kierunek wpływu: ↑. Pewność (prawdopodobieństwo z RF): 90%.,1,1,1,1
2024-11-21,jesien,wysokie,0.744,cos_doy,↓,0.744,cos_doy – model ocenia ryzyko wezbrania na 74%. Kierunek wpływu: ↓. Pewność (prawdopodobieństwo z RF): 74%.,1,1,0,1
2024-11-22,jesien,wysokie,0.699,cos_doy,↓,0.699,cos_doy – model ocenia ryzyko wezbrania na 70%. Kierunek wpływu: ↓. Pewność (prawdopodobieństwo z RF): 70%.,1,1,0,1
2024-11-23,jesien,wysokie,0.792,cos_doy,↑,0.792,cos_doy – model ocenia ryzyko wezbrania na 79%. Kierunek wpływu: ↑. Pewność (prawdopodobieństwo z RF): 79%.,1,1,0,1
2024-11-24,jesien,niskie,0.372,cos_doy,↓,0.372,cos_doy – model ocenia ryzyko wezbrania na 37%. Kierunek wpływu: ↓. Pewność (prawdopodobieństwo z RF): 37%.,0,0,0,0
2024-11-25,jesien,niskie,0.31,cos_doy,↓,0.31,cos_doy – model ocenia ryzyko wezbrania na 31%. Kierunek wpływu: ↓. Pewność (prawdopodobieństwo z RF): 31%.,0,0,0,0
2024-11-26,jesien,niskie,0.346,cos_doy,↑,0.346,cos_doy – model ocenia ryzyko wezbrania na 35%. Kierunek wpływu: ↑. Pewność (prawdopodobieństwo z RF): 35%.,0,0,0,0
2024-11-27,jesien,niskie,0.224,cos_doy,↓,0.224,cos_doy – model ocenia ryzyko wezbrania na 22%. Kierunek wpływu: ↓. Pewność (prawdopodobieństwo z RF): 22%.,0,0,0,0
2024-11-28,jesien,wysokie,0.664,cos_doy,↑,0.664,cos_doy – model ocenia ryzyko wezbrania na 66%. Kierunek wpływu: ↑. Pewność (prawdopodobieństwo z RF): 66%.,1,1,1,1
2024-11-29,jesien,wysokie,0.785,cos_doy,↑,0.785,cos_doy – model ocenia ryzyko wezbrania na 79%. Kierunek wpływu: ↑. Pewność (prawdopodobieństwo z RF): 79%.,1,1,1,1
2024-11-30,jesien,niskie,0.306,cos_doy,↓,0.306,cos_doy – model ocenia ryzyko wezbrania na 31%. Kierunek wpływu: ↓. Pewność (prawdopodobieństwo z RF): 31%.,0,0,0,0
2024-12-01,zima,niskie,0.364,cos_doy,↑,0.364,cos_doy – model ocenia ryzyko wezbrania na 36%. Kierunek wpływu: ↑. Pewność (prawdopodobieństwo z RF): 36%.,0,0,0,0
2024-12-02,zima,niskie,0.45,cos_doy,↑,0.45,cos_doy – model ocenia ryzyko wezbrania na 45%. Kierunek wpływu: ↑. Pewność (prawdopodobieństwo z RF): 45%.,0,0,0,0
2024-12-03,zima,niskie,0.391,cos_doy,↓,0.391,cos_doy – model ocenia ryzyko wezbrania na 39%. Kierunek wpływu: ↓. Pewność (prawdopodobieństwo z RF): 39%.,0,0,0,0
2024-12-04,zima,niskie,0.444,cos_doy,↑,0.444,cos_doy – model ocenia ryzyko wezbrania na 44%. Kierunek wpływu: ↑. Pewność (prawdopodobieństwo z RF): 44%.,0,0,0,1
2024-12-05,zima,niskie,0.368,cos_doy,↓,0.368,cos_doy – model ocenia ryzyko wezbrania na 37%. Kierunek wpływu: ↓. Pewność (prawdopodobieństwo z RF): 37%.,0,0,0,0
2024-12-06,zima,niskie,0.488,cos_doy,↑,0.488,cos_doy – model ocenia ryzyko wezbrania na 49%. Kierunek wpływu: ↑. Pewność (prawdopodobieństwo z RF): 49%.,0,0,0,0
2024-12-07,zima,niskie,0.314,cos_doy,↓,0.314,cos_doy – model ocenia ryzyko wezbrania na 31%. Kierunek wpływu: ↓. Pewność (prawdopodobieństwo z RF): 31%.,0,0,0,0
2024-12-08,zima,średnie,0.617,cos_doy,↑,0.617,cos_doy – model ocenia ryzyko wezbrania na 62%. Kierunek wpływu: ↑. Pewność (prawdopodobieństwo z RF): 62%.,0,0,0,0
2024-12-09,zima,wysokie,0.664,cos_doy,↑,0.664,cos_doy – model ocenia ryzyko wezbrania na 66%. Kierunek wpływu: ↑. Pewność (prawdopodobieństwo z RF): 66%.,0,0,0,0
2024-12-10,zima,niskie,0.301,cos_doy,↓,0.301,cos_doy – model ocenia ryzyko wezbrania na 30%. Kierunek wpływu: ↓. Pewność (prawdopodobieństwo z RF): 30%.,0,0,0,0
2024-12-11,zima,niskie,0.331,cos_doy,↑,0.331,cos_doy – model ocenia ryzyko wezbrania na 33%. Kierunek wpływu: ↑. Pewność (prawdopodobieństwo z RF): 33%.,0,0,0,0
2024-12-12,zima,niskie,0.324,cos_doy,↓,0.324,cos_doy – model ocenia ryzyko wezbrania na 32%. Kierunek wpływu: ↓. Pewność (prawdopodobieństwo z RF): 32%.,0,0,0,0
2024-12-13,zima,niskie,0.402,cos_doy,↑,0.402,cos_doy – model ocenia ryzyko wezbrania na 40%. Kierunek wpływu: ↑. Pewność (prawdopodobieństwo z RF): 40%.,0,0,0,0
2024-12-14,zima,średnie,0.514,cos_doy,↑,0.514,cos_doy – model ocenia ryzyko wezbrania na 51%. Kierunek wpływu: ↑. Pewność (prawdopodobieństwo z RF): 51%.,0,0,0,0
2024-12-15,zima,średnie,0.52,cos_doy,↑,0.52,cos_doy – model ocenia ryzyko wezbrania na 52%. Kierunek wpływu: ↑. Pewność (prawdopodobieństwo z RF): 52%.,0,0,0,1
2024-12-16,zima,średnie,0.588,cos_doy,↑,0.588,cos_doy – model ocenia ryzyko wezbrania na 59%. Kierunek wpływu: ↑. Pewność (prawdopodobieństwo z RF): 59%.,0,1,0,0
2024-12-17,zima,wysokie,0.667,cos_doy,↑,0.667,cos_doy – model ocenia ryzyko wezbrania na 67%. Kierunek wpływu: ↑. Pewność (prawdopodobieństwo z RF): 67%.,0,0,0,0
2024-12-18,zima,średnie,0.573,cos_doy,↓,0.573,cos_doy – model ocenia ryzyko wezbrania na 57%. Kierunek wpływu: ↓. Pewność (prawdopodobieństwo z RF): 57%.,0,0,0,0
2024-12-19,zima,średnie,0.588,cos_doy,↑,0.588,cos_doy – model ocenia ryzyko wezbrania na 59%. Kierunek wpływu: ↑. Pewność (prawdopodobieństwo z RF): 59%.,0,0,0,0
2024-12-20,zima,średnie,0.642,cos_doy,↑,0.642,cos_doy – model ocenia ryzyko wezbrania na 64%. Kierunek wpływu: ↑. Pewność (prawdopodobieństwo z RF): 64%.,0,0,0,0
2024-12-21,zima,średnie,0.612,cos_doy,↓,0.612,cos_doy – model ocenia ryzyko wezbrania na 61%. Kierunek wpływu: ↓. Pewność (prawdopodobieństwo z RF): 61%.,0,0,0,0
2024-12-22,zima,średnie,0.551,cos_doy,↓,0.551,cos_doy – model ocenia ryzyko wezbrania na 55%. Kierunek wpływu: ↓. Pewność (prawdopodobieństwo z RF): 55%.,0,0,0,0
2024-12-23,zima,średnie,0.617,cos_doy,↑,0.617,cos_doy – model ocenia ryzyko wezbrania na 62%. Kierunek wpływu: ↑. Pewność (prawdopodobieństwo z RF): 62%.,0,0,0,0
2024-12-24,zima,wysokie,0.751,cos_doy,↑,0.751,cos_doy – model ocenia ryzyko wezbrania na 75%. Kierunek wpływu: ↑. Pewność (prawdopodobieństwo z RF): 75%.,1,1,0,1
2024-12-25,zima,średnie,0.522,cos_doy,↓,0.522,cos_doy – model ocenia ryzyko wezbrania na 52%. Kierunek wpływu: ↓. Pewność (prawdopodobieństwo z RF): 52%.,0,0,0,0
2024-12-26,zima,niskie,0.202,cos_doy,↓,0.202,cos_doy – model ocenia ryzyko wezbrania na 20%. Kierunek wpływu: ↓. Pewność (prawdopodobieństwo z RF): 20%.,0,0,0,0
2024-12-27,zima,niskie,0.18,cos_doy,↓,0.18,cos_doy – model ocenia ryzyko wezbrania na 18%. Kierunek wpływu: ↓. Pewność (prawdopodobieństwo z RF): 18%.,0,0,0,0
2024-12-28,zima,niskie,0.274,cos_doy,↑,0.274,cos_doy – model ocenia ryzyko wezbrania na 27%. Kierunek wpływu: ↑. Pewność (prawdopodobieństwo z RF): 27%.,0,0,0,0
2024-12-29,zima,niskie,0.484,cos_doy,↑,0.484,cos_doy – model ocenia ryzyko wezbrania na 48%. Kierunek wpływu: ↑. Pewność (prawdopodobieństwo z RF): 48%.,0,0,0,0
2024-12-30,zima,niskie,0.414,cos_doy,↓,0.414,cos_doy – model ocenia ryzyko wezbrania na 41%. Kierunek wpływu: ↓. Pewność (prawdopodobieństwo z RF): 41%.,0,0,0,0
2024-12-31,zima,średnie,0.584,cos_doy,↑,0.584,cos_doy – model ocenia ryzyko wezbrania na 58%. Kierunek wpływu: ↑. Pewność (prawdopodobieństwo z RF): 58%.,1,1,0,1
2025-01-01,zima,średnie,0.639,cos_doy,↑,0.639,cos_doy – model ocenia ryzyko wezbrania na 64%. Kierunek wpływu: ↑. Pewność (prawdopodobieństwo z RF): 64%.,0,0,0,0
2025-01-02,zima,wysokie,0.799,cos_doy,↑,0.799,cos_doy – model ocenia ryzyko wezbrania na 80%. Kierunek wpływu: ↑. Pewność (prawdopodobieństwo z RF): 80%.,1,1,1,1
2025-01-03,zima,wysokie,0.863,cos_doy,↑,0.863,cos_doy – model ocenia ryzyko wezbrania na 86%. Kierunek wpływu: ↑. Pewność (prawdopodobieństwo z RF): 86%.,1,1,1,1
2025-01-04,zima,wysokie,0.881,cos_doy,↑,0.881,cos_doy – model ocenia ryzyko wezbrania na 88%. Kierunek wpływu: ↑. Pewność (prawdopodobieństwo z RF): 88%.,1,1,1,1
2025-01-05,zima,wysokie,0.676,cos_doy,↓,0.676,cos_doy – model ocenia ryzyko wezbrania na 68%. Kierunek wpływu: ↓. Pewność (prawdopodobieństwo z RF): 68%.,1,1,0,1
2025-01-06,zima,wysokie,0.854,cos_doy,↑,0.854,cos_doy – model ocenia ryzyko wezbrania na 85%. Kierunek wpływu: ↑. Pewność (prawdopodobieństwo z RF): 85%.,1,1,0,1
2025-01-07,zima,wysokie,0.759,cos_doy,↓,0.759,cos_doy – model ocenia ryzyko wezbrania na 76%. Kierunek wpływu: ↓. Pewność (prawdopodobieństwo z RF): 76%.,1,1,1,1
2025-01-08,zima,średnie,0.61,cos_doy,↓,0.61,cos_doy – model ocenia ryzyko wezbrania na 61%. Kierunek wpływu: ↓. Pewność (prawdopodobieństwo z RF): 61%.,0,0,0,0
2025-01-09,zima,wysokie,0.855,cos_doy,↑,0.855,cos_doy – model ocenia ryzyko wezbrania na 85%. Kierunek wpływu: ↑. Pewność (prawdopodobieństwo z RF): 85%.,1,1,0,1
2025-01-10,zima,wysokie,0.927,cos_doy,↑,0.927,cos_doy – model ocenia ryzyko wezbrania na 93%. Kierunek wpływu: ↑. Pewność (prawdopodobieństwo z RF): 93%.,1,1,1,1
2025-01-11,zima,wysokie,0.931,cos_doy,↑,0.931,cos_doy – model ocenia ryzyko wezbrania na 93%. Kierunek wpływu: ↑. Pewność (prawdopodobieństwo z RF): 93%.,1,1,1,1
2025-01-12,zima,wysokie,0.941,cos_doy,↑,0.941,cos_doy – model ocenia ryzyko wezbrania na 94%. Kierunek wpływu: ↑. Pewność (prawdopodobieństwo z RF): 94%.,1,1,1,1
2025-01-13,zima,wysokie,0.749,cos_doy,↓,0.749,cos_doy – model ocenia ryzyko wezbrania na 75%. Kierunek wpływu: ↓. Pewność (prawdopodobieństwo z RF): 75%.,1,1,1,1
2025-01-14,zima,średnie,0.565,cos_doy,↓,0.565,cos_doy – model ocenia ryzyko wezbrania na 56%. Kierunek wpływu: ↓. Pewność (prawdopodobieństwo z RF): 56%.,0,0,0,0
2025-01-15,zima,średnie,0.619,cos_doy,↑,0.619,cos_doy – model ocenia ryzyko wezbrania na 62%. Kierunek wpływu: ↑. Pewność (prawdopodobieństwo z RF): 62%.,1,1,1,1
2025-01-16,zima,niskie,0.456,cos_doy,↓,0.456,cos_doy – model ocenia ryzyko wezbrania na 46%. Kierunek wpływu: ↓. Pewność (prawdopodobieństwo z RF): 46%.,1,1,0,1
2025-01-17,zima,niskie,0.318,cos_doy,↓,0.318,cos_doy – model ocenia ryzyko wezbrania na 32%. Kierunek wpływu: ↓. Pewność (prawdopodobieństwo z RF): 32%.,0,0,0,1
2025-01-18,zima,niskie,0.465,cos_doy,↑,0.465,cos_doy – model ocenia ryzyko wezbrania na 46%. Kierunek wpływu: ↑. Pewność (prawdopodobieństwo z RF): 46%.,1,1,0,1
2025-01-19,zima,niskie,0.479,cos_doy,↑,0.479,cos_doy – model ocenia ryzyko wezbrania na 48%. Kierunek wpływu: ↑. Pewność (prawdopodobieństwo z RF): 48%.,1,1,0,1
2025-01-20,zima,niskie,0.336,cos_doy,↓,0.336,cos_doy – model ocenia ryzyko wezbrania na 34%. Kierunek wpływu: ↓. Pewność (prawdopodobieństwo z RF): 34%.,0,0,0,1
2025-01-21,zima,niskie,0.329,cos_doy,↓,0.329,cos_doy – model ocenia ryzyko wezbrania na 33%. Kierunek wpływu: ↓. Pewność (prawdopodobieństwo z RF): 33%.,0,0,0,0
2025-01-22,zima,niskie,0.287,cos_doy,↓,0.287,cos_doy – model ocenia ryzyko wezbrania na 29%. Kierunek wpływu: ↓. Pewność (prawdopodobieństwo z RF): 29%.,0,0,0,0
2025-01-23,zima,niskie,0.399,cos_doy,↑,0.399,cos_doy – model ocenia ryzyko wezbrania na 40%. Kierunek wpływu: ↑. Pewność (prawdopodobieństwo z RF): 40%.,0,0,0,0
2025-01-24,zima,niskie,0.336,cos_doy,↓,0.336,cos_doy – model ocenia ryzyko wezbrania na 34%. Kierunek wpływu: ↓. Pewność (prawdopodobieństwo z RF): 34%.,0,0,0,0
2025-01-25,zima,niskie,0.328,cos_doy,↓,0.328,cos_doy – model ocenia ryzyko wezbrania na 33%. Kierunek wpływu: ↓. Pewność (prawdopodobieństwo z RF): 33%.,0,0,0,0
2025-01-26,zima,niskie,0.327,cos_doy,↓,0.327,cos_doy – model ocenia ryzyko wezbrania na 33%. Kierunek wpływu: ↓. Pewność (prawdopodobieństwo z RF): 33%.,0,0,0,0
2025-01-27,zima,niskie,0.398,cos_doy,↑,0.398,cos_doy – model ocenia ryzyko wezbrania na 40%. Kierunek wpływu: ↑. Pewność (prawdopodobieństwo z RF): 40%.,0,0,0,0
2025-01-28,zima,niskie,0.227,cos_doy,↓,0.227,cos_doy – model ocenia ryzyko wezbrania na 23%. Kierunek wpływu: ↓. Pewność (prawdopodobieństwo z RF): 23%.,0,0,0,0
2025-01-29,zima,niskie,0.366,cos_doy,↑,0.366,cos_doy – model ocenia ryzyko wezbrania na 37%. Kierunek wpływu: ↑. Pewność (prawdopodobieństwo z RF): 37%.,0,0,0,0
2025-01-30,zima,niskie,0.393,cos_doy,↑,0.393,cos_doy – model ocenia ryzyko wezbrania na 39%. Kierunek wpływu: ↑. Pewność (prawdopodobieństwo z RF): 39%.,0,0,0,0
2025-01-31,zima,średnie,0.631,cos_doy,↑,0.631,cos_doy – model ocenia ryzyko wezbrania na 63%. Kierunek wpływu: ↑. Pewność (prawdopodobieństwo z RF): 63%.,0,0,0,0
2025-02-01,zima,średnie,0.581,cos_doy,↓,0.581,cos_doy – model ocenia ryzyko wezbrania na 58%. Kierunek wpływu: ↓. Pewność (prawdopodobieństwo z RF): 58%.,0,0,0,0
2025-02-02,zima,niskie,0.31,cos_doy,↓,0.31,cos_doy – model ocenia ryzyko wezbrania na 31%. Kierunek wpływu: ↓. Pewność (prawdopodobieństwo z RF): 31%.,0,0,0,0
2025-02-03,zima,niskie,0.227,cos_doy,↓,0.227,cos_doy – model ocenia ryzyko wezbrania na 23%. Kierunek wpływu: ↓. Pewność (prawdopodobieństwo z RF): 23%.,0,0,0,0
2025-02-04,zima,niskie,0.262,cos_doy,↑,0.262,cos_doy – model ocenia ryzyko wezbrania na 26%. Kierunek wpływu: ↑. Pewność (prawdopodobieństwo z RF): 26%.,0,0,0,0
2025-02-05,zima,niskie,0.263,cos_doy,↑,0.263,cos_doy – model ocenia ryzyko wezbrania na 26%. Kierunek wpływu: ↑. Pewność (prawdopodobieństwo z RF): 26%.,0,0,0,0
2025-02-06,zima,niskie,0.337,cos_doy,↑,0.337,cos_doy – model ocenia ryzyko wezbrania na 34%. Kierunek wpływu: ↑. Pewność (prawdopodobieństwo z RF): 34%.,0,0,0,0
2025-02-07,zima,niskie,0.328,cos_doy,↓,0.328,cos_doy – model ocenia ryzyko wezbrania na 33%. Kierunek wpływu: ↓. Pewność (prawdopodobieństwo z RF): 33%.,0,0,0,0
2025-02-08,zima,niskie,0.269,cos_doy,↓,0.269,cos_doy – model ocenia ryzyko wezbrania na 27%. Kierunek wpływu: ↓. Pewność (prawdopodobieństwo z RF): 27%.,0,0,0,0
2025-02-09,zima,niskie,0.2,cos_doy,↓,0.2,cos_doy – model ocenia ryzyko wezbrania na 20%. Kierunek wpływu: ↓. Pewność (prawdopodobieństwo z RF): 20%.,0,0,0,0
2025-02-10,zima,niskie,0.183,cos_doy,↓,0.183,cos_doy – model ocenia ryzyko wezbrania na 18%. Kierunek wpływu: ↓. Pewność (prawdopodobieństwo z RF): 18%.,0,0,0,0
2025-02-11,zima,niskie,0.154,cos_doy,↓,0.154,cos_doy – model ocenia ryzyko wezbrania na 15%. Kierunek wpływu: ↓. Pewność (prawdopodobieństwo z RF): 15%.,0,0,0,0
2025-02-12,zima,niskie,0.229,cos_doy,↑,0.229,cos_doy – model ocenia ryzyko wezbrania na 23%. Kierunek wpływu: ↑. Pewność (prawdopodobieństwo z RF): 23%.,0,0,0,0
2025-02-13,zima,niskie,0.418,cos_doy,↑,0.418,cos_doy – model ocenia ryzyko wezbrania na 42%. Kierunek wpływu: ↑. Pewność (prawdopodobieństwo z RF): 42%.,0,0,0,0
2025-02-14,zima,niskie,0.461,cos_doy,↑,0.461,cos_doy – model ocenia ryzyko wezbrania na 46%. Kierunek wpływu: ↑. Pewność (prawdopodobieństwo z RF): 46%.,0,0,0,0
2025-02-15,zima,niskie,0.256,cos_doy,↓,0.256,cos_doy – model ocenia ryzyko wezbrania na 26%. Kierunek wpływu: ↓. Pewność (prawdopodobieństwo z RF): 26%.,0,0,0,0
2025-02-16,zima,niskie,0.294,cos_doy,↑,0.294,cos_doy – model ocenia ryzyko wezbrania na 29%. Kierunek wpływu: ↑. Pewność (prawdopodobieństwo z RF): 29%.,0,0,0,0
2025-02-17,zima,niskie,0.132,cos_doy,↓,0.132,cos_doy – model ocenia ryzyko wezbrania na 13%. Kierunek wpływu: ↓. Pewność (prawdopodobieństwo z RF): 13%.,0,0,0,0
2025-02-18,zima,niskie,0.212,cos_doy,↑,0.212,cos_doy – model ocenia ryzyko wezbrania na 21%. Kierunek wpływu: ↑. Pewność (prawdopodobieństwo z RF): 21%.,0,0,0,0
2025-02-19,zima,niskie,0.319,cos_doy,↑,0.319,cos_doy – model ocenia ryzyko wezbrania na 32%. Kierunek wpływu: ↑. Pewność (prawdopodobieństwo z RF): 32%.,0,0,0,0
2025-02-20,zima,niskie,0.171,cos_doy,↓,0.171,cos_doy – model ocenia ryzyko wezbrania na 17%. Kierunek wpływu: ↓. Pewność (prawdopodobieństwo z RF): 17%.,0,0,0,0
2025-02-21,zima,niskie,0.191,cos_doy,↑,0.191,cos_doy – model ocenia ryzyko wezbrania na 19%. Kierunek wpływu: ↑. Pewność (prawdopodobieństwo z RF): 19%.,0,0,0,0
2025-02-22,zima,niskie,0.272,cos_doy,↑,0.272,cos_doy – model ocenia ryzyko wezbrania na 27%. Kierunek wpływu: ↑. Pewność (prawdopodobieństwo z RF): 27%.,0,0,0,0
2025-02-23,zima,niskie,0.338,cos_doy,↑,0.338,cos_doy – model ocenia ryzyko wezbrania na 34%. Kierunek wpływu: ↑. Pewność (prawdopodobieństwo z RF): 34%.,0,0,0,0
2025-02-24,zima,niskie,0.25,cos_doy,↓,0.25,cos_doy – model ocenia ryzyko wezbrania na 25%. Kierunek wpływu: ↓. Pewność (prawdopodobieństwo z RF): 25%.,0,0,0,0
2025-02-25,zima,niskie,0.35,cos_doy,↑,0.35,cos_doy – model ocenia ryzyko wezbrania na 35%. Kierunek wpływu: ↑. Pewność (prawdopodobieństwo z RF): 35%.,0,0,0,0
2025-02-26,zima,niskie,0.257,cos_doy,↓,0.257,cos_doy – model ocenia ryzyko wezbrania na 26%. Kierunek wpływu: ↓. Pewność (prawdopodobieństwo z RF): 26%.,0,0,0,0
2025-02-27,zima,niskie,0.275,cos_doy,↑,0.275,cos_doy – model ocenia ryzyko wezbrania na 28%. Kierunek wpływu: ↑. Pewność (prawdopodobieństwo z RF): 28%.,0,0,0,0
2025-02-28,zima,niskie,0.25,cos_doy,↓,0.25,cos_doy – model ocenia ryzyko wezbrania na 25%. Kierunek wpływu: ↓. Pewność (prawdopodobieństwo z RF): 25%.,0,0,0,0
2025-03-01,wiosna,niskie,0.367,cos_doy,↑,0.367,cos_doy – model ocenia ryzyko wezbrania na 37%. Kierunek wpływu: ↑. Pewność (prawdopodobieństwo z RF): 37%.,0,0,0,0
2025-03-02,wiosna,niskie,0.271,cos_doy,↓,0.271,cos_doy – model ocenia ryzyko wezbrania na 27%. Kierunek wpływu: ↓. Pewność (prawdopodobieństwo z RF): 27%.,0,0,0,0
2025-03-03,wiosna,niskie,0.189,cos_doy,↓,0.189,cos_doy – model ocenia ryzyko wezbrania na 19%. Kierunek wpływu: ↓. Pewność (prawdopodobieństwo z RF): 19%.,0,0,0,0
2025-03-04,wiosna,niskie,0.125,cos_doy,↓,0.125,cos_doy – model ocenia ryzyko wezbrania na 12%. Kierunek wpływu: ↓. Pewność (prawdopodobieństwo z RF): 12%.,0,0,0,0
2025-03-05,wiosna,niskie,0.077,cos_doy,↓,0.077,cos_doy – model ocenia ryzyko wezbrania na 8%. Kierunek wpływu: ↓. Pewność (prawdopodobieństwo z RF): 8%.,0,0,0,0
2025-03-06,wiosna,niskie,0.076,cos_doy,↓,0.076,cos_doy – model ocenia ryzyko wezbrania na 8%. Kierunek wpływu: ↓. Pewność (prawdopodobieństwo z RF): 8%.,0,0,0,0
2025-03-07,wiosna,niskie,0.078,cos_doy,↑,0.078,cos_doy – model ocenia ryzyko wezbrania na 8%. Kierunek wpływu: ↑. Pewność (prawdopodobieństwo z RF): 8%.,0,0,0,0
2025-03-08,wiosna,niskie,0.075,cos_doy,↓,0.075,cos_doy – model ocenia ryzyko wezbrania na 8%. Kierunek wpływu: ↓. Pewność (prawdopodobieństwo z RF): 8%.,0,0,0,0
2025-03-09,wiosna,niskie,0.216,cos_doy,↑,0.216,cos_doy – model ocenia ryzyko wezbrania na 22%. Kierunek wpływu: ↑. Pewność (prawdopodobieństwo z RF): 22%.,0,0,0,0
2025-03-10,wiosna,niskie,0.353,cos_doy,↑,0.353,cos_doy – model ocenia ryzyko wezbrania na 35%. Kierunek wpływu: ↑. Pewność (prawdopodobieństwo z RF): 35%.,0,0,0,0
2025-03-11,wiosna,niskie,0.21,cos_doy,↓,0.21,cos_doy – model ocenia ryzyko wezbrania na 21%. Kierunek wpływu: ↓. Pewność (prawdopodobieństwo z RF): 21%.,0,0,0,0
2025-03-12,wiosna,niskie,0.177,cos_doy,↓,0.177,cos_doy – model ocenia ryzyko wezbrania na 18%. Kierunek wpływu: ↓. Pewność (prawdopodobieństwo z RF): 18%.,0,0,0,0
2025-03-13,wiosna,niskie,0.383,cos_doy,↑,0.383,cos_doy – model ocenia ryzyko wezbrania na 38%. Kierunek wpływu: ↑. Pewność (prawdopodobieństwo z RF): 38%.,0,0,0,0
2025-03-14,wiosna,niskie,0.483,cos_doy,↑,0.483,cos_doy – model ocenia ryzyko wezbrania na 48%. Kierunek wpływu: ↑. Pewność (prawdopodobieństwo z RF): 48%.,0,0,0,0
2025-03-15,wiosna,niskie,0.38,cos_doy,↓,0.38,cos_doy – model ocenia ryzyko wezbrania na 38%. Kierunek wpływu: ↓. Pewność (prawdopodobieństwo z RF): 38%.,0,0,0,0
2025-03-16,wiosna,niskie,0.328,cos_doy,↓,0.328,cos_doy – model ocenia ryzyko wezbrania na 33%. Kierunek wpływu: ↓. Pewność (prawdopodobieństwo z RF): 33%.,0,0,0,0
2025-03-17,wiosna,średnie,0.536,cos_doy,↑,0.536,cos_doy – model ocenia ryzyko wezbrania na 54%. Kierunek wpływu: ↑. Pewność (prawdopodobieństwo z RF): 54%.,1,1,0,1
2025-03-18,wiosna,niskie,0.151,cos_doy,↓,0.151,cos_doy – model ocenia ryzyko wezbrania na 15%. Kierunek wpływu: ↓. Pewność (prawdopodobieństwo z RF): 15%.,0,0,0,0
2025-03-19,wiosna,niskie,0.152,cos_doy,↑,0.152,cos_doy – model ocenia ryzyko wezbrania na 15%. Kierunek wpływu: ↑. Pewność (prawdopodobieństwo z RF): 15%.,0,0,0,0
2025-03-20,wiosna,niskie,0.07,cos_doy,↓,0.07,cos_doy – model ocenia ryzyko wezbrania na 7%. Kierunek wpływu: ↓. Pewność (prawdopodobieństwo z RF): 7%.,0,0,0,0
2025-03-21,wiosna,niskie,0.104,cos_doy,↑,0.104,cos_doy – model ocenia ryzyko wezbrania na 10%. Kierunek wpływu: ↑. Pewność (prawdopodobieństwo z RF): 10%.,0,0,0,0
2025-03-22,wiosna,niskie,0.078,cos_doy,↓,0.078,cos_doy – model ocenia ryzyko wezbrania na 8%. Kierunek wpływu: ↓. Pewność (prawdopodobieństwo z RF): 8%.,0,0,0,0
2025-03-23,wiosna,niskie,0.093,cos_doy,↑,0.093,cos_doy – model ocenia ryzyko wezbrania na 9%. Kierunek wpływu: ↑. Pewność (prawdopodobieństwo z RF): 9%.,0,0,0,0
2025-03-24,wiosna,niskie,0.152,cos_doy,↑,0.152,cos_doy – model ocenia ryzyko wezbrania na 15%. Kierunek wpływu: ↑. Pewność (prawdopodobieństwo z RF): 15%.,0,0,0,0
2025-03-25,wiosna,niskie,0.081,cos_doy,↓,0.081,cos_doy – model ocenia ryzyko wezbrania na 8%. Kierunek wpływu: ↓. Pewność (prawdopodobieństwo z RF): 8%.,0,0,0,0
2025-03-26,wiosna,niskie,0.13,cos_doy,↑,0.13,cos_doy – model ocenia ryzyko wezbrania na 13%. Kierunek wpływu: ↑. Pewność (prawdopodobieństwo z RF): 13%.,0,0,0,0
2025-03-27,wiosna,niskie,0.041,cos_doy,↓,0.041,cos_doy – model ocenia ryzyko wezbrania na 4%. Kierunek wpływu: ↓. Pewność (prawdopodobieństwo z RF): 4%.,0,0,0,0
2025-03-28,wiosna,niskie,0.061,cos_doy,↑,0.061,cos_doy – model ocenia ryzyko wezbrania na 6%. Kierunek wpływu: ↑. Pewność (prawdopodobieństwo z RF): 6%.,0,0,0,0
2025-03-29,wiosna,niskie,0.03,cos_doy,↓,0.03,cos_doy – model ocenia ryzyko wezbrania na 3%. Kierunek wpływu: ↓. Pewność (prawdopodobieństwo z RF): 3%.,0,0,0,0
2025-03-30,wiosna,niskie,0.076,cos_doy,↑,0.076,cos_doy – model ocenia ryzyko wezbrania na 8%. Kierunek wpływu: ↑. Pewność (prawdopodobieństwo z RF): 8%.,0,0,0,0
2025-03-31,wiosna,niskie,0.138,cos_doy,↑,0.138,cos_doy – model ocenia ryzyko wezbrania na 14%. Kierunek wpływu: ↑. Pewność (prawdopodobieństwo z RF): 14%.,0,0,0,0
2025-04-01,wiosna,niskie,0.17,cos_doy,↑,0.17,cos_doy – model ocenia ryzyko wezbrania na 17%. Kierunek wpływu: ↑. Pewność (prawdopodobieństwo z RF): 17%.,0,0,0,0
2025-04-02,wiosna,niskie,0.056,cos_doy,↓,0.056,cos_doy – model ocenia ryzyko wezbrania na 6%. Kierunek wpływu: ↓. Pewność (prawdopodobieństwo z RF): 6%.,0,0,0,0
2025-04-03,wiosna,niskie,0.018,cos_doy,↓,0.018,cos_doy – model ocenia ryzyko wezbrania na 2%. Kierunek wpływu: ↓. Pewność (prawdopodobieństwo z RF): 2%.,0,0,0,0
2025-04-04,wiosna,niskie,0.041,cos_doy,↑,0.041,cos_doy – model ocenia ryzyko wezbrania na 4%. Kierunek wpływu: ↑. Pewność (prawdopodobieństwo z RF): 4%.,0,0,0,0
2025-04-05,wiosna,niskie,0.374,cos_doy,↑,0.374,cos_doy – model ocenia ryzyko wezbrania na 37%. Kierunek wpływu: ↑. Pewność (prawdopodobieństwo z RF): 37%.,1,1,0,1
2025-04-06,wiosna,niskie,0.144,cos_doy,↓,0.144,cos_doy – model ocenia ryzyko wezbrania na 14%. Kierunek wpływu: ↓. Pewność (prawdopodobieństwo z RF): 14%.,0,0,0,0
2025-04-07,wiosna,niskie,0.055,cos_doy,↓,0.055,cos_doy – model ocenia ryzyko wezbrania na 6%. Kierunek wpływu: ↓. Pewność (prawdopodobieństwo z RF): 6%.,0,0,0,0
2025-04-08,wiosna,niskie,0.049,cos_doy,↓,0.049,cos_doy – model ocenia ryzyko wezbrania na 5%. Kierunek wpływu: ↓. Pewność (prawdopodobieństwo z RF): 5%.,0,0,0,0
2025-04-09,wiosna,niskie,0.176,cos_doy,↑,0.176,cos_doy – model ocenia ryzyko wezbrania na 18%. Kierunek wpływu: ↑. Pewność (prawdopodobieństwo z RF): 18%.,0,0,0,0
2025-04-10,wiosna,niskie,0.227,cos_doy,↑,0.227,cos_doy – model ocenia ryzyko wezbrania na 23%. Kierunek wpływu: ↑. Pewność (prawdopodobieństwo z RF): 23%.,0,0,0,0
2025-04-11,wiosna,niskie,0.168,cos_doy,↓,0.168,cos_doy – model ocenia ryzyko wezbrania na 17%. Kierunek wpływu: ↓. Pewność (prawdopodobieństwo z RF): 17%.,0,0,0,0
2025-04-12,wiosna,niskie,0.037,cos_doy,↓,0.037,cos_doy – model ocenia ryzyko wezbrania na 4%. Kierunek wpływu: ↓. Pewność (prawdopodobieństwo z RF): 4%.,0,0,0,0
2025-04-13,wiosna,niskie,0.028,cos_doy,↓,0.028,cos_doy – model ocenia ryzyko wezbrania na 3%. Kierunek wpływu: ↓. Pewność (prawdopodobieństwo z RF): 3%.,0,0,0,0
2025-04-14,wiosna,niskie,0.183,cos_doy,↑,0.183,cos_doy – model ocenia ryzyko wezbrania na 18%. Kierunek wpływu: ↑. Pewność (prawdopodobieństwo z RF): 18%.,0,0,0,0
2025-04-15,wiosna,niskie,0.11,cos_doy,↓,0.11,cos_doy – model ocenia ryzyko wezbrania na 11%. Kierunek wpływu: ↓. Pewność (prawdopodobieństwo z RF): 11%.,0,0,0,0
2025-04-16,wiosna,niskie,0.069,cos_doy,↓,0.069,cos_doy – model ocenia ryzyko wezbrania na 7%. Kierunek wpływu: ↓. Pewność (prawdopodobieństwo z RF): 7%.,0,0,0,0
2025-04-17,wiosna,niskie,0.028,cos_doy,↓,0.028,cos_doy – model ocenia ryzyko wezbrania na 3%. Kierunek wpływu: ↓. Pewność (prawdopodobieństwo z RF): 3%.,0,0,0,0
2025-04-18,wiosna,niskie,0.018,cos_doy,↓,0.018,cos_doy – model ocenia ryzyko wezbrania na 2%. Kierunek wpływu: ↓. Pewność (prawdopodobieństwo z RF): 2%.,0,0,0,0
2025-04-19,wiosna,niskie,0.02,cos_doy,↑,0.02,cos_doy – model ocenia ryzyko wezbrania na 2%. Kierunek wpływu: ↑. Pewność (prawdopodobieństwo z RF): 2%.,0,0,0,0
2025-04-20,wiosna,niskie,0.007,cos_doy,↓,0.007,cos_doy – model ocenia ryzyko wezbrania na 1%. Kierunek wpływu: ↓. Pewność (prawdopodobieństwo z RF): 1%.,0,0,0,0
2025-04-21,wiosna,niskie,0.011,cos_doy,↑,0.011,cos_doy – model ocenia ryzyko wezbrania na 1%. Kierunek wpływu: ↑. Pewność (prawdopodobieństwo z RF): 1%.,0,0,0,0
2025-04-22,wiosna,niskie,0.207,cos_doy,↑,0.207,cos_doy – model ocenia ryzyko wezbrania na 21%. Kierunek wpływu: ↑. Pewność (prawdopodobieństwo z RF): 21%.,0,0,0,0
2025-04-23,wiosna,niskie,0.204,cos_doy,↓,0.204,cos_doy – model ocenia ryzyko wezbrania na 20%. Kierunek wpływu: ↓. Pewność (prawdopodobieństwo z RF): 20%.,0,0,0,0
2025-04-24,wiosna,niskie,0.112,cos_doy,↓,0.112,cos_doy – model ocenia ryzyko wezbrania na 11%. Kierunek wpływu: ↓. Pewność (prawdopodobieństwo z RF): 11%.,0,0,0,0
2025-04-25,wiosna,niskie,0.067,cos_doy,↓,0.067,cos_doy – model ocenia ryzyko wezbrania na 7%. Kierunek wpływu: ↓. Pewność (prawdopodobieństwo z RF): 7%.,0,0,0,0
2025-04-26,wiosna,niskie,0.09,cos_doy,↑,0.09,cos_doy – model ocenia ryzyko wezbrania na 9%. Kierunek wpływu: ↑. Pewność (prawdopodobieństwo z RF): 9%.,0,0,0,0
2025-04-27,wiosna,niskie,0.073,cos_doy,↓,0.073,cos_doy – model ocenia ryzyko wezbrania na 7%. Kierunek wpływu: ↓. Pewność (prawdopodobieństwo z RF): 7%.,0,0,0,0
2025-04-28,wiosna,niskie,0.03,cos_doy,↓,0.03,cos_doy – model ocenia ryzyko wezbrania na 3%. Kierunek wpływu: ↓. Pewność (prawdopodobieństwo z RF): 3%.,0,0,0,0
2025-04-29,wiosna,niskie,0.012,cos_doy,↓,0.012,cos_doy – model ocenia ryzyko wezbrania na 1%. Kierunek wpływu: ↓. Pewność (prawdopodobieństwo z RF): 1%.,0,0,0,0
2025-04-30,wiosna,niskie,0.037,cos_doy,↑,0.037,cos_doy – model ocenia ryzyko wezbrania na 4%. Kierunek wpływu: ↑. Pewność (prawdopodobieństwo z RF): 4%.,0,0,0,0
2025-05-01,wiosna,niskie,0.029,cos_doy,↓,0.029,cos_doy – model ocenia ryzyko wezbrania na 3%. Kierunek wpływu: ↓. Pewność (prawdopodobieństwo z RF): 3%.,0,0,0,0
2025-05-02,wiosna,niskie,0.197,cos_doy,↑,0.197,cos_doy – model ocenia ryzyko wezbrania na 20%. Kierunek wpływu: ↑. Pewność (prawdopodobieństwo z RF): 20%.,0,0,0,0
2025-05-03,wiosna,niskie,0.104,cos_doy,↓,0.104,cos_doy – model ocenia ryzyko wezbrania na 10%. Kierunek wpływu: ↓. Pewność (prawdopodobieństwo z RF): 10%.,0,0,0,0
2025-05-04,wiosna,niskie,0.268,cos_doy,↑,0.268,cos_doy – model ocenia ryzyko wezbrania na 27%. Kierunek wpływu: ↑. Pewność (prawdopodobieństwo z RF): 27%.,0,0,0,0
2025-05-05,wiosna,niskie,0.276,cos_doy,↑,0.276,cos_doy – model ocenia ryzyko wezbrania na 28%. Kierunek wpływu: ↑. Pewność (prawdopodobieństwo z RF): 28%.,0,0,0,0
2025-05-06,wiosna,niskie,0.114,cos_doy,↓,0.114,cos_doy – model ocenia ryzyko wezbrania na 11%. Kierunek wpływu: ↓. Pewność (prawdopodobieństwo z RF): 11%.,0,0,0,0
2025-05-07,wiosna,niskie,0.106,cos_doy,↓,0.106,cos_doy – model ocenia ryzyko wezbrania na 11%. Kierunek wpływu: ↓. Pewność (prawdopodobieństwo z RF): 11%.,0,0,0,0
2025-05-08,wiosna,niskie,0.117,cos_doy,↑,0.117,cos_doy – model ocenia ryzyko wezbrania na 12%. Kierunek wpływu: ↑. Pewność (prawdopodobieństwo z RF): 12%.,0,0,0,0
2025-05-09,wiosna,niskie,0.098,cos_doy,↓,0.098,cos_doy – model ocenia ryzyko wezbrania na 10%. Kierunek wpływu: ↓. Pewność (prawdopodobieństwo z RF): 10%.,0,0,0,0
2025-05-10,wiosna,niskie,0.083,cos_doy,↓,0.083,cos_doy – model ocenia ryzyko wezbrania na 8%. Kierunek wpływu: ↓. Pewność (prawdopodobieństwo z RF): 8%.,0,0,0,0
2025-05-11,wiosna,niskie,0.053,cos_doy,↓,0.053,cos_doy – model ocenia ryzyko wezbrania na 5%. Kierunek wpływu: ↓. Pewność (prawdopodobieństwo z RF): 5%.,0,0,0,0
2025-05-12,wiosna,niskie,0.024,cos_doy,↓,0.024,cos_doy – model ocenia ryzyko wezbrania na 2%. Kierunek wpływu: ↓. Pewność (prawdopodobieństwo z RF): 2%.,0,0,0,0
2025-05-13,wiosna,niskie,0.027,cos_doy,↑,0.027,cos_doy – model ocenia ryzyko wezbrania na 3%. Kierunek wpływu: ↑. Pewność (prawdopodobieństwo z RF): 3%.,0,0,0,0
2025-05-14,wiosna,niskie,0.151,cos_doy,↑,0.151,cos_doy – model ocenia ryzyko wezbrania na 15%. Kierunek wpływu: ↑. Pewność (prawdopodobieństwo z RF): 15%.,0,0,0,0
2025-05-15,wiosna,niskie,0.26,cos_doy,↑,0.26,cos_doy – model ocenia ryzyko wezbrania na 26%. Kierunek wpływu: ↑. Pewność (prawdopodobieństwo z RF): 26%.,0,0,0,0
2025-05-16,wiosna,niskie,0.271,cos_doy,↑,0.271,cos_doy – model ocenia ryzyko wezbrania na 27%. Kierunek wpływu: ↑. Pewność (prawdopodobieństwo z RF): 27%.,0,0,0,0
2025-05-17,wiosna,niskie,0.192,cos_doy,↓,0.192,cos_doy – model ocenia ryzyko wezbrania na 19%. Kierunek wpływu: ↓. Pewność (prawdopodobieństwo z RF): 19%.,0,0,0,0
2025-05-18,wiosna,niskie,0.156,cos_doy,↓,0.156,cos_doy – model ocenia ryzyko wezbrania na 16%. Kierunek wpływu: ↓. Pewność (prawdopodobieństwo z RF): 16%.,0,0,0,0
2025-05-19,wiosna,niskie,0.06,cos_doy,↓,0.06,cos_doy – model ocenia ryzyko wezbrania na 6%. Kierunek wpływu: ↓. Pewność (prawdopodobieństwo z RF): 6%.,0,0,0,0
2025-05-20,wiosna,niskie,0.07,cos_doy,↑,0.07,cos_doy – model ocenia ryzyko wezbrania na 7%. Kierunek wpływu: ↑. Pewność (prawdopodobieństwo z RF): 7%.,0,0,0,0
2025-05-21,wiosna,niskie,0.035,cos_doy,↓,0.035,cos_doy – model ocenia ryzyko wezbrania na 4%. Kierunek wpływu: ↓. Pewność (prawdopodobieństwo z RF): 4%.,0,0,0,0
2025-05-22,wiosna,niskie,0.023,cos_doy,↓,0.023,cos_doy – model ocenia ryzyko wezbrania na 2%. Kierunek wpływu: ↓. Pewność (prawdopodobieństwo z RF): 2%.,0,0,0,0
2025-05-23,wiosna,niskie,0.035,cos_doy,↑,0.035,cos_doy – model ocenia ryzyko wezbrania na 3%. Kierunek wpływu: ↑. Pewność (prawdopodobieństwo z RF): 3%.,0,0,0,0
2025-05-24,wiosna,niskie,0.021,cos_doy,↓,0.021,cos_doy – model ocenia ryzyko wezbrania na 2%. Kierunek wpływu: ↓. Pewność (prawdopodobieństwo z RF): 2%.,0,0,0,0
2025-05-25,wiosna,niskie,0.034,cos_doy,↑,0.034,cos_doy – model ocenia ryzyko wezbrania na 3%. Kierunek wpływu: ↑. Pewność (prawdopodobieństwo z RF): 3%.,0,0,0,0
2025-05-26,wiosna,niskie,0.046,cos_doy,↑,0.046,cos_doy – model ocenia ryzyko wezbrania na 5%. Kierunek wpływu: ↑. Pewność (prawdopodobieństwo z RF): 5%.,0,0,0,0
2025-05-27,wiosna,niskie,0.048,cos_doy,↑,0.048,cos_doy – model ocenia ryzyko wezbrania na 5%. Kierunek wpływu: ↑. Pewność (prawdopodobieństwo z RF): 5%.,0,0,0,0
2025-05-28,wiosna,niskie,0.089,cos_doy,↑,0.089,cos_doy – model ocenia ryzyko wezbrania na 9%. Kierunek wpływu: ↑. Pewność (prawdopodobieństwo z RF): 9%.,0,0,0,0
2025-05-29,wiosna,niskie,0.129,cos_doy,↑,0.129,cos_doy – model ocenia ryzyko wezbrania na 13%. Kierunek wpływu: ↑. Pewność (prawdopodobieństwo z RF): 13%.,0,0,0,0
2025-05-30,wiosna,niskie,0.088,cos_doy,↓,0.088,cos_doy – model ocenia ryzyko wezbrania na 9%. Kierunek wpływu: ↓. Pewność (prawdopodobieństwo z RF): 9%.,0,0,0,0
2025-05-31,wiosna,niskie,0.021,cos_doy,↓,0.021,cos_doy – model ocenia ryzyko wezbrania na 2%. Kierunek wpływu: ↓. Pewność (prawdopodobieństwo z RF): 2%.,0,0,0,0
2025-06-01,lato,niskie,0.134,cos_doy,↑,0.134,cos_doy – model ocenia ryzyko wezbrania na 13%. Kierunek wpływu: ↑. Pewność (prawdopodobieństwo z RF): 13%.,0,0,0,0
2025-06-02,lato,niskie,0.065,cos_doy,↓,0.065,cos_doy – model ocenia ryzyko wezbrania na 6%. Kierunek wpływu: ↓. Pewność (prawdopodobieństwo z RF): 6%.,0,0,0,0
2025-06-03,lato,niskie,0.081,cos_doy,↑,0.081,cos_doy – model ocenia ryzyko wezbrania na 8%. Kierunek wpływu: ↑. Pewność (prawdopodobieństwo z RF): 8%.,0,0,0,0
2025-06-04,lato,niskie,0.114,cos_doy,↑,0.114,cos_doy – model ocenia ryzyko wezbrania na 11%. Kierunek wpływu: ↑. Pewność (prawdopodobieństwo z RF): 11%.,0,0,0,0
2025-06-05,lato,niskie,0.147,cos_doy,↑,0.147,cos_doy – model ocenia ryzyko wezbrania na 15%. Kierunek wpływu: ↑. Pewność (prawdopodobieństwo z RF): 15%.,0,0,0,0
2025-06-06,lato,niskie,0.092,cos_doy,↓,0.092,cos_doy – model ocenia ryzyko wezbrania na 9%. Kierunek wpływu: ↓. Pewność (prawdopodobieństwo z RF): 9%.,0,0,0,0
2025-06-07,lato,niskie,0.079,cos_doy,↓,0.079,cos_doy – model ocenia ryzyko wezbrania na 8%. Kierunek wpływu: ↓. Pewność (prawdopodobieństwo z RF): 8%.,0,0,0,0
2025-06-08,lato,niskie,0.119,cos_doy,↑,0.119,cos_doy – model ocenia ryzyko wezbrania na 12%. Kierunek wpływu: ↑. Pewność (prawdopodobieństwo z RF): 12%.,0,0,0,0
2025-06-09,lato,niskie,0.286,cos_doy,↑,0.286,cos_doy – model ocenia ryzyko wezbrania na 29%. Kierunek wpływu: ↑. Pewność (prawdopodobieństwo z RF): 29%.,0,0,0,0
2025-06-10,lato,niskie,0.235,cos_doy,↓,0.235,cos_doy – model ocenia ryzyko wezbrania na 23%. Kierunek wpływu: ↓. Pewność (prawdopodobieństwo z RF): 23%.,0,0,0,0
2025-06-11,lato,niskie,0.176,cos_doy,↓,0.176,cos_doy – model ocenia ryzyko wezbrania na 18%. Kierunek wpływu: ↓. Pewność (prawdopodobieństwo z RF): 18%.,0,0,0,0
2025-06-12,lato,niskie,0.172,cos_doy,↓,0.172,cos_doy – model ocenia ryzyko wezbrania na 17%. Kierunek wpływu: ↓. Pewność (prawdopodobieństwo z RF): 17%.,0,0,0,0
2025-06-13,lato,niskie,0.044,cos_doy,↓,0.044,cos_doy – model ocenia ryzyko wezbrania na 4%. Kierunek wpływu: ↓. Pewność (prawdopodobieństwo z RF): 4%.,0,0,0,0
2025-06-14,lato,niskie,0.019,cos_doy,↓,0.019,cos_doy – model ocenia ryzyko wezbrania na 2%. Kierunek wpływu: ↓. Pewność (prawdopodobieństwo z RF): 2%.,0,0,0,0
2025-06-15,lato,niskie,0.031,cos_doy,↑,0.031,cos_doy – model ocenia ryzyko wezbrania na 3%. Kierunek wpływu: ↑. Pewność (prawdopodobieństwo z RF): 3%.,0,0,0,0
2025-06-16,lato,niskie,0.064,cos_doy,↑,0.064,cos_doy – model ocenia ryzyko wezbrania na 6%. Kierunek wpływu: ↑. Pewność (prawdopodobieństwo z RF): 6%.,0,0,0,0
2025-06-17,lato,niskie,0.041,cos_doy,↓,0.041,cos_doy – model ocenia ryzyko wezbrania na 4%. Kierunek wpływu: ↓. Pewność (prawdopodobieństwo z RF): 4%.,0,0,0,0
2025-06-18,lato,niskie,0.02,cos_doy,↓,0.02,cos_doy – model ocenia ryzyko wezbrania na 2%. Kierunek wpływu: ↓. Pewność (prawdopodobieństwo z RF): 2%.,0,0,0,0
2025-06-19,lato,niskie,0.069,cos_doy,↑,0.069,cos_doy – model ocenia ryzyko wezbrania na 7%. Kierunek wpływu: ↑. Pewność (prawdopodobieństwo z RF): 7%.,0,0,0,0
2025-06-20,lato,niskie,0.046,cos_doy,↓,0.046,cos_doy – model ocenia ryzyko wezbrania na 5%. Kierunek wpływu: ↓. Pewność (prawdopodobieństwo z RF): 5%.,0,0,0,0
2025-06-21,lato,niskie,0.009,cos_doy,↓,0.009,cos_doy – model ocenia ryzyko wezbrania na 1%. Kierunek wpływu: ↓. Pewność (prawdopodobieństwo z RF): 1%.,0,0,0,0
2025-06-22,lato,niskie,0.036,cos_doy,↑,0.036,cos_doy – model ocenia ryzyko wezbrania na 4%. Kierunek wpływu: ↑. Pewność (prawdopodobieństwo z RF): 4%.,0,0,0,0
2025-06-23,lato,niskie,0.236,cos_doy,↑,0.236,cos_doy – model ocenia ryzyko wezbrania na 24%. Kierunek wpływu: ↑. Pewność (prawdopodobieństwo z RF): 24%.,0,0,0,0
2025-06-24,lato,niskie,0.101,cos_doy,↓,0.101,cos_doy – model ocenia ryzyko wezbrania na 10%. Kierunek wpływu: ↓. Pewność (prawdopodobieństwo z RF): 10%.,0,0,0,0
2025-06-25,lato,niskie,0.132,cos_doy,↑,0.132,cos_doy – model ocenia ryzyko wezbrania na 13%. Kierunek wpływu: ↑. Pewność (prawdopodobieństwo z RF): 13%.,0,0,0,0
2025-06-26,lato,niskie,0.092,cos_doy,↓,0.092,cos_doy – model ocenia ryzyko wezbrania na 9%. Kierunek wpływu: ↓. Pewność (prawdopodobieństwo z RF): 9%.,0,0,0,0
2025-06-27,lato,niskie,0.078,cos_doy,↓,0.078,cos_doy – model ocenia ryzyko wezbrania na 8%. Kierunek wpływu: ↓. Pewność (prawdopodobieństwo z RF): 8%.,0,0,0,0
2025-06-28,lato,niskie,0.076,cos_doy,↓,0.076,cos_doy – model ocenia ryzyko wezbrania na 8%. Kierunek wpływu: ↓. Pewność (prawdopodobieństwo z RF): 8%.,0,0,0,0
2025-06-29,lato,niskie,0.042,cos_doy,↓,0.042,cos_doy – model ocenia ryzyko wezbrania na 4%. Kierunek wpływu: ↓. Pewność (prawdopodobieństwo z RF): 4%.,0,0,0,0
2025-06-30,lato,niskie,0.324,cos_doy,↑,0.324,cos_doy – model ocenia ryzyko wezbrania na 32%. Kierunek wpływu: ↑. Pewność (prawdopodobieństwo z RF): 32%.,1,1,0,1
2025-07-01,lato,niskie,0.051,cos_doy,↓,0.051,cos_doy – model ocenia ryzyko wezbrania na 5%. Kierunek wpływu: ↓. Pewność (prawdopodobieństwo z RF): 5%.,0,0,0,0
2025-07-02,lato,niskie,0.048,cos_doy,↓,0.048,cos_doy – model ocenia ryzyko wezbrania na 5%. Kierunek wpływu: ↓. Pewność (prawdopodobieństwo z RF): 5%.,0,0,0,0
2025-07-03,lato,niskie,0.105,cos_doy,↑,0.105,cos_doy – model ocenia ryzyko wezbrania na 11%. Kierunek wpływu: ↑. Pewność (prawdopodobieństwo z RF): 11%.,0,0,0,1
2025-07-04,lato,niskie,0.123,cos_doy,↑,0.123,cos_doy – model ocenia ryzyko wezbrania na 12%. Kierunek wpływu: ↑. Pewność (prawdopodobieństwo z RF): 12%.,0,0,0,0
2025-07-05,lato,niskie,0.089,cos_doy,↓,0.089,cos_doy – model ocenia ryzyko wezbrania na 9%. Kierunek wpływu: ↓. Pewność (prawdopodobieństwo z RF): 9%.,0,0,0,0
2025-07-06,lato,niskie,0.137,cos_doy,↑,0.137,cos_doy – model ocenia ryzyko wezbrania na 14%. Kierunek wpływu: ↑. Pewność (prawdopodobieństwo z RF): 14%.,0,0,0,0
2025-07-07,lato,niskie,0.166,cos_doy,↑,0.166,cos_doy – model ocenia ryzyko wezbrania na 17%. Kierunek wpływu: ↑. Pewność (prawdopodobieństwo z RF): 17%.,0,0,0,0
2025-07-08,lato,niskie,0.156,cos_doy,↓,0.156,cos_doy – model ocenia ryzyko wezbrania na 16%. Kierunek wpływu: ↓. Pewność (prawdopodobieństwo z RF): 16%.,0,0,0,0
2025-07-09,lato,niskie,0.153,cos_doy,↓,0.153,cos_doy – model ocenia ryzyko wezbrania na 15%. Kierunek wpływu: ↓. Pewność (prawdopodobieństwo z RF): 15%.,0,0,0,0
2025-07-10,lato,niskie,0.091,cos_doy,↓,0.091,cos_doy – model ocenia ryzyko wezbrania na 9%. Kierunek wpływu: ↓. Pewność (prawdopodobieństwo z RF): 9%.,0,0,0,0
2025-07-11,lato,niskie,0.431,cos_doy,↑,0.431,cos_doy – model ocenia ryzyko wezbrania na 43%. Kierunek wpływu: ↑. Pewność (prawdopodobieństwo z RF): 43%.,1,1,1,1
2025-07-12,lato,średnie,0.537,cos_doy,↑,0.537,cos_doy – model ocenia ryzyko wezbrania na 54%. Kierunek wpływu: ↑. Pewność (prawdopodobieństwo z RF): 54%.,1,1,0,1
2025-07-13,lato,niskie,0.207,cos_doy,↓,0.207,cos_doy – model ocenia ryzyko wezbrania na 21%. Kierunek wpływu: ↓. Pewność (prawdopodobieństwo z RF): 21%.,0,0,0,0
2025-07-14,lato,niskie,0.161,cos_doy,↓,0.161,cos_doy – model ocenia ryzyko wezbrania na 16%. Kierunek wpływu: ↓. Pewność (prawdopodobieństwo z RF): 16%.,0,0,0,0
2025-07-15,lato,niskie,0.092,cos_doy,↓,0.092,cos_doy – model ocenia ryzyko wezbrania na 9%. Kierunek wpływu: ↓. Pewność (prawdopodobieństwo z RF): 9%.,0,0,0,0
2025-07-16,lato,niskie,0.112,cos_doy,↑,0.112,cos_doy – model ocenia ryzyko wezbrania na 11%. Kierunek wpływu: ↑. Pewność (prawdopodobieństwo z RF): 11%.,0,0,0,0
2025-07-17,lato,niskie,0.129,cos_doy,↑,0.129,cos_doy – model ocenia ryzyko wezbrania na 13%. Kierunek wpływu: ↑. Pewność (prawdopodobieństwo z RF): 13%.,0,0,0,0
2025-07-18,lato,niskie,0.042,cos_doy,↓,0.042,cos_doy – model ocenia ryzyko wezbrania na 4%. Kierunek wpływu: ↓. Pewność (prawdopodobieństwo z RF): 4%.,0,0,0,0
2025-07-19,lato,niskie,0.036,cos_doy,↓,0.036,cos_doy – model ocenia ryzyko wezbrania na 4%. Kierunek wpływu: ↓. Pewność (prawdopodobieństwo z RF): 4%.,0,0,0,0
2025-07-20,lato,niskie,0.028,cos_doy,↓,0.028,cos_doy – model ocenia ryzyko wezbrania na 3%. Kierunek wpływu: ↓. Pewność (prawdopodobieństwo z RF): 3%.,0,0,0,0
2025-07-21,lato,niskie,0.021,cos_doy,↓,0.021,cos_doy – model ocenia ryzyko wezbrania na 2%. Kierunek wpływu: ↓. Pewność (prawdopodobieństwo z RF): 2%.,0,0,0,0
2025-07-22,lato,niskie,0.125,cos_doy,↑,0.125,cos_doy – model ocenia ryzyko wezbrania na 13%. Kierunek wpływu: ↑. Pewność (prawdopodobieństwo z RF): 13%.,0,0,0,0
2025-07-23,lato,niskie,0.097,cos_doy,↓,0.097,cos_doy – model ocenia ryzyko wezbrania na 10%. Kierunek wpływu: ↓. Pewność (prawdopodobieństwo z RF): 10%.,0,0,0,0
2025-07-24,lato,niskie,0.06,cos_doy,↓,0.06,cos_doy – model ocenia ryzyko wezbrania na 6%. Kierunek wpływu: ↓. Pewność (prawdopodobieństwo z RF): 6%.,0,0,0,0
2025-07-25,lato,niskie,0.042,cos_doy,↓,0.042,cos_doy – model ocenia ryzyko wezbrania na 4%. Kierunek wpływu: ↓. Pewność (prawdopodobieństwo z RF): 4%.,0,0,0,0
2025-07-26,lato,niskie,0.023,cos_doy,↓,0.023,cos_doy – model ocenia ryzyko wezbrania na 2%. Kierunek wpływu: ↓. Pewność (prawdopodobieństwo z RF): 2%.,0,0,0,0
2025-07-27,lato,niskie,0.034,cos_doy,↑,0.034,cos_doy – model ocenia ryzyko wezbrania na 3%. Kierunek wpływu: ↑. Pewność (prawdopodobieństwo z RF): 3%.,0,0,0,0
2025-07-28,lato,niskie,0.235,cos_doy,↑,0.235,cos_doy – model ocenia ryzyko wezbrania na 24%. Kierunek wpływu: ↑. Pewność (prawdopodobieństwo z RF): 24%.,0,0,0,0
2025-07-29,lato,niskie,0.29,cos_doy,↑,0.29,cos_doy – model ocenia ryzyko wezbrania na 29%. Kierunek wpływu: ↑. Pewność (prawdopodobieństwo z RF): 29%.,0,0,0,0
2025-07-30,lato,niskie,0.144,cos_doy,↓,0.144,cos_doy – model ocenia ryzyko wezbrania na 14%. Kierunek wpływu: ↓. Pewność (prawdopodobieństwo z RF): 14%.,0,0,0,0
2025-07-31,lato,niskie,0.079,cos_doy,↓,0.079,cos_doy – model ocenia ryzyko wezbrania na 8%. Kierunek wpływu: ↓. Pewność (prawdopodobieństwo z RF): 8%.,0,0,0,0
2025-08-01,lato,niskie,0.12,cos_doy,↑,0.12,cos_doy – model ocenia ryzyko wezbrania na 12%. Kierunek wpływu: ↑. Pewność (prawdopodobieństwo z RF): 12%.,0,0,0,0
2025-08-02,lato,niskie,0.144,cos_doy,↑,0.144,cos_doy – model ocenia ryzyko wezbrania na 14%. Kierunek wpływu: ↑. Pewność (prawdopodobieństwo z RF): 14%.,0,0,0,0
2025-08-03,lato,niskie,0.185,cos_doy,↑,0.185,cos_doy – model ocenia ryzyko wezbrania na 19%. Kierunek wpływu: ↑. Pewność (prawdopodobieństwo z RF): 19%.,0,0,0,0
2025-08-04,lato,niskie,0.162,cos_doy,↓,0.162,cos_doy – model ocenia ryzyko wezbrania na 16%. Kierunek wpływu: ↓. Pewność (prawdopodobieństwo z RF): 16%.,0,0,0,0
2025-08-05,lato,niskie,0.049,cos_doy,↓,0.049,cos_doy – model ocenia ryzyko wezbrania na 5%. Kierunek wpływu: ↓. Pewność (prawdopodobieństwo z RF): 5%.,0,0,0,0
2025-08-06,lato,niskie,0.115,cos_doy,↑,0.115,cos_doy – model ocenia ryzyko wezbrania na 11%. Kierunek wpływu: ↑. Pewność (prawdopodobieństwo z RF): 11%.,0,0,0,0
2025-08-07,lato,niskie,0.078,cos_doy,↓,0.078,cos_doy – model ocenia ryzyko wezbrania na 8%. Kierunek wpływu: ↓. Pewność (prawdopodobieństwo z RF): 8%.,0,0,0,0
2025-08-08,lato,niskie,0.02,cos_doy,↓,0.02,cos_doy – model ocenia ryzyko wezbrania na 2%. Kierunek wpływu: ↓. Pewność (prawdopodobieństwo z RF): 2%.,0,0,0,0
2025-08-09,lato,niskie,0.05,cos_doy,↑,0.05,cos_doy – model ocenia ryzyko wezbrania na 5%. Kierunek wpływu: ↑. Pewność (prawdopodobieństwo z RF): 5%.,0,0,0,0
2025-08-10,lato,niskie,0.034,cos_doy,↓,0.034,cos_doy – model ocenia ryzyko wezbrania na 3%. Kierunek wpływu: ↓. Pewność (prawdopodobieństwo z RF): 3%.,0,0,0,0
2025-08-11,lato,niskie,0.044,cos_doy,↑,0.044,cos_doy – model ocenia ryzyko wezbrania na 4%. Kierunek wpływu: ↑. Pewność (prawdopodobieństwo z RF): 4%.,0,0,0,0
2025-08-12,lato,niskie,0.002,cos_doy,↓,0.002,cos_doy – model ocenia ryzyko wezbrania na 0%. Kierunek wpływu: ↓. Pewność (prawdopodobieństwo z RF): 0%.,0,0,0,0
2025-08-13,lato,niskie,0.006,cos_doy,↑,0.006,cos_doy – model ocenia ryzyko wezbrania na 1%. Kierunek wpływu: ↑. Pewność (prawdopodobieństwo z RF): 1%.,0,0,0,0
2025-08-14,lato,niskie,0.011,cos_doy,↑,0.011,cos_doy – model ocenia ryzyko wezbrania na 1%. Kierunek wpływu: ↑. Pewność (prawdopodobieństwo z RF): 1%.,0,0,0,0
2025-08-15,lato,niskie,0.047,cos_doy,↑,0.047,cos_doy – model ocenia ryzyko wezbrania na 5%. Kierunek wpływu: ↑. Pewność (prawdopodobieństwo z RF): 5%.,0,0,0,0
2025-08-16,lato,niskie,0.037,cos_doy,↓,0.037,cos_doy – model ocenia ryzyko wezbrania na 4%. Kierunek wpływu: ↓. Pewność (prawdopodobieństwo z RF): 4%.,0,0,0,0
2025-08-17,lato,niskie,0.316,cos_doy,↑,0.316,cos_doy – model ocenia ryzyko wezbrania na 32%. Kierunek wpływu: ↑. Pewność (prawdopodobieństwo z RF): 32%.,1,1,0,1
2025-08-18,lato,niskie,0.042,cos_doy,↓,0.042,cos_doy – model ocenia ryzyko wezbrania na 4%. Kierunek wpływu: ↓. Pewność (prawdopodobieństwo z RF): 4%.,0,0,0,0
2025-08-19,lato,niskie,0.078,cos_doy,↑,0.078,cos_doy – model ocenia ryzyko wezbrania na 8%. Kierunek wpływu: ↑. Pewność (prawdopodobieństwo z RF): 8%.,0,0,0,0
2025-08-20,lato,niskie,0.096,cos_doy,↑,0.096,cos_doy – model ocenia ryzyko wezbrania na 10%. Kierunek wpływu: ↑. Pewność (prawdopodobieństwo z RF): 10%.,0,0,0,0
2025-08-21,lato,niskie,0.151,cos_doy,↑,0.151,cos_doy – model ocenia ryzyko wezbrania na 15%. Kierunek wpływu: ↑. Pewność (prawdopodobieństwo z RF): 15%.,0,0,0,0
2025-08-22,lato,niskie,0.047,cos_doy,↓,0.047,cos_doy – model ocenia ryzyko wezbrania na 5%. Kierunek wpływu: ↓. Pewność (prawdopodobieństwo z RF): 5%.,0,0,0,0
2025-08-23,lato,niskie,0.18,cos_doy,↑,0.18,cos_doy – model ocenia ryzyko wezbrania na 18%. Kierunek wpływu: ↑. Pewność (prawdopodobieństwo z RF): 18%.,0,0,0,1
2025-08-24,lato,średnie,0.517,cos_doy,↑,0.517,cos_doy – model ocenia ryzyko wezbrania na 52%. Kierunek wpływu: ↑. Pewność (prawdopodobieństwo z RF): 52%.,1,1,0,1
2025-08-25,lato,średnie,0.527,cos_doy,↑,0.527,cos_doy – model ocenia ryzyko wezbrania na 53%. Kierunek wpływu: ↑. Pewność (prawdopodobieństwo z RF): 53%.,1,1,0,1
2025-08-26,lato,niskie,0.315,cos_doy,↓,0.315,cos_doy – model ocenia ryzyko wezbrania na 32%. Kierunek wpływu: ↓. Pewność (prawdopodobieństwo z RF): 32%.,0,0,0,0
2025-08-27,lato,niskie,0.202,cos_doy,↓,0.202,cos_doy – model ocenia ryzyko wezbrania na 20%. Kierunek wpływu: ↓. Pewność (prawdopodobieństwo z RF): 20%.,0,0,0,0
2025-08-28,lato,niskie,0.112,cos_doy,↓,0.112,cos_doy – model ocenia ryzyko wezbrania na 11%. Kierunek wpływu: ↓. Pewność (prawdopodobieństwo z RF): 11%.,0,0,1,0
2025-08-29,lato,niskie,0.136,cos_doy,↑,0.136,cos_doy – model ocenia ryzyko wezbrania na 14%. Kierunek wpływu: ↑. Pewność (prawdopodobieństwo z RF): 14%.,0,0,1,0
2025-08-30,lato,niskie,0.199,cos_doy,↑,0.199,cos_doy – model ocenia ryzyko wezbrania na 20%. Kierunek wpływu: ↑. Pewność (prawdopodobieństwo z RF): 20%.,0,0,1,0
2025-08-31,lato,niskie,0.152,cos_doy,↓,0.152,cos_doy – model ocenia ryzyko wezbrania na 15%. Kierunek wpływu: ↓. Pewność (prawdopodobieństwo z RF): 15%.,0,0,0,0
2025-09-01,jesien,niskie,0.052,cos_doy,↓,0.052,cos_doy – model ocenia ryzyko wezbrania na 5%. Kierunek wpływu: ↓. Pewność (prawdopodobieństwo z RF): 5%.,0,0,0,0
2025-09-02,jesien,niskie,0.109,cos_doy,↑,0.109,cos_doy – model ocenia ryzyko wezbrania na 11%. Kierunek wpływu: ↑. Pewność (prawdopodobieństwo z RF): 11%.,0,0,0,0
2025-09-03,jesien,niskie,0.1,cos_doy,↓,0.1,cos_doy – model ocenia ryzyko wezbrania na 10%. Kierunek wpływu: ↓. Pewność (prawdopodobieństwo z RF): 10%.,0,0,0,0
2025-09-04,jesien,niskie,0.045,cos_doy,↓,0.045,cos_doy – model ocenia ryzyko wezbrania na 4%. Kierunek wpływu: ↓. Pewność (prawdopodobieństwo z RF): 4%.,0,0,0,0
2025-09-05,jesien,niskie,0.114,cos_doy,↑,0.114,cos_doy – model ocenia ryzyko wezbrania na 11%. Kierunek wpływu: ↑. Pewność (prawdopodobieństwo z RF): 11%.,0,0,0,0
2025-09-06,jesien,niskie,0.119,cos_doy,↑,0.119,cos_doy – model ocenia ryzyko wezbrania na 12%. Kierunek wpływu: ↑. Pewność (prawdopodobieństwo z RF): 12%.,0,0,0,0
2025-09-07,jesien,niskie,0.137,cos_doy,↑,0.137,cos_doy – model ocenia ryzyko wezbrania na 14%. Kierunek wpływu: ↑. Pewność (prawdopodobieństwo z RF): 14%.,0,0,0,0
2025-09-08,jesien,niskie,0.044,cos_doy,↓,0.044,cos_doy – model ocenia ryzyko wezbrania na 4%. Kierunek wpływu: ↓. Pewność (prawdopodobieństwo z RF): 4%.,0,0,0,0
2025-09-09,jesien,niskie,0.012,cos_doy,↓,0.012,cos_doy – model ocenia ryzyko wezbrania na 1%. Kierunek wpływu: ↓. Pewność (prawdopodobieństwo z RF): 1%.,0,0,0,0
2025-09-10,jesien,niskie,0.035,cos_doy,↑,0.035,cos_doy – model ocenia ryzyko wezbrania na 3%. Kierunek wpływu: ↑. Pewność (prawdopodobieństwo z RF): 3%.,0,0,0,0
2025-09-11,jesien,niskie,0.237,cos_doy,↑,0.237,cos_doy – model ocenia ryzyko wezbrania na 24%. Kierunek wpływu: ↑. Pewność (prawdopodobieństwo z RF): 24%.,0,0,0,0
2025-09-12,jesien,niskie,0.225,cos_doy,↓,0.225,cos_doy – model ocenia ryzyko wezbrania na 23%. Kierunek wpływu: ↓. Pewność (prawdopodobieństwo z RF): 23%.,0,0,0,0
2025-09-13,jesien,niskie,0.093,cos_doy,↓,0.093,cos_doy – model ocenia ryzyko wezbrania na 9%. Kierunek wpływu: ↓. Pewność (prawdopodobieństwo z RF): 9%.,0,0,0,0
2025-09-14,jesien,niskie,0.124,cos_doy,↑,0.124,cos_doy – model ocenia ryzyko wezbrania na 12%. Kierunek wpływu: ↑. Pewność (prawdopodobieństwo z RF): 12%.,0,0,0,0
2025-09-15,jesien,niskie,0.054,cos_doy,↓,0.054,cos_doy – model ocenia ryzyko wezbrania na 5%. Kierunek wpływu: ↓. Pewność (prawdopodobieństwo z RF): 5%.,0,0,0,0
2025-09-16,jesien,niskie,0.048,cos_doy,↓,0.048,cos_doy – model ocenia ryzyko wezbrania na 5%. Kierunek wpływu: ↓. Pewność (prawdopodobieństwo z RF): 5%.,0,0,0,0
2025-09-17,jesien,niskie,0.066,cos_doy,↑,0.066,cos_doy – model ocenia ryzyko wezbrania na 7%. Kierunek wpływu: ↑. Pewność (prawdopodobieństwo z RF): 7%.,0,0,0,0
2025-09-18,jesien,niskie,0.05,cos_doy,↓,0.05,cos_doy – model ocenia ryzyko wezbrania na 5%. Kierunek wpływu: ↓. Pewność (prawdopodobieństwo z RF): 5%.,0,0,0,0
2025-09-19,jesien,niskie,0.082,cos_doy,↑,0.082,cos_doy – model ocenia ryzyko wezbrania na 8%. Kierunek wpływu: ↑. Pewność (prawdopodobieństwo z RF): 8%.,0,0,0,0
2025-09-20,jesien,niskie,0.08,cos_doy,↓,0.08,cos_doy – model ocenia ryzyko wezbrania na 8%. Kierunek wpływu: ↓. Pewność (prawdopodobieństwo z RF): 8%.,0,0,0,0
2025-09-21,jesien,niskie,0.046,cos_doy,↓,0.046,cos_doy – model ocenia ryzyko wezbrania na 5%. Kierunek wpływu: ↓. Pewność (prawdopodobieństwo z RF): 5%.,0,0,0,0
2025-09-22,jesien,niskie,0.073,cos_doy,↑,0.073,cos_doy – model ocenia ryzyko wezbrania na 7%. Kierunek wpływu: ↑. Pewność (prawdopodobieństwo z RF): 7%.,0,0,1,0
2025-09-23,jesien,niskie,0.201,cos_doy,↑,0.201,cos_doy – model ocenia ryzyko wezbrania na 20%. Kierunek wpływu: ↑. Pewność (prawdopodobieństwo z RF): 20%.,0,0,1,0
2025-09-24,jesien,niskie,0.204,cos_doy,↑,0.204,cos_doy – model ocenia ryzyko wezbrania na 20%. Kierunek wpływu: ↑. Pewność (prawdopodobieństwo z RF): 20%.,0,0,1,0
2025-09-25,jesien,niskie,0.117,cos_doy,↓,0.117,cos_doy – model ocenia ryzyko wezbrania na 12%. Kierunek wpływu: ↓. Pewność (prawdopodobieństwo z RF): 12%.,0,0,1,0
2025-09-26,jesien,niskie,0.113,cos_doy,↓,0.113,cos_doy – model ocenia ryzyko wezbrania na 11%. Kierunek wpływu: ↓. Pewność (prawdopodobieństwo z RF): 11%.,0,0,0,0
2025-09-27,jesien,niskie,0.059,cos_doy,↓,0.059,cos_doy – model ocenia ryzyko wezbrania na 6%. Kierunek wpływu: ↓. Pewność (prawdopodobieństwo z RF): 6%.,0,0,0,0
2025-09-28,jesien,niskie,0.032,cos_doy,↓,0.032,cos_doy – model ocenia ryzyko wezbrania na 3%. Kierunek wpływu: ↓. Pewność (prawdopodobieństwo z RF): 3%.,0,0,0,0
2025-09-29,jesien,niskie,0.081,cos_doy,↑,0.081,cos_doy – model ocenia ryzyko wezbrania na 8%. Kierunek wpływu: ↑. Pewność (prawdopodobieństwo z RF): 8%.,0,0,0,0
2025-09-30,jesien,niskie,0.104,cos_doy,↑,0.104,cos_doy – model ocenia ryzyko wezbrania na 10%. Kierunek wpływu: ↑. Pewność (prawdopodobieństwo z RF): 10%.,0,0,0,0
2025-10-01,jesien,niskie,0.125,cos_doy,↑,0.125,cos_doy – model ocenia ryzyko wezbrania na 12%. Kierunek wpływu: ↑. Pewność (prawdopodobieństwo z RF): 12%.,0,0,0,0
2025-10-02,jesien,niskie,0.183,cos_doy,↑,0.183,cos_doy – model ocenia ryzyko wezbrania na 18%. Kierunek wpływu: ↑. Pewność (prawdopodobieństwo z RF): 18%.,0,0,0,0
2025-10-03,jesien,niskie,0.193,cos_doy,↑,0.193,cos_doy – model ocenia ryzyko wezbrania na 19%. Kierunek wpływu: ↑. Pewność (prawdopodobieństwo z RF): 19%.,0,0,0,0
2025-10-04,jesien,niskie,0.459,cos_doy,↑,0.459,cos_doy – model ocenia ryzyko wezbrania na 46%. Kierunek wpływu: ↑. Pewność (prawdopodobieństwo z RF): 46%.,0,0,0,0
2025-10-05,jesien,niskie,0.343,cos_doy,↓,0.343,cos_doy – model ocenia ryzyko wezbrania na 34%. Kierunek wpływu: ↓. Pewność (prawdopodobieństwo z RF): 34%.,0,0,0,0
2025-10-06,jesien,niskie,0.449,cos_doy,↑,0.449,cos_doy – model ocenia ryzyko wezbrania na 45%. Kierunek wpływu: ↑. Pewność (prawdopodobieństwo z RF): 45%.,0,0,0,0
2025-10-07,jesien,niskie,0.313,cos_doy,↓,0.313,cos_doy – model ocenia ryzyko wezbrania na 31%. Kierunek wpływu: ↓. Pewność (prawdopodobieństwo z RF): 31%.,0,0,0,0
2025-10-08,jesien,niskie,0.292,cos_doy,↓,0.292,cos_doy – model ocenia ryzyko wezbrania na 29%. Kierunek wpływu: ↓. Pewność (prawdopodobieństwo z RF): 29%.,0,0,0,0
2025-10-09,jesien,niskie,0.313,cos_doy,↑,0.313,cos_doy – model ocenia ryzyko wezbrania na 31%. Kierunek wpływu: ↑. Pewność (prawdopodobieństwo z RF): 31%.,0,0,0,0
2025-10-10,jesien,niskie,0.35,cos_doy,↑,0.35,cos_doy – model ocenia ryzyko wezbrania na 35%. Kierunek wpływu: ↑. Pewność (prawdopodobieństwo z RF): 35%.,0,0,0,0
2025-10-11,jesien,niskie,0.319,cos_doy,↓,0.319,cos_doy – model ocenia ryzyko wezbrania na 32%. Kierunek wpływu: ↓. Pewność (prawdopodobieństwo z RF): 32%.,0,0,1,0
2025-10-12,jesien,niskie,0.466,cos_doy,↑,0.466,cos_doy – model ocenia ryzyko wezbrania na 47%. Kierunek wpływu: ↑. Pewność (prawdopodobieństwo z RF): 47%.,1,1,1,1
2025-10-13,jesien,niskie,0.424,cos_doy,↓,0.424,cos_doy – model ocenia ryzyko wezbrania na 42%. Kierunek wpływu: ↓. Pewność (prawdopodobieństwo z RF): 42%.,1,1,1,1
2025-10-14,jesien,niskie,0.178,cos_doy,↓,0.178,cos_doy – model ocenia ryzyko wezbrania na 18%. Kierunek wpływu: ↓. Pewność (prawdopodobieństwo z RF): 18%.,0,0,1,0
2025-10-15,jesien,niskie,0.094,cos_doy,↓,0.094,cos_doy – model ocenia ryzyko wezbrania na 9%. Kierunek wpływu: ↓. Pewność (prawdopodobieństwo z RF): 9%.,0,0,0,0
2025-10-16,jesien,niskie,0.088,cos_doy,↓,0.088,cos_doy – model ocenia ryzyko wezbrania na 9%. Kierunek wpływu: ↓. Pewność (prawdopodobieństwo z RF): 9%.,0,0,1,0
2025-10-17,jesien,niskie,0.296,cos_doy,↑,0.296,cos_doy – model ocenia ryzyko wezbrania na 30%. Kierunek wpływu: ↑. Pewność (prawdopodobieństwo z RF): 30%.,0,0,1,0
2025-10-18,jesien,wysokie,0.731,cos_doy,↑,0.731,cos_doy – model ocenia ryzyko wezbrania na 73%. Kierunek wpływu: ↑. Pewność (prawdopodobieństwo z RF): 73%.,1,1,1,1
2025-10-19,jesien,niskie,0.321,cos_doy,↓,0.321,cos_doy – model ocenia ryzyko wezbrania na 32%. Kierunek wpływu: ↓. Pewność (prawdopodobieństwo z RF): 32%.,0,0,1,0
2025-10-20,jesien,niskie,0.359,cos_doy,↑,0.359,cos_doy – model ocenia ryzyko wezbrania na 36%. Kierunek wpływu: ↑. Pewność (prawdopodobieństwo z RF): 36%.,0,0,0,0
2025-10-21,jesien,niskie,0.468,cos_doy,↑,0.468,cos_doy – model ocenia ryzyko wezbrania na 47%. Kierunek wpływu: ↑. Pewność (prawdopodobieństwo z RF): 47%.,0,0,0,0
2025-10-22,jesien,niskie,0.255,cos_doy,↓,0.255,cos_doy – model ocenia ryzyko wezbrania na 26%. Kierunek wpływu: ↓. Pewność (prawdopodobieństwo z RF): 26%.,0,0,0,0
2025-10-23,jesien,niskie,0.378,cos_doy,↑,0.378,cos_doy – model ocenia ryzyko wezbrania na 38%. Kierunek wpływu: ↑. Pewność (prawdopodobieństwo z RF): 38%.,0,0,0,0
2025-10-24,jesien,średnie,0.514,cos_doy,↑,0.514,cos_doy – model ocenia ryzyko wezbrania na 51%. Kierunek wpływu: ↑. Pewność (prawdopodobieństwo z RF): 51%.,0,0,0,0
2025-10-25,jesien,niskie,0.387,cos_doy,↓,0.387,cos_doy – model ocenia ryzyko wezbrania na 39%. Kierunek wpływu: ↓. Pewność (prawdopodobieństwo z RF): 39%.,0,0,0,0
2025-10-26,jesien,niskie,0.483,cos_doy,↑,0.483,cos_doy – model ocenia ryzyko wezbrania na 48%. Kierunek wpływu: ↑. Pewność (prawdopodobieństwo z RF): 48%.,0,0,0,0
2025-10-27,jesien,niskie,0.311,cos_doy,↓,0.311,cos_doy – model ocenia ryzyko wezbrania na 31%. Kierunek wpływu: ↓. Pewność (prawdopodobieństwo z RF): 31%.,0,0,0,0
2025-10-28,jesien,niskie,0.457,cos_doy,↑,0.457,cos_doy – model ocenia ryzyko wezbrania na 46%. Kierunek wpływu: ↑. Pewność (prawdopodobieństwo z RF): 46%.,0,0,0,0
2025-10-29,jesien,średnie,0.571,cos_doy,↑,0.571,cos_doy – model ocenia ryzyko wezbrania na 57%. Kierunek wpływu: ↑. Pewność (prawdopodobieństwo z RF): 57%.,0,0,1,0
2025-10-30,jesien,wysokie,0.776,cos_doy,↑,0.776,cos_doy – model ocenia ryzyko wezbrania na 78%. Kierunek wpływu: ↑. Pewność (prawdopodobieństwo z RF): 78%.,1,1,1,1
2025-10-31,jesien,wysokie,0.725,cos_doy,↓,0.725,cos_doy – model ocenia ryzyko wezbrania na 73%. Kierunek wpływu: ↓. Pewność (prawdopodobieństwo z RF): 73%.,1,0,1,1
2025-11-01,jesien,niskie,0.408,cos_doy,↓,0.408,cos_doy – model ocenia ryzyko wezbrania na 41%. Kierunek wpływu: ↓. Pewność (prawdopodobieństwo z RF): 41%.,0,0,1,0
2025-11-02,jesien,niskie,0.231,cos_doy,↓,0.231,cos_doy – model ocenia ryzyko wezbrania na 23%. Kierunek wpływu: ↓. Pewność (prawdopodobieństwo z RF): 23%.,0,0,1,0
2025-11-03,jesien,niskie,0.241,cos_doy,↑,0.241,cos_doy – model ocenia ryzyko wezbrania na 24%. Kierunek wpływu: ↑. Pewność (prawdopodobieństwo z RF): 24%.,0,0,1,0
2025-11-04,jesien,niskie,0.215,cos_doy,↓,0.215,cos_doy – model ocenia ryzyko wezbrania na 22%. Kierunek wpływu: ↓. Pewność (prawdopodobieństwo z RF): 22%.,0,0,0,0
2025-11-05,jesien,niskie,0.133,cos_doy,↓,0.133,cos_doy – model ocenia ryzyko wezbrania na 13%. Kierunek wpływu: ↓. Pewność (prawdopodobieństwo z RF): 13%.,0,0,0,0
2025-11-06,jesien,niskie,0.082,cos_doy,↓,0.082,cos_doy – model ocenia ryzyko wezbrania na 8%. Kierunek wpływu: ↓. Pewność (prawdopodobieństwo z RF): 8%.,0,0,1,0
2025-11-07,jesien,niskie,0.086,cos_doy,↑,0.086,cos_doy – model ocenia ryzyko wezbrania na 9%. Kierunek wpływu: ↑. Pewność (prawdopodobieństwo z RF): 9%.,0,0,0,0
2025-11-08,jesien,niskie,0.126,cos_doy,↑,0.126,cos_doy – model ocenia ryzyko wezbrania na 13%. Kierunek wpływu: ↑. Pewność (prawdopodobieństwo z RF): 13%.,0,0,1,0
2025-11-09,jesien,niskie,0.12,cos_doy,↓,0.12,cos_doy – model ocenia ryzyko wezbrania na 12%. Kierunek wpływu: ↓. Pewność (prawdopodobieństwo z RF): 12%.,0,0,0,0
2025-11-10,jesien,niskie,0.102,cos_doy,↓,0.102,cos_doy – model ocenia ryzyko wezbrania na 10%. Kierunek wpływu: ↓. Pewność (prawdopodobieństwo z RF): 10%.,0,0,1,0
2025-11-11,jesien,niskie,0.105,cos_doy,↑,0.105,cos_doy – model ocenia ryzyko wezbrania na 11%. Kierunek wpływu: ↑. Pewność (prawdopodobieństwo z RF): 11%.,0,0,0,0
2025-11-12,jesien,niskie,0.121,cos_doy,↑,0.121,cos_doy – model ocenia ryzyko wezbrania na 12%. Kierunek wpływu: ↑. Pewność (prawdopodobieństwo z RF): 12%.,0,0,0,0
2025-11-13,jesien,niskie,0.269,cos_doy,↑,0.269,cos_doy – model ocenia ryzyko wezbrania na 27%. Kierunek wpływu: ↑. Pewność (prawdopodobieństwo z RF): 27%.,0,0,1,0
2025-11-14,jesien,średnie,0.598,cos_doy,↑,0.598,cos_doy – model ocenia ryzyko wezbrania na 60%. Kierunek wpływu: ↑. Pewność (prawdopodobieństwo z RF): 60%.,1,0,1,1
2025-11-15,jesien,wysokie,0.707,cos_doy,↑,0.707,cos_doy – model ocenia ryzyko wezbrania na 71%. Kierunek wpływu: ↑. Pewność (prawdopodobieństwo z RF): 71%.,1,1,1,1
2025-11-16,jesien,średnie,0.633,cos_doy,↓,0.633,cos_doy – model ocenia ryzyko wezbrania na 63%. Kierunek wpływu: ↓. Pewność (prawdopodobieństwo z RF): 63%.,0,0,1,0
2025-11-17,jesien,wysokie,0.688,cos_doy,↑,0.688,cos_doy – model ocenia ryzyko wezbrania na 69%. Kierunek wpływu: ↑. Pewność (prawdopodobieństwo z RF): 69%.,0,0,1,0
2025-11-18,jesien,średnie,0.63,cos_doy,↓,0.63,cos_doy – model ocenia ryzyko wezbrania na 63%. Kierunek wpływu: ↓. Pewność (prawdopodobieństwo z RF): 63%.,0,0,1,0
2025-11-19,jesien,niskie,0.422,cos_doy,↓,0.422,cos_doy – model ocenia ryzyko wezbrania na 42%. Kierunek wpływu: ↓. Pewność (prawdopodobieństwo z RF): 42%.,0,0,1,0
2025-11-20,jesien,niskie,0.362,cos_doy,↓,0.362,cos_doy – model ocenia ryzyko wezbrania na 36%. Kierunek wpływu: ↓. Pewność (prawdopodobieństwo z RF): 36%.,0,0,1,0
2025-11-21,jesien,wysokie,0.72,cos_doy,↑,0.72,cos_doy – model ocenia ryzyko wezbrania na 72%. Kierunek wpływu: ↑. Pewność (prawdopodobieństwo z RF): 72%.,1,0,1,1
2025-11-22,jesien,średnie,0.523,cos_doy,↓,0.523,cos_doy – model ocenia ryzyko wezbrania na 52%. Kierunek wpływu: ↓. Pewność (prawdopodobieństwo z RF): 52%.,0,0,1,0
2025-11-23,jesien,niskie,0.21,cos_doy,↓,0.21,cos_doy – model ocenia ryzyko wezbrania na 21%. Kierunek wpływu: ↓. Pewność (prawdopodobieństwo z RF): 21%.,0,0,0,0
2025-11-24,jesien,niskie,0.229,cos_doy,↑,0.229,cos_doy – model ocenia ryzyko wezbrania na 23%. Kierunek wpływu: ↑. Pewność (prawdopodobieństwo z RF): 23%.,0,0,0,0
2025-11-25,jesien,niskie,0.273,cos_doy,↑,0.273,cos_doy – model ocenia ryzyko wezbrania na 27%. Kierunek wpływu: ↑. Pewność (prawdopodobieństwo z RF): 27%.,0,0,1,0
2025-11-26,jesien,niskie,0.465,cos_doy,↑,0.465,cos_doy – model ocenia ryzyko wezbrania na 46%. Kierunek wpływu: ↑. Pewność (prawdopodobieństwo z RF): 46%.,0,0,1,0
2025-11-27,jesien,średnie,0.597,cos_doy,↑,0.597,cos_doy – model ocenia ryzyko wezbrania na 60%. Kierunek wpływu: ↑. Pewność (prawdopodobieństwo z RF): 60%.,0,0,1,0
2025-11-28,jesien,niskie,0.456,cos_doy,↓,0.456,cos_doy – model ocenia ryzyko wezbrania na 46%. Kierunek wpływu: ↓. Pewność (prawdopodobieństwo z RF): 46%.,0,0,0,0
2025-11-29,jesien,niskie,0.272,cos_doy,↓,0.272,cos_doy – model ocenia ryzyko wezbrania na 27%. Kierunek wpływu: ↓. Pewność (prawdopodobieństwo z RF): 27%.,0,0,0,0
2025-11-30,jesien,niskie,0.116,cos_doy,↓,0.116,cos_doy – model ocenia ryzyko wezbrania na 12%. Kierunek wpływu: ↓. Pewność (prawdopodobieństwo z RF): 12%.,0,0,0,0
2025-12-01,zima,niskie,0.127,cos_doy,↑,0.127,cos_doy – model ocenia ryzyko wezbrania na 13%. Kierunek wpływu: ↑. Pewność (prawdopodobieństwo z RF): 13%.,0,0,0,0
2025-12-02,zima,niskie,0.119,cos_doy,↓,0.119,cos_doy – model ocenia ryzyko wezbrania na 12%. Kierunek wpływu: ↓. Pewność (prawdopodobieństwo z RF): 12%.,0,0,0,0
2025-12-03,zima,niskie,0.286,cos_doy,↑,0.286,cos_doy – model ocenia ryzyko wezbrania na 29%. Kierunek wpływu: ↑. Pewność (prawdopodobieństwo z RF): 29%.,0,0,0,0
2025-12-04,zima,niskie,0.218,cos_doy,↓,0.218,cos_doy – model ocenia ryzyko wezbrania na 22%. Kierunek wpływu: ↓. Pewność (prawdopodobieństwo z RF): 22%.,0,0,0,0
2025-12-05,zima,niskie,0.207,cos_doy,↓,0.207,cos_doy – model ocenia ryzyko wezbrania na 21%. Kierunek wpływu: ↓. Pewność (prawdopodobieństwo z RF): 21%.,0,0,0,0
2025-12-06,zima,niskie,0.116,cos_doy,↓,0.116,cos_doy – model ocenia ryzyko wezbrania na 12%. Kierunek wpływu: ↓. Pewność (prawdopodobieństwo z RF): 12%.,0,0,0,0
2025-12-07,zima,niskie,0.127,cos_doy,↑,0.127,cos_doy – model ocenia ryzyko wezbrania na 13%. Kierunek wpływu: ↑. Pewność (prawdopodobieństwo z RF): 13%.,0,0,0,0
2025-12-08,zima,niskie,0.12,cos_doy,↓,0.12,cos_doy – model ocenia ryzyko wezbrania na 12%. Kierunek wpływu: ↓. Pewność (prawdopodobieństwo z RF): 12%.,0,0,0,0
2025-12-09,zima,niskie,0.151,cos_doy,↑,0.151,cos_doy – model ocenia ryzyko wezbrania na 15%. Kierunek wpływu: ↑. Pewność (prawdopodobieństwo z RF): 15%.,0,0,0,0
2025-12-10,zima,niskie,0.216,cos_doy,↑,0.216,cos_doy – model ocenia ryzyko wezbrania na 22%. Kierunek wpływu: ↑. Pewność (prawdopodobieństwo z RF): 22%.,0,0,0,0
2025-12-11,zima,niskie,0.224,cos_doy,↑,0.224,cos_doy – model ocenia ryzyko wezbrania na 22%. Kierunek wpływu: ↑. Pewność (prawdopodobieństwo z RF): 22%.,0,0,1,0
2025-12-12,zima,niskie,0.432,cos_doy,↑,0.432,cos_doy – model ocenia ryzyko wezbrania na 43%. Kierunek wpływu: ↑. Pewność (prawdopodobieństwo z RF): 43%.,0,0,1,0
2025-12-13,zima,niskie,0.226,cos_doy,↓,0.226,cos_doy – model ocenia ryzyko wezbrania na 23%. Kierunek wpływu: ↓. Pewność (prawdopodobieństwo z RF): 23%.,0,0,1,0
2025-12-14,zima,niskie,0.222,cos_doy,↓,0.222,cos_doy – model ocenia ryzyko wezbrania na 22%. Kierunek wpływu: ↓. Pewność (prawdopodobieństwo z RF): 22%.,0,0,1,0
2025-12-15,zima,niskie,0.162,cos_doy,↓,0.162,cos_doy – model ocenia ryzyko wezbrania na 16%. Kierunek wpływu: ↓. Pewność (prawdopodobieństwo z RF): 16%.,0,0,0,0
2025-12-16,zima,niskie,0.218,cos_doy,↑,0.218,cos_doy – model ocenia ryzyko wezbrania na 22%. Kierunek wpływu: ↑. Pewność (prawdopodobieństwo z RF): 22%.,0,0,0,0
2025-12-17,zima,niskie,0.177,cos_doy,↓,0.177,cos_doy – model ocenia ryzyko wezbrania na 18%. Kierunek wpływu: ↓. Pewność (prawdopodobieństwo z RF): 18%.,0,0,1,0
2025-12-18,zima,niskie,0.126,cos_doy,↓,0.126,cos_doy – model ocenia ryzyko wezbrania na 13%. Kierunek wpływu: ↓. Pewność (prawdopodobieństwo z RF): 13%.,0,0,1,0
2025-12-19,zima,niskie,0.214,cos_doy,↑,0.214,cos_doy – model ocenia ryzyko wezbrania na 21%. Kierunek wpływu: ↑. Pewność (prawdopodobieństwo z RF): 21%.,0,0,0,0
2025-12-20,zima,niskie,0.289,cos_doy,↑,0.289,cos_doy – model ocenia ryzyko wezbrania na 29%. Kierunek wpływu: ↑. Pewność (prawdopodobieństwo z RF): 29%.,0,0,1,0
2025-12-21,zima,niskie,0.187,cos_doy,↓,0.187,cos_doy – model ocenia ryzyko wezbrania na 19%. Kierunek wpływu: ↓. Pewność (prawdopodobieństwo z RF): 19%.,0,0,0,0
2025-12-22,zima,niskie,0.263,cos_doy,↑,0.263,cos_doy – model ocenia ryzyko wezbrania na 26%. Kierunek wpływu: ↑. Pewność (prawdopodobieństwo z RF): 26%.,0,0,1,0
2025-12-23,zima,niskie,0.412,cos_doy,↑,0.412,cos_doy – model ocenia ryzyko wezbrania na 41%. Kierunek wpływu: ↑. Pewność (prawdopodobieństwo z RF): 41%.,0,0,1,0
2025-12-24,zima,niskie,0.39,cos_doy,↓,0.39,cos_doy – model ocenia ryzyko wezbrania na 39%. Kierunek wpływu: ↓. Pewność (prawdopodobieństwo z RF): 39%.,0,0,0,0
2025-12-25,zima,niskie,0.26,cos_doy,↓,0.26,cos_doy – model ocenia ryzyko wezbrania na 26%. Kierunek wpływu: ↓. Pewność (prawdopodobieństwo z RF): 26%.,0,0,0,0
2025-12-26,zima,niskie,0.298,cos_doy,↑,0.298,cos_doy – model ocenia ryzyko wezbrania na 30%. Kierunek wpływu: ↑. Pewność (prawdopodobieństwo z RF): 30%.,0,0,1,0
2025-12-27,zima,wysokie,0.68,cos_doy,↑,0.68,cos_doy – model ocenia ryzyko wezbrania na 68%. Kierunek wpływu: ↑. Pewność (prawdopodobieństwo z RF): 68%.,1,1,1,1
2025-12-28,zima,wysokie,0.697,cos_doy,↑,0.697,cos_doy – model ocenia ryzyko wezbrania na 70%. Kierunek wpływu: ↑. Pewność (prawdopodobieństwo z RF): 70%.,1,1,1,1
2025-12-29,zima,wysokie,0.701,cos_doy,↑,0.701,cos_doy – model ocenia ryzyko wezbrania na 70%. Kierunek wpływu: ↑. Pewność (prawdopodobieństwo z RF): 70%.,1,1,1,1
2025-12-30,zima,średnie,0.638,cos_doy,↓,0.638,cos_doy – model ocenia ryzyko wezbrania na 64%. Kierunek wpływu: ↓. Pewność (prawdopodobieństwo z RF): 64%.,1,1,1,1
2025-12-31,zima,wysokie,0.717,cos_doy,↑,0.717,cos_doy – model ocenia ryzyko wezbrania na 72%. Kierunek wpływu: ↑. Pewność (prawdopodobieństwo z RF): 72%.,1,1,1,1
