Data,Opad_suma,Temp_średnia,Temp_min,Temp_max,Wilgotność_średnia,Ciśnienie_średnia,Ciśnienie_min,Ciśnienie_max,month,sezon,doy,sin_doy,cos_doy,Ciśnienie_ampl,Ciśnienie_delta_1d,Ciśnienie_delta_2d,Ciśnienie_delta_3d,Ciśnienie_trend_3d,Ciśnienie_trend_7d,Wiatr_siła_proxy,Wiatr_kierunek_proxy,Wiatr_sektor_proxy,Wiatr_kąt_proxy,Wiatr_sin_proxy,Wiatr_cos_proxy,Opad_lag_1d,Opad_lag_2d,Opad_lag_3d,Temp_średnia_lag_1d,Opad_24h,Opad_72h,Opad_7d,Poziom_wody_średnia,Poziom_wody_max
2021-01-01,0.0,-1.1708333333333334,-2.2,-0.2,94.34166666666665,1005.4666666666667,1005.0,1006.6,1,zima,1,0.017213356155834685,0.9998518392091162,1.6000000000000227,0.0,0.0,0.0,1005.4666666666667,1005.4666666666667,0.0,0.0,stabilnie,90.0,0.0,0.0,0.0,0.0,0.0,0.0,0.0,2.08,28.35,-0.05291666666666667,0.0
2021-01-02,0.0,0.6166666666666666,-0.3,2.3,87.73333333333333,1011.2083333333334,1007.0,1015.7,1,zima,2,0.03442161162274574,0.9994074007397048,8.700000000000045,5.741666666666674,0.0,0.0,1008.3375000000001,1008.3375000000001,5.741666666666674,1.0,wzrost_cisnienia,0.0,0.0,1.0,0.0,0.0,0.0,-1.1708333333333334,0.0,2.08,28.35,-0.035833333333333335,0.0
2021-01-03,2.08,0.5583333333333333,-0.8,1.6,91.03333333333335,1016.7166666666667,1015.9,1017.4,1,zima,3,0.051619667223253764,0.998666816288476,1.5,5.508333333333326,11.25,0.0,1011.1305555555556,1011.1305555555556,5.508333333333326,1.0,wzrost_cisnienia,0.0,0.0,1.0,0.0,0.0,0.0,0.6166666666666666,2.08,2.08,28.35,0.013333333333333334,0.05
2021-01-04,3.6100000000000003,1.2458333333333333,0.6,1.9,90.575,1016.4416666666666,1015.9,1016.9,1,zima,4,0.06880242680231986,0.9976303053065857,1.0,-0.27500000000009095,5.233333333333235,10.974999999999909,1014.7888888888889,1012.4583333333334,0.27500000000009095,-1.0,spadek_cisnienia,180.0,1.2246467991473532e-16,-1.0,2.08,0.0,0.0,0.5583333333333333,3.6100000000000003,5.69,28.35,0.015416666666666667,0.06
2021-01-05,18.58,2.1708333333333334,0.9,3.6,91.35416666666667,1013.2333333333332,1009.3,1016.3,1,zima,5,0.08596479873744647,0.9962981749346078,7.0,-3.2083333333333712,-3.483333333333462,2.0249999999998636,1015.4638888888888,1012.6133333333333,3.2083333333333712,-1.0,spadek_cisnienia,180.0,1.2246467991473532e-16,-1.0,3.6100000000000003,2.08,0.0,1.2458333333333333,18.58,24.27,28.35,0.01875,0.1
2021-01-06,3.31,1.3541666666666667,0.9,2.0,92.675,1007.9,1006.5,1009.2,1,zima,6,0.10310169744743485,0.9946708199115211,2.7000000000000455,-5.3333333333332575,-8.541666666666629,-8.81666666666672,1012.525,1011.8277777777777,5.3333333333332575,-1.0,spadek_cisnienia,180.0,1.2246467991473532e-16,-1.0,18.58,3.6100000000000003,2.08,2.1708333333333334,3.31,25.499999999999996,28.35,-0.03,0.04
2021-01-07,0.77,0.8458333333333333,0.3,1.3,91.06666666666666,1004.5500000000001,1003.6,1006.2,1,zima,7,0.1202080448993527,0.9927487224577402,2.6000000000000227,-3.349999999999909,-8.683333333333167,-11.891666666666538,1008.5611111111111,1010.7880952380953,3.349999999999909,-1.0,spadek_cisnienia,180.0,1.2246467991473532e-16,-1.0,3.31,18.58,3.6100000000000003,1.3541666666666667,0.77,22.659999999999997,28.35,-0.07291666666666667,-0.05
2021-01-08,0.0,1.1583333333333334,0.2,1.9,89.92916666666667,1006.9833333333332,1005.0,1009.7,1,zima,8,0.13727877211326478,0.9905324521322229,4.7000000000000455,2.4333333333331666,-0.9166666666667425,-6.25,1006.4777777777778,1011.0047619047618,2.4333333333331666,1.0,wzrost_cisnienia,0.0,0.0,1.0,0.77,3.31,18.58,0.8458333333333333,0.0,4.08,28.35,-0.08166666666666667,-0.04
2021-01-09,1.9100000000000001,1.0333333333333334,-0.1,1.9,90.56666666666666,1012.5,1009.9,1015.9,1,zima,9,0.15430882066428117,0.9880226656636976,6.0,5.516666666666765,7.949999999999932,4.600000000000023,1008.0111111111111,1011.1892857142857,5.516666666666765,1.0,wzrost_cisnienia,0.0,0.0,1.0,0.0,0.77,3.31,1.1583333333333334,1.9100000000000001,2.68,30.259999999999998,-0.058750000000000004,-0.02
2021-01-10,0.0,1.5708333333333335,0.5,2.7,85.74583333333334,1016.6083333333332,1015.1,1017.8,1,zima,10,0.1712931441814776,0.9852201067560606,2.699999999999932,4.108333333333235,9.625,12.058333333333167,1012.0305555555555,1011.1738095238096,4.108333333333235,1.0,wzrost_cisnienia,0.0,0.0,1.0,1.9100000000000001,0.0,0.77,1.0333333333333334,0.0,1.9100000000000001,28.18,-0.18958333333333333,-0.1
2021-01-11,0.0,0.9874999999999999,0.2,1.9,79.85416666666667,1010.1958333333333,1003.9,1014.2,1,zima,11,0.1882267098432442,0.9821256058680006,10.300000000000068,-6.412499999999909,-2.3041666666666742,3.212500000000091,1013.1013888888889,1010.2815476190477,6.412499999999909,-1.0,spadek_cisnienia,180.0,1.2246467991473532e-16,-1.0,0.0,1.9100000000000001,0.0,1.5708333333333335,0.0,1.9100000000000001,24.57,-0.22166666666666668,-0.09
2021-01-12,2.01,0.9833333333333334,-0.5,2.5,85.12916666666666,996.5791666666668,994.5,1003.0,1,zima,12,0.2051044998686192,0.9787400799669153,8.5,-13.61666666666656,-20.02916666666647,-15.920833333333235,1007.7944444444444,1007.9023809523809,13.61666666666656,-1.0,spadek_cisnienia,180.0,1.2246467991473532e-16,-1.0,0.0,0.0,1.9100000000000001,0.9874999999999999,2.01,2.01,8.0,-0.3145833333333333,0.07
2021-01-13,0.0,0.5541666666666667,-1.4,2.5,86.15833333333335,998.1666666666666,996.4,999.4,1,zima,13,0.22192151300416552,0.9750645322571948,3.0,1.5874999999998636,-12.029166666666697,-18.441666666666606,1001.6472222222222,1006.5119047619048,1.5874999999998636,1.0,wzrost_cisnienia,0.0,0.0,1.0,2.01,0.0,0.0,0.9833333333333334,0.0,2.01,4.6899999999999995,0.042916666666666665,0.09
2021-01-14,1.3399999999999999,0.05000000000000001,-3.0,1.1,79.34583333333333,1007.3791666666666,999.7,1013.5,1,zima,14,0.2386727660059501,0.9711000518829505,13.799999999999955,9.212499999999977,10.79999999999984,-2.8166666666667197,1000.7083333333334,1006.9160714285715,9.212499999999977,1.0,wzrost_cisnienia,0.0,0.0,1.0,0.0,2.01,0.0,0.5541666666666667,1.3399999999999999,3.3499999999999996,5.26,0.18833333333333332,0.31
2021-01-15,3.5,-1.5,-3.1,0.0,77.91666666666667,1014.1291666666666,1012.5,1015.6,1,zima,15,0.255353295116187,0.9668478136052775,3.1000000000000227,6.75,15.962499999999977,17.54999999999984,1006.5583333333333,1007.9369047619048,6.75,1.0,wzrost_cisnienia,0.0,0.0,1.0,1.3399999999999999,0.0,2.01,0.05000000000000001,3.5,4.84,8.76,0.15208333333333335,0.2
2021-01-16,12.86,-2.5500000000000003,-10.0,0.2,81.7625,1012.1875,1008.2,1015.1,1,zima,16,0.2719581575341055,0.9623090774541486,6.899999999999977,-1.941666666666606,4.808333333333394,14.020833333333371,1011.2319444444444,1007.8922619047619,1.941666666666606,-1.0,spadek_cisnienia,180.0,1.2246467991473532e-16,-1.0,3.5,1.3399999999999999,0.0,-1.5,12.86,17.7,19.71,0.13791666666666666,0.27
2021-01-17,0.0,-11.895833333333334,-14.1,-9.7,71.17083333333333,1017.5749999999999,1015.2,1019.2,1,zima,17,0.288482432880609,0.9574851883550393,4.0,5.387499999999932,3.4458333333333258,10.195833333333326,1014.6305555555555,1008.0303571428573,5.387499999999932,1.0,wzrost_cisnienia,0.0,0.0,1.0,12.86,3.5,1.3399999999999999,-2.5500000000000003,0.0,16.36,19.71,-0.075,0.0
2021-01-18,0.0,-8.491666666666667,-13.9,-4.9,70.54583333333333,1015.5083333333333,1012.8,1017.7,1,zima,18,0.30492122465628907,0.9523775757303974,4.900000000000091,-2.066666666666606,3.3208333333333258,1.3791666666667197,1015.0902777777778,1008.7892857142857,2.066666666666606,-1.0,spadek_cisnienia,180.0,1.2246467991473532e-16,-1.0,0.0,12.86,3.5,-11.895833333333334,0.0,12.86,19.71,-0.15708333333333332,-0.12
2021-01-19,0.71,-7.1375,-14.3,-2.4,85.30833333333334,1006.2833333333333,1001.4,1012.1,1,zima,19,0.3212696616923644,0.9469877530760753,10.700000000000045,-9.225000000000023,-11.291666666666629,-5.904166666666697,1013.1222222222223,1010.1755952380952,9.225000000000023,-1.0,spadek_cisnienia,180.0,1.2246467991473532e-16,-1.0,0.0,0.0,12.86,-8.491666666666667,0.71,0.71,18.41,-0.20666666666666667,-0.17
2021-01-20,2.01,1.7791666666666668,-2.2,4.1,89.77499999999999,998.25,997.0,1000.9,1,zima,20,0.3375228995941133,0.9413173175128471,3.8999999999999773,-8.033333333333303,-17.258333333333326,-19.324999999999932,1006.6805555555555,1010.1874999999999,8.033333333333303,-1.0,spadek_cisnienia,180.0,1.2246467991473532e-16,-1.0,0.71,0.0,0.0,-7.1375,2.01,2.7199999999999998,20.419999999999998,-0.13791666666666666,-0.08
2021-01-21,0.0,4.179166666666666,2.6,6.9,71.78750000000001,994.7583333333333,993.4,996.8,1,zima,21,0.3536761221763716,0.9353679493131483,3.3999999999999773,-3.4916666666666742,-11.524999999999977,-20.75,999.763888888889,1008.3845238095237,3.4916666666666742,-1.0,spadek_cisnienia,180.0,1.2246467991473532e-16,-1.0,2.01,0.71,0.0,1.7791666666666668,0.0,2.7199999999999998,19.08,-0.20666666666666667,-0.16
2021-01-22,0.06,4.683333333333333,2.7,7.7,74.2375,989.9041666666667,987.0,993.3,1,zima,22,0.3697245428906731,0.9291414114031743,6.2999999999999545,-4.854166666666629,-8.345833333333303,-16.379166666666606,994.3041666666668,1004.9238095238095,4.854166666666629,-1.0,spadek_cisnienia,180.0,1.2246467991473532e-16,-1.0,0.0,2.01,0.71,4.179166666666666,0.06,2.07,15.639999999999999,-0.19458333333333333,0.06
2021-01-23,12.15,2.2416666666666667,0.2,4.2,90.84166666666665,991.0749999999999,985.4,995.4,1,zima,23,0.38566340624360707,0.9226395488404876,10.0,1.1708333333332348,-3.683333333333394,-7.175000000000068,991.9125,1001.907738095238,1.1708333333332348,1.0,wzrost_cisnienia,0.0,0.0,1.0,0.06,0.0,2.01,4.683333333333333,12.15,12.21,14.93,-0.12875,0.03
2021-01-24,7.36,2.3666666666666667,1.4,3.4,90.10000000000001,991.0458333333332,989.6,992.5,1,zima,24,0.401487989205973,0.9158642882672872,2.8999999999999773,-0.029166666666696983,1.1416666666665378,-3.712500000000091,990.6749999999998,998.1178571428571,0.029166666666696983,-1.0,spadek_cisnienia,180.0,1.2246467991473532e-16,-1.0,12.15,0.06,0.0,2.2416666666666667,7.36,19.57,22.29,0.04708333333333334,0.1
2021-01-25,1.21,1.7,1.0,3.4,84.21666666666667,995.0708333333333,989.8,999.1,1,zima,25,0.4171936026123168,0.9088176373395029,9.300000000000068,4.025000000000091,3.995833333333394,5.166666666666629,992.3972222222222,995.1982142857142,4.025000000000091,1.0,wzrost_cisnienia,0.0,0.0,1.0,7.36,12.15,0.06,2.3666666666666667,1.21,20.720000000000002,23.5,0.06375,0.12
2021-01-26,0.0,1.5958333333333332,1.0,2.7,78.0125,1000.6125000000001,999.1,1002.4,1,zima,26,0.4327755925504312,0.901501684131884,3.2999999999999545,5.5416666666667425,9.566666666666833,9.537500000000136,995.576388888889,994.3880952380953,5.5416666666667425,1.0,wzrost_cisnienia,0.0,0.0,1.0,1.21,7.36,12.15,1.7,0.0,8.57,22.79,0.13333333333333333,0.2
2021-01-27,0.0,1.4916666666666665,0.2,3.2,73.20833333333333,1004.5791666666668,1002.5,1006.1,1,zima,27,0.4482293417404106,0.893918596519257,3.6000000000000227,3.966666666666697,9.50833333333344,13.53333333333353,1000.0875000000001,995.292261904762,3.966666666666697,1.0,wzrost_cisnienia,0.0,0.0,1.0,0.0,1.21,7.36,1.5958333333333332,0.0,1.21,20.78,0.13166666666666668,0.2
2021-01-28,1.52,0.09999999999999999,-0.8,1.8,81.21249999999999,995.9833333333332,990.4,1004.8,1,zima,28,0.4635502709028509,0.886070621534138,14.399999999999977,-8.59583333333353,-4.629166666666833,0.912499999999909,1000.3916666666668,995.467261904762,8.59583333333353,-1.0,spadek_cisnienia,180.0,1.2246467991473532e-16,-1.0,0.0,0.0,1.21,1.4916666666666665,1.52,1.52,22.3,0.07666666666666667,0.19
2021-01-29,0.61,0.31666666666666665,-2.3,2.5,82.50416666666666,991.9666666666667,990.6,993.1,1,zima,29,0.47873384011578846,0.8779600847008882,2.5,-4.016666666666538,-12.612500000000068,-8.645833333333371,997.5097222222222,995.7619047619047,4.016666666666538,-1.0,spadek_cisnienia,180.0,1.2246467991473532e-16,-1.0,1.52,0.0,0.0,0.09999999999999999,0.61,2.13,22.849999999999998,0.16874999999999998,0.23
2021-01-30,3.02,-1.0166666666666666,-3.8,1.3,82.44166666666666,994.025,992.2,996.7,1,zima,30,0.4937755501599772,0.869589389346611,4.5,2.0583333333332803,-1.9583333333332575,-10.554166666666788,993.9916666666667,996.1833333333334,2.0583333333332803,1.0,wzrost_cisnienia,0.0,0.0,1.0,0.61,1.52,0.0,0.31666666666666665,3.02,5.15,13.72,0.20958333333333334,0.28
2021-01-31,0.0,-0.5458333333333333,-2.1,1.4,70.25,997.2666666666668,996.3,998.6,1,zima,31,0.5086709438521044,0.8609610158889943,2.300000000000068,3.241666666666788,5.300000000000068,1.2833333333335304,994.4194444444444,997.0720238095238,3.241666666666788,1.0,wzrost_cisnienia,0.0,0.0,1.0,3.02,0.61,1.52,-1.0166666666666666,0.0,3.63,6.359999999999999,0.08166666666666667,0.14
2021-02-01,0.0,-2.9250000000000003,-5.4,-0.8,74.18333333333334,1000.8333333333334,998.5,1002.3,2,zima,32,0.5234156073655503,0.8520775211013093,3.7999999999999545,3.566666666666606,6.808333333333394,8.866666666666674,997.375,997.895238095238,3.566666666666606,1.0,wzrost_cisnienia,0.0,0.0,1.0,0.0,3.02,0.61,-0.5458333333333333,0.0,3.02,5.15,0.011666666666666667,0.06
2021-02-02,0.94,-1.8416666666666668,-5.2,0.0,79.34166666666667,998.6708333333332,997.5,1001.4,2,zima,33,0.5380051715382996,0.8429415373547828,3.8999999999999773,-2.1625000000001364,1.4041666666664696,4.6458333333332575,998.923611111111,997.6178571428571,2.1625000000001364,-1.0,spadek_cisnienia,180.0,1.2246467991473532e-16,-1.0,0.0,0.0,3.02,-2.9250000000000003,0.94,0.94,6.09,0.03625,0.12
2021-02-03,0.42000000000000004,0.3125,-1.2,2.1,80.85416666666667,999.8291666666668,998.2,1000.9,2,zima,34,0.5524353131676196,0.8335557718385699,2.699999999999932,1.1583333333335304,-1.004166666666606,2.5625,999.7777777777778,996.9392857142857,1.1583333333335304,1.0,wzrost_cisnienia,0.0,0.0,1.0,0.94,0.0,0.0,-1.8416666666666668,0.42000000000000004,1.3599999999999999,6.51,0.08791666666666666,0.12
2021-02-04,2.54,-0.225,-2.3,1.4,75.82083333333334,1007.5124999999999,997.9,1016.0,2,zima,35,0.5667017562911176,0.8239230057575542,18.100000000000023,7.683333333333167,8.841666666666697,6.679166666666561,1002.0041666666666,998.5863095238094,7.683333333333167,1.0,wzrost_cisnienia,0.0,0.0,1.0,0.42000000000000004,0.94,0.0,0.3125,2.54,3.9,7.53,0.18083333333333332,0.31
2021-02-05,0.09,-2.5,-4.6,-0.2,69.76666666666667,1017.8416666666667,1016.3,1018.7,2,zima,36,0.5808002734538009,0.8140460935082178,2.400000000000091,10.329166666666765,18.012499999999932,19.170833333333462,1008.3944444444445,1002.2827380952382,10.329166666666765,1.0,wzrost_cisnienia,0.0,0.0,1.0,2.54,0.42000000000000004,0.94,-0.225,0.09,3.05,7.01,0.058750000000000004,0.1
2021-02-06,0.62,-5.116666666666666,-7.7,-1.9,66.32083333333334,1019.9291666666667,1018.4,1020.9,2,zima,37,0.5947266869607634,0.8039279618328213,2.5,2.0874999999999773,12.416666666666742,20.09999999999991,1015.0944444444444,1005.9833333333333,2.0874999999999773,1.0,wzrost_cisnienia,0.0,0.0,1.0,0.09,2.54,0.42000000000000004,-2.5,0.62,3.25,4.609999999999999,-0.02416666666666667,0.03
2021-02-07,0.0,-9.945833333333333,-12.0,-8.1,69.75833333333334,1018.275,1015.3,1021.1,2,zima,38,0.6084768701151261,0.7935716089521474,5.800000000000068,-1.654166666666697,0.4333333333332803,10.762500000000045,1018.6819444444445,1008.9845238095238,1.654166666666697,-1.0,spadek_cisnienia,180.0,1.2246467991473532e-16,-1.0,0.62,0.09,2.54,-5.116666666666666,0.0,0.71,4.609999999999999,-0.13875,-0.1
2021-02-08,1.17,-8.391666666666667,-11.8,-6.4,69.00416666666666,1007.6791666666667,1002.2,1015.1,2,zima,39,0.6220467484408675,0.7829801036770629,12.899999999999977,-10.595833333333303,-12.25,-10.162500000000023,1015.2944444444444,1009.9625,10.595833333333303,-1.0,spadek_cisnienia,180.0,1.2246467991473532e-16,-1.0,0.0,0.62,0.09,-9.945833333333333,1.17,1.79,5.779999999999999,-0.17916666666666667,-0.11
2021-02-09,0.13,-6.9875,-7.7,-6.5,75.99583333333334,1002.6583333333333,1001.3,1004.8,2,zima,40,0.6354323008901774,0.7721565844991642,3.5,-5.020833333333371,-15.616666666666674,-17.27083333333337,1009.5374999999999,1010.532142857143,5.020833333333371,-1.0,spadek_cisnienia,180.0,1.2246467991473532e-16,-1.0,1.17,0.0,0.62,-8.391666666666667,0.13,1.2999999999999998,4.970000000000001,-0.13166666666666668,-0.06
2021-02-10,0.44,-7.420833333333333,-10.0,-5.4,79.01666666666667,1006.4708333333333,1004.7,1011.4,2,zima,41,0.6486295610349814,0.7611042586607747,6.699999999999932,3.8125,-1.2083333333333712,-11.804166666666674,1005.6027777777778,1011.4809523809524,3.8125,1.0,wzrost_cisnienia,0.0,0.0,1.0,0.13,1.17,0.0,-6.9875,0.44,1.74,4.989999999999999,-0.15541666666666668,-0.1
2021-02-11,4.26,-7.008333333333333,-9.4,-3.8,79.62083333333334,1019.1791666666667,1012.0,1025.3,2,zima,42,0.6616346182422783,0.7498264012045686,13.299999999999955,12.708333333333371,16.52083333333337,11.5,1009.4361111111111,1013.147619047619,12.708333333333371,1.0,wzrost_cisnienia,0.0,0.0,1.0,0.44,0.13,1.17,-7.420833333333333,4.26,4.83,6.709999999999999,-0.08916666666666667,-0.04
2021-02-12,1.13,-3.5708333333333333,-8.2,-0.9,69.10000000000001,1026.7291666666667,1025.4,1028.0,2,zima,43,0.6744436188329455,0.7383263540031065,2.599999999999909,7.550000000000068,20.25833333333344,24.07083333333344,1017.4597222222222,1014.417261904762,7.550000000000068,1.0,wzrost_cisnienia,0.0,0.0,1.0,4.26,0.44,0.13,-7.008333333333333,1.13,5.83,7.749999999999999,-0.12708333333333335,-0.07
2021-02-13,4.24,0.3333333333333333,-1.3,2.5,68.54583333333333,1028.6833333333334,1027.3,1029.5,2,zima,44,0.6870527672236669,0.7266075247685656,2.2000000000000455,1.9541666666666515,9.50416666666672,22.21250000000009,1024.8638888888888,1015.6678571428572,1.9541666666666515,1.0,wzrost_cisnienia,0.0,0.0,1.0,1.13,4.26,0.44,-3.5708333333333333,4.24,9.629999999999999,11.37,-0.05875,-0.01
2021-02-14,0.0,0.275,-2.4,3.9,60.25416666666666,1029.425,1028.4,1030.5,2,zima,45,0.6994583270516471,0.7146733860429609,2.099999999999909,0.7416666666665606,2.695833333333212,10.24583333333328,1028.279166666667,1017.2607142857144,0.7416666666665606,1.0,wzrost_cisnienia,0.0,0.0,1.0,4.24,1.13,4.26,0.3333333333333333,0.0,5.37,11.37,-0.08666666666666667,-0.04
2021-02-15,0.0,-1.0833333333333333,-5.3,2.6,65.17916666666666,1028.6291666666666,1024.5,1030.4,2,zima,46,0.7116566222817746,0.702527474169157,5.900000000000091,-0.7958333333333485,-0.05416666666678793,1.8999999999998636,1028.9125000000001,1020.2535714285714,0.7958333333333485,-1.0,spadek_cisnienia,180.0,1.2246467991473532e-16,-1.0,0.0,4.24,1.13,0.275,0.0,4.24,10.2,-0.2558333333333333,-0.12
2021-02-16,0.0,-4.833333333333333,-8.3,-2.0,78.75,1017.2875,1011.8,1024.1,2,zima,47,0.7236440382959124,0.6901733882429719,12.299999999999955,-11.341666666666583,-12.137499999999932,-11.395833333333371,1025.1138888888888,1022.3434523809523,11.341666666666583,-1.0,spadek_cisnienia,180.0,1.2246467991473532e-16,-1.0,0.0,0.0,4.24,-1.0833333333333333,0.0,0.0,10.069999999999999,-0.3283333333333333,-0.2
2021-02-17,6.82,-2.1999999999999997,-3.5,-1.1,88.175,1011.1416666666668,1009.4,1014.8,2,zima,48,0.7354170229639855,0.6776147890466889,5.399999999999977,-6.1458333333332575,-17.48749999999984,-18.28333333333319,1019.0194444444445,1023.0107142857144,6.1458333333332575,-1.0,spadek_cisnienia,180.0,1.2246467991473532e-16,-1.0,0.0,0.0,0.0,-4.833333333333333,6.82,6.82,16.45,-0.25916666666666666,-0.2
2021-02-18,0.0,-6.429166666666666,-8.7,-2.8,69.8,1018.1208333333334,1015.3,1020.0,2,zima,49,0.7469720876965552,0.6648553979642865,4.7000000000000455,6.979166666666629,0.8333333333333712,-10.508333333333212,1015.5166666666668,1022.8595238095238,6.979166666666629,1.0,wzrost_cisnienia,0.0,0.0,1.0,6.82,0.0,0.0,-2.1999999999999997,0.0,6.82,12.19,-0.3416666666666666,-0.22
2021-02-19,1.1700000000000002,-1.6958333333333335,-6.4,3.2,86.45416666666667,1012.0083333333333,1009.9,1015.3,2,zima,50,0.7583058084785625,0.6518989958787126,5.399999999999977,-6.112500000000068,0.8666666666665606,-5.279166666666697,1013.7569444444445,1020.7565476190476,6.112500000000068,-1.0,spadek_cisnienia,180.0,1.2246467991473532e-16,-1.0,0.0,6.82,0.0,-6.429166666666666,1.1700000000000002,7.99,12.229999999999999,-0.3745833333333333,-0.25
2021-02-20,0.0,3.2541666666666664,1.5,7.0,84.97916666666667,1017.875,1015.7,1019.1,2,zima,51,0.7694148268839378,0.6387494220515272,3.3999999999999773,5.866666666666674,-0.24583333333339397,6.733333333333235,1016.0013888888889,1019.2125,5.866666666666674,1.0,wzrost_cisnienia,0.0,0.0,1.0,1.1700000000000002,0.0,6.82,-1.6958333333333335,0.0,1.1700000000000002,7.989999999999999,-0.32583333333333336,-0.28
2021-02-21,0.0,3.275,0.3,7.1,76.52916666666667,1016.525,1015.9,1017.3,2,zima,52,0.7802958510707755,0.6254105729852463,1.3999999999999773,-1.3500000000000227,4.5166666666666515,-1.5958333333334167,1015.4694444444444,1017.3696428571428,1.3500000000000227,-1.0,spadek_cisnienia,180.0,1.2246467991473532e-16,-1.0,0.0,1.1700000000000002,0.0,3.2541666666666664,0.0,1.1700000000000002,7.989999999999999,-0.2920833333333333,-0.21
2021-02-22,0.0,2.4541666666666666,-0.6,5.9,83.20833333333333,1018.8458333333333,1017.5,1021.2,2,zima,53,0.7909456567567772,0.6118864012687243,3.7000000000000455,2.3208333333333258,0.970833333333303,6.837499999999977,1017.7486111111111,1015.9720238095239,2.3208333333333258,1.0,wzrost_cisnienia,0.0,0.0,1.0,0.0,0.0,1.1700000000000002,3.275,0.0,0.0,7.989999999999999,-0.2041666666666667,-0.12
2021-02-23,0.0,5.966666666666666,-0.5,13.4,72.81666666666666,1024.1958333333334,1021.7,1026.5,2,zima,54,0.8013610881746766,0.5981809144059164,4.7999999999999545,5.350000000000136,7.670833333333462,6.320833333333439,1019.8555555555555,1016.9589285714286,5.350000000000136,1.0,wzrost_cisnienia,0.0,0.0,1.0,0.0,0.0,0.0,2.4541666666666666,0.0,0.0,7.989999999999999,-0.23375,-0.17
2021-02-24,0.0,11.104166666666666,8.4,15.5,68.70416666666667,1025.0166666666667,1023.5,1026.5,2,zima,55,0.8115390590073611,0.5842981736283683,3.0,0.8208333333332121,6.1708333333333485,8.491666666666674,1022.6861111111111,1018.9410714285714,0.8208333333332121,1.0,wzrost_cisnienia,0.0,0.0,1.0,0.0,0.0,0.0,5.966666666666666,0.0,0.0,1.1699999999999993,-0.21708333333333332,-0.1
2021-02-25,0.0,12.179166666666667,7.9,17.0,66.2625,1020.5166666666668,1018.1,1023.2,2,zima,56,0.8214765533024142,0.5702422926917871,5.100000000000023,-4.499999999999886,-3.6791666666666742,1.6708333333334622,1023.2430555555557,1019.2833333333334,4.499999999999886,-1.0,spadek_cisnienia,180.0,1.2246467991473532e-16,-1.0,0.0,0.0,0.0,11.104166666666666,0.0,0.0,1.1699999999999993,-0.23875000000000002,-0.13
2021-02-26,0.0,7.25,5.6,10.3,70.18333333333334,1018.0,1017.0,1018.9,2,zima,57,0.8311706263658079,0.5560174366570446,1.8999999999999773,-2.516666666666765,-7.0166666666666515,-6.195833333333439,1021.1777777777778,1020.1392857142856,2.516666666666765,-1.0,spadek_cisnienia,180.0,1.2246467991473532e-16,-1.0,0.0,0.0,0.0,12.179166666666667,0.0,0.0,0.0,-0.13958333333333334,-0.01
2021-02-27,0.0,5.2875000000000005,2.6,8.3,66.45833333333333,1025.7083333333333,1019.4,1029.1,2,zima,58,0.8406184056344782,0.5416278206559814,9.699999999999932,7.7083333333332575,5.191666666666492,0.691666666666606,1021.4083333333334,1021.2583333333332,7.7083333333332575,1.0,wzrost_cisnienia,0.0,0.0,1.0,0.0,0.0,0.0,7.25,0.0,0.0,0.0,-0.00041666666666666675,0.09
2021-02-28,0.0,4.5874999999999995,3.2,6.6,81.22083333333333,1026.5041666666666,1025.3,1028.1,2,zima,59,0.8498170915275278,0.5270777086423722,2.7999999999999545,0.7958333333333485,8.504166666666606,5.987499999999841,1023.4041666666666,1022.6839285714286,0.7958333333333485,1.0,wzrost_cisnienia,0.0,0.0,1.0,0.0,0.0,0.0,5.2875000000000005,0.0,0.0,0.0,-0.0175,0.06
2021-03-01,0.0,5.545833333333333,2.3,11.1,75.5625,1027.9708333333333,1026.0,1029.3,3,wiosna,60,0.8587639582758029,0.5123714121284237,3.2999999999999545,1.466666666666697,2.2625000000000455,9.970833333333303,1026.7277777777779,1023.9875000000001,1.466666666666697,1.0,wzrost_cisnienia,0.0,0.0,1.0,0.0,0.0,0.0,4.5874999999999995,0.0,0.0,0.0,-0.06958333333333333,0.0
2021-03-02,0.0,3.0625,1.9,4.3,83.2,1027.5791666666667,1025.5,1029.1,3,wiosna,61,0.8674563547295968,0.49751328890718066,3.599999999999909,-0.3916666666666515,1.0750000000000455,1.870833333333394,1027.351388888889,1024.4708333333333,0.3916666666666515,-1.0,spadek_cisnienia,180.0,1.2246467991473532e-16,-1.0,0.0,0.0,0.0,5.545833333333333,0.0,0.0,0.0,-0.03666666666666667,0.01
2021-03-03,0.0,4.029166666666667,0.0,11.3,73.4375,1020.9833333333332,1011.3,1028.6,3,wiosna,62,0.8758917051442429,0.48250774176121847,17.299999999999955,-6.595833333333417,-6.987500000000068,-5.520833333333371,1025.5111111111112,1023.8946428571428,6.595833333333417,-1.0,spadek_cisnienia,180.0,1.2246467991473532e-16,-1.0,0.0,0.0,0.0,3.0625,0.0,0.0,0.0,-0.10291666666666667,-0.04
2021-03-04,0.49,2.1708333333333334,0.8,3.9,75.12083333333334,1010.3041666666667,1008.5,1013.0,3,wiosna,63,0.8840675099433636,0.46735921715800227,4.5,-10.67916666666656,-17.274999999999977,-17.66666666666663,1019.6222222222223,1022.4357142857143,10.67916666666656,-1.0,spadek_cisnienia,180.0,1.2246467991473532e-16,-1.0,0.0,0.0,0.0,4.029166666666667,0.49,0.49,0.4899999999999991,0.050833333333333335,0.1
2021-03-05,0.17,1.2,-1.0,4.2,65.56666666666666,1017.2916666666666,1013.3,1022.6,3,wiosna,64,0.8919813464595485,0.45207220393230435,9.300000000000068,6.9874999999999545,-3.691666666666606,-10.287500000000023,1016.1930555555556,1022.3345238095237,6.9874999999999545,1.0,wzrost_cisnienia,0.0,0.0,1.0,0.49,0.0,0.0,2.1708333333333334,0.17,0.66,0.6599999999999991,0.035,0.08
2021-03-06,0.0,2.504166666666667,-1.8,6.2,62.94583333333333,1019.7291666666666,1012.5,1023.0,3,wiosna,65,0.8996308696522433,0.43665123195606403,10.5,2.4375,9.424999999999955,-1.254166666666606,1015.7750000000001,1021.4803571428572,2.4375,1.0,wzrost_cisnienia,0.0,0.0,1.0,0.17,0.49,0.0,1.2,0.0,0.66,0.6599999999999991,-0.12291666666666667,0.0
2021-03-07,3.96,1.8458333333333332,-1.6,4.1,81.36666666666666,1008.8041666666667,1006.7,1011.7,3,wiosna,66,0.9070138128026359,0.4211008707960896,5.0,-10.924999999999955,-8.487499999999955,-1.5,1015.2750000000001,1018.9517857142857,10.924999999999955,-1.0,spadek_cisnienia,180.0,1.2246467991473532e-16,-1.0,0.0,0.17,0.49,2.504166666666667,3.96,4.13,4.619999999999999,0.12875,0.34
2021-03-08,2.02,-0.15416666666666667,-2.1,1.9,79.03333333333333,1015.3458333333333,1011.3,1018.5,3,wiosna,67,0.9141279881853337,0.40542572835999735,7.2000000000000455,6.541666666666629,-4.383333333333326,-1.9458333333333258,1014.626388888889,1017.1482142857142,6.541666666666629,1.0,wzrost_cisnienia,0.0,0.0,1.0,3.96,0.0,0.17,1.8458333333333332,2.02,5.98,6.639999999999999,0.19041666666666668,0.34
2021-03-09,0.5900000000000001,-0.5666666666666668,-3.3,1.7,76.39999999999999,1017.775,1016.5,1018.8,3,wiosna,68,0.9209712877166346,0.38963044953078796,2.2999999999999545,2.4291666666666742,8.970833333333303,-1.9541666666666515,1013.975,1015.7476190476191,2.4291666666666742,1.0,wzrost_cisnienia,0.0,0.0,1.0,2.02,3.96,0.0,-0.15416666666666667,0.5900000000000001,6.57,7.2299999999999995,-0.043333333333333335,0.02
2021-03-10,0.0,0.21250000000000002,-3.9,5.2,64.24583333333334,1016.3583333333332,1014.7,1017.3,3,wiosna,69,0.9275416835791966,0.37371971479046906,2.599999999999909,-1.4166666666667425,1.0124999999999318,7.554166666666561,1016.4930555555555,1015.0869047619046,1.4166666666667425,-1.0,spadek_cisnienia,180.0,1.2246467991473532e-16,-1.0,0.5900000000000001,2.02,3.96,-0.5666666666666668,0.0,2.6100000000000003,7.2299999999999995,0.015000000000000001,0.12
2021-03-11,2.47,-0.012499999999999992,-2.7,4.5,78.39583333333333,1000.4166666666666,987.3,1014.0,3,wiosna,70,0.9338372288229252,0.35769823883312546,26.700000000000045,-15.941666666666606,-17.35833333333335,-14.929166666666674,1011.5166666666668,1013.6744047619047,15.941666666666606,-1.0,spadek_cisnienia,180.0,1.2246467991473532e-16,-1.0,0.0,0.5900000000000001,2.02,0.21250000000000002,2.47,3.06,9.209999999999999,-0.32625,-0.11
2021-03-12,0.6100000000000001,5.829166666666667,2.1,8.3,69.21666666666667,993.3249999999999,987.5,998.2,3,wiosna,71,0.9398560579418954,0.3415707691678556,10.700000000000045,-7.091666666666697,-23.033333333333303,-24.450000000000045,1003.3666666666667,1010.2505952380952,7.091666666666697,-1.0,spadek_cisnienia,180.0,1.2246467991473532e-16,-1.0,2.47,0.0,0.5900000000000001,-0.012499999999999992,0.6100000000000001,3.08,9.649999999999999,-0.15958333333333333,0.01
2021-03-13,3.71,5.408333333333334,1.8,8.6,75.18333333333334,991.9583333333334,987.2,996.2,3,wiosna,72,0.9455963874271426,0.3253420847119801,9.0,-1.3666666666665606,-8.458333333333258,-24.399999999999864,995.2333333333335,1006.2833333333334,1.3666666666665606,-1.0,spadek_cisnienia,180.0,1.2246467991473532e-16,-1.0,0.6100000000000001,2.47,0.0,5.829166666666667,3.71,6.79,13.36,-0.06708333333333334,0.11
2021-03-14,0.61,4.629166666666666,2.7,6.0,77.87916666666666,991.5583333333334,985.8,999.8,3,wiosna,73,0.9510565162951535,0.30901699437494745,14.0,-0.39999999999997726,-1.7666666666665378,-8.858333333333235,992.2805555555557,1003.8196428571428,0.39999999999997726,-1.0,spadek_cisnienia,180.0,1.2246467991473532e-16,-1.0,3.71,0.6100000000000001,2.47,5.408333333333334,0.61,4.930000000000001,10.009999999999998,0.05708333333333334,0.13
2021-03-15,0.25,4.433333333333334,1.6,7.7,76.675,1001.1625,999.2,1003.9,3,wiosna,74,0.9562348265919056,0.29260033563334836,4.699999999999932,9.604166666666629,9.204166666666652,7.837500000000091,994.8930555555557,1001.7934523809524,9.604166666666629,1.0,wzrost_cisnienia,0.0,0.0,1.0,0.61,3.71,0.6100000000000001,4.629166666666666,0.25,4.57,8.239999999999998,0.03375,0.08
2021-03-16,0.0,3.141666666666667,-1.0,7.1,83.5125,1008.9,1004.2,1013.0,3,wiosna,75,0.9611297838723007,0.27609697309746883,8.799999999999955,7.7374999999999545,17.341666666666583,16.941666666666606,1000.5402777777778,1000.5255952380952,7.7374999999999545,1.0,wzrost_cisnienia,0.0,0.0,1.0,0.25,0.61,3.71,4.433333333333334,0.0,0.86,7.6499999999999995,0.11125,0.16
2021-03-17,0.21,2.8083333333333336,1.3,4.7,77.19583333333334,1015.8625000000001,1013.1,1017.8,3,wiosna,76,0.9657399376548549,0.2595117970697999,4.699999999999932,6.962500000000091,14.700000000000045,24.304166666666674,1008.6416666666668,1000.4547619047619,6.962500000000091,1.0,wzrost_cisnienia,0.0,0.0,1.0,0.0,0.25,0.61,3.141666666666667,0.21,0.45999999999999996,7.859999999999999,0.13375,0.16
2021-03-18,0.5800000000000001,1.7291666666666667,0.0,3.6,70.88333333333334,1015.3333333333334,1013.3,1017.8,3,wiosna,77,0.970063921851507,0.2428497220959356,4.5,-0.529166666666697,6.433333333333394,14.170833333333348,1013.3652777777779,1002.5857142857143,0.529166666666697,-1.0,spadek_cisnienia,180.0,1.2246467991473532e-16,-1.0,0.21,0.0,0.25,2.8083333333333336,0.5800000000000001,0.79,5.97,0.09500000000000001,0.14
2021-03-19,2.53,0.09166666666666667,-1.5,1.7,67.89166666666667,1016.3125,1012.6,1019.8,3,wiosna,78,0.9741004551724205,0.22611568550828828,7.199999999999932,0.9791666666666288,0.4499999999999318,7.412500000000023,1015.8361111111112,1005.8696428571429,0.9791666666666288,1.0,wzrost_cisnienia,0.0,0.0,1.0,0.5800000000000001,0.21,0.0,1.7291666666666667,2.53,3.32,7.889999999999999,0.22666666666666668,0.31
2021-03-20,0.09,0.7166666666666667,-2.6,3.5,57.604166666666664,1017.1833333333334,1008.4,1020.7,3,wiosna,79,0.9778483415056568,0.20931464596304847,12.300000000000068,0.870833333333394,1.8500000000000227,1.3208333333333258,1016.276388888889,1009.4732142857144,0.870833333333394,1.0,wzrost_cisnienia,0.0,0.0,1.0,2.53,0.5800000000000001,0.21,0.09166666666666667,0.09,3.1999999999999997,4.269999999999999,-0.07833333333333334,0.09
2021-03-21,0.13,3.0999999999999996,1.3,5.8,70.27916666666667,1003.9375,1000.1,1007.9,3,wiosna,80,0.9813064702716093,0.19245158197082998,7.7999999999999545,-13.245833333333394,-12.375,-11.395833333333371,1012.4777777777778,1011.2416666666668,13.245833333333394,-1.0,spadek_cisnienia,180.0,1.2246467991473532e-16,-1.0,0.09,2.53,0.5800000000000001,0.7166666666666667,0.13,2.75,3.789999999999999,0.02791666666666667,0.19
2021-03-22,0.0,4.954166666666667,2.4,8.3,49.300000000000004,1010.625,1008.1,1012.0,3,wiosna,81,0.9844738167520922,0.1755314904214282,3.8999999999999773,6.6875,-6.558333333333394,-5.6875,1010.5819444444445,1012.5934523809525,6.6875,1.0,wzrost_cisnienia,0.0,0.0,1.0,0.13,0.09,2.53,3.0999999999999996,0.0,0.22,3.539999999999999,0.06125,0.12
2021-03-23,0.0,6.133333333333333,2.7,10.8,69.325,1014.6708333333332,1011.6,1017.8,3,wiosna,82,0.9873494423939864,0.15855938510313478,6.199999999999932,4.045833333333235,10.733333333333235,-2.512500000000159,1009.7444444444445,1013.4178571428572,4.045833333333235,1.0,wzrost_cisnienia,0.0,0.0,1.0,0.0,0.13,0.09,4.954166666666667,0.0,0.13,3.539999999999999,0.006666666666666667,0.08
2021-03-24,0.0,6.3625,3.8,8.2,66.5,1017.2624999999999,1016.3,1018.0,3,wiosna,83,0.989932495087353,0.141540295217043,1.7000000000000455,2.591666666666697,6.637499999999932,13.324999999999932,1014.1861111111111,1013.6178571428572,2.591666666666697,1.0,wzrost_cisnienia,0.0,0.0,1.0,0.0,0.0,0.13,6.133333333333333,0.0,0.0,3.329999999999999,-0.08833333333333333,-0.04
2021-03-25,0.0,6.833333333333333,2.3,12.6,68.04166666666667,1015.2583333333333,1014.1,1016.5,3,wiosna,84,0.9922222094179323,0.12447926388678915,2.3999999999999773,-2.004166666666606,0.587500000000091,4.633333333333326,1015.7305555555555,1013.6071428571429,2.004166666666606,-1.0,spadek_cisnienia,180.0,1.2246467991473532e-16,-1.0,0.0,0.0,0.0,6.3625,0.0,0.0,2.749999999999999,-0.03958333333333334,0.04
2021-03-26,0.0,8.4375,0.4,14.6,68.17083333333333,1015.8833333333333,1014.2,1017.0,3,wiosna,85,0.994217906893952,0.10738134666416309,2.7999999999999545,0.625,-1.379166666666606,1.212500000000091,1016.1347222222224,1013.5458333333333,0.625,1.0,wzrost_cisnienia,0.0,0.0,1.0,0.0,0.0,0.0,6.833333333333333,0.0,0.0,0.2199999999999991,-0.029583333333333336,0.03
2021-03-27,0.0,8.704166666666667,4.7,15.6,67.70416666666667,1011.4125,1007.8,1015.7,3,wiosna,86,0.995918996147179,0.09025161003104117,7.900000000000091,-4.470833333333303,-3.845833333333303,-5.849999999999909,1014.1847222222223,1012.7214285714284,4.470833333333303,-1.0,spadek_cisnienia,180.0,1.2246467991473532e-16,-1.0,0.0,0.0,0.0,8.4375,0.0,0.0,0.12999999999999912,-0.005416666666666667,0.18
2021-03-28,0.0,7.2,4.7,9.3,60.93181818181818,1020.0136363636364,1016.2,1021.5,3,wiosna,87,0.9973249731081555,0.07309512989807777,5.2999999999999545,8.601136363636328,4.1303030303030255,4.7553030303030255,1015.7698232323233,1015.0180194805195,8.601136363636328,1.0,wzrost_cisnienia,0.0,0.0,1.0,0.0,0.0,0.0,8.704166666666667,0.0,0.0,0.0,-0.07909090909090909,0.0
2021-03-29,1.42,9.358333333333333,7.0,11.7,79.71666666666667,1020.3541666666666,1019.6,1021.3,3,wiosna,88,0.9984354211555643,0.055916990100603484,1.6999999999999318,0.34053030303027754,8.941666666666606,4.470833333333303,1017.260101010101,1016.4079004329004,0.34053030303027754,1.0,wzrost_cisnienia,0.0,0.0,1.0,0.0,0.0,0.0,7.2,1.42,1.42,1.419999999999999,-0.06541666666666666,0.02
2021-03-30,0.0,14.108333333333334,10.6,19.1,69.43333333333334,1021.5875,1020.7,1022.8,3,wiosna,89,0.9992500112396835,0.03872228089217446,2.099999999999909,1.2333333333333485,1.573863636363626,10.174999999999955,1020.6517676767677,1017.3959956709957,1.2333333333333485,1.0,wzrost_cisnienia,0.0,0.0,1.0,1.42,0.0,0.0,9.358333333333333,0.0,1.42,1.419999999999999,-0.034999999999999996,0.07
2021-03-31,0.0,13.862499999999999,6.5,21.0,47.85833333333333,1017.7958333333332,1013.8,1020.8,3,wiosna,90,0.9997685019798909,0.021516097436222254,7.0,-3.7916666666667425,-2.558333333333394,-2.2178030303031164,1019.9125,1017.4721861471862,3.7916666666667425,-1.0,spadek_cisnienia,180.0,1.2246467991473532e-16,-1.0,0.0,1.42,0.0,14.108333333333334,0.0,1.42,1.419999999999999,0.015,0.09
2021-04-01,0.7,6.625,2.9,14.0,71.83333333333333,1011.9875000000001,1008.9,1015.0,4,wiosna,91,0.9999907397361901,0.004303538296244289,6.100000000000023,-5.808333333333167,-9.599999999999909,-8.36666666666656,1017.1236111111111,1017.0049242424242,5.808333333333167,-1.0,spadek_cisnienia,180.0,1.2246467991473532e-16,-1.0,0.0,0.0,1.42,13.862499999999999,0.7,0.7,2.119999999999999,0.09666666666666666,0.17
2021-04-02,0.0,5.104166666666667,0.3,9.7,67.11666666666666,1012.1625,1009.7,1015.6,4,wiosna,92,0.9999166586547379,-0.01291029607500882,5.899999999999977,0.17499999999995453,-5.633333333333212,-9.424999999999955,1013.9819444444444,1016.4733766233766,0.17499999999995453,1.0,wzrost_cisnienia,0.0,0.0,1.0,0.7,0.0,0.0,6.625,0.0,0.7,2.119999999999999,0.04,0.09
2021-04-03,0.33,4.279166666666667,2.0,6.5,71.04166666666667,1013.8291666666668,1010.1,1017.4,4,wiosna,93,0.9995462806873573,-0.030120304846908114,7.2999999999999545,1.6666666666667425,1.841666666666697,-3.9666666666664696,1012.6597222222223,1016.8186147186149,1.6666666666667425,1.0,wzrost_cisnienia,0.0,0.0,1.0,0.0,0.7,0.0,5.104166666666667,0.33,1.03,2.449999999999999,0.11541666666666667,0.18
2021-04-04,0.0,6.125,1.5,11.3,56.0625,1012.0208333333334,1002.6,1017.4,4,wiosna,94,0.9988797155850336,-0.04732138832243185,14.799999999999955,-1.808333333333394,-0.1416666666666515,0.03333333333330302,1012.6708333333335,1015.6767857142858,1.808333333333394,-1.0,spadek_cisnienia,180.0,1.2246467991473532e-16,-1.0,0.33,0.0,0.7,4.279166666666667,0.0,0.33,2.449999999999999,-0.05833333333333333,0.0
2021-04-05,2.3,3.8791666666666664,-0.8,6.1,72.0125,991.1708333333332,987.3,1001.2,4,wiosna,95,0.9979171608653922,-0.06450844944931623,13.900000000000091,-20.850000000000136,-22.65833333333353,-20.991666666666788,1005.6736111111112,1011.5077380952381,20.850000000000136,-1.0,spadek_cisnienia,180.0,1.2246467991473532e-16,-1.0,0.0,0.33,0.0,6.125,2.3,2.63,3.3299999999999987,-0.07375,0.26
2021-04-06,0.0,2.8249999999999997,-0.6,6.3,68.97916666666667,994.4250000000001,990.7,996.7,4,wiosna,96,0.9966589017541702,-0.08167639533042241,6.0,3.2541666666668334,-17.595833333333303,-19.404166666666697,999.2055555555556,1007.6273809523809,3.2541666666668334,1.0,wzrost_cisnienia,0.0,0.0,1.0,2.3,0.0,0.33,3.8791666666666664,0.0,2.3,3.3299999999999987,0.06208333333333333,0.2
2021-04-07,0.0,3.7125,0.2,7.9,63.27916666666667,998.65,996.1,1001.5,4,wiosna,97,0.9951053111006976,-0.09882013873287143,5.399999999999977,4.224999999999909,7.4791666666667425,-13.370833333333394,994.7486111111111,1004.8922619047619,4.224999999999909,1.0,wzrost_cisnienia,0.0,0.0,1.0,0.0,2.3,0.0,2.8249999999999997,0.0,2.3,3.3299999999999987,0.14208333333333334,0.24
2021-04-08,0.77,5.5,2.7,9.1,59.300000000000004,1007.5041666666666,1001.3,1013.4,4,wiosna,98,0.9932568492674143,-0.11593459959550041,12.100000000000023,8.854166666666629,13.079166666666538,16.33333333333337,1000.1930555555556,1004.2517857142857,8.854166666666629,1.0,wzrost_cisnienia,0.0,0.0,1.0,0.0,0.0,2.3,3.7125,0.77,0.77,3.399999999999999,0.20458333333333334,0.29
2021-04-09,0.0,6.958333333333333,2.4,11.3,50.525,1009.3208333333333,1006.9,1013.4,4,wiosna,99,0.9911140639934547,-0.1330147065341959,6.5,1.8166666666667197,10.670833333333348,14.895833333333258,1005.1583333333334,1003.8458333333334,1.8166666666667197,1.0,wzrost_cisnienia,0.0,0.0,1.0,0.77,0.0,0.0,5.5,0.0,0.77,3.3999999999999986,-0.02666666666666667,0.13
2021-04-10,0.07,5.8625,4.0,8.7,64.5,1011.1750000000001,1007.1,1015.4,4,wiosna,100,0.9886775902323405,-0.1500553983446526,8.299999999999955,1.8541666666667425,3.670833333333462,12.525000000000091,1009.3333333333334,1003.4666666666666,1.8541666666667425,1.0,wzrost_cisnienia,0.0,0.0,1.0,0.0,0.77,0.0,6.958333333333333,0.07,0.8400000000000001,3.139999999999999,0.12208333333333334,0.21
2021-04-11,0.0,10.754166666666668,3.4,19.9,54.637499999999996,1011.4958333333334,1008.0,1015.5,4,wiosna,101,0.9859481499638304,-0.16705162550211924,7.5,0.32083333333332575,2.175000000000068,3.991666666666788,1010.6638888888889,1003.3916666666667,0.32083333333332575,1.0,wzrost_cisnienia,0.0,0.0,1.0,0.07,0.0,0.77,5.8625,0.0,0.07,3.139999999999999,0.21,0.37
2021-04-12,0.6100000000000001,6.808333333333334,3.4,10.8,72.75,1013.8041666666667,1008.8,1019.4,4,wiosna,102,0.9829265519799822,-0.18399835165768005,10.600000000000023,2.3083333333332803,2.629166666666606,4.4833333333333485,1012.1583333333334,1006.625,2.3083333333332803,1.0,wzrost_cisnienia,0.0,0.0,1.0,0.0,0.07,0.0,10.754166666666668,0.6100000000000001,0.6800000000000002,1.4499999999999993,0.22791666666666666,0.35
2021-04-13,0.0,5.666666666666667,3.2,9.3,64.95833333333333,1020.4333333333334,1019.6,1021.2,4,wiosna,103,0.9796136916454901,-0.20089055513063506,1.6000000000000227,6.62916666666672,8.9375,9.258333333333326,1015.2444444444445,1010.3404761904764,6.62916666666672,1.0,wzrost_cisnienia,0.0,0.0,1.0,0.6100000000000001,0.0,0.07,6.808333333333334,0.0,0.6100000000000001,1.4499999999999993,0.17333333333333334,0.22
2021-04-14,0.0,4.908333333333333,2.5,7.4,73.44166666666666,1019.8249999999999,1018.5,1020.8,4,wiosna,104,0.9760105506323683,-0.21772323039653177,2.2999999999999545,-0.6083333333334622,6.0208333333332575,8.329166666666538,1018.0208333333334,1013.3654761904762,0.6083333333334622,-1.0,spadek_cisnienia,180.0,1.2246467991473532e-16,-1.0,0.0,0.6100000000000001,0.0,5.666666666666667,0.0,0.6100000000000001,1.4499999999999993,0.23750000000000002,0.31
2021-04-15,2.6,4.5874999999999995,3.4,5.3,79.675,1019.0083333333333,1017.9,1020.4,4,wiosna,105,0.9721181966290613,-0.23449138957040985,2.5,-0.816666666666606,-1.4250000000000682,5.2041666666666515,1019.7555555555556,1015.0089285714286,0.816666666666606,-1.0,spadek_cisnienia,180.0,1.2246467991473532e-16,-1.0,0.0,0.0,0.6100000000000001,4.908333333333333,2.6,2.6,3.2799999999999994,0.3408333333333333,0.43
2021-04-16,0.12,5.458333333333333,4.7,6.3,75.89583333333333,1016.0708333333333,1015.0,1017.7,4,wiosna,106,0.9679377830240642,-0.25119006388481935,2.7000000000000455,-2.9375,-3.754166666666606,-4.362500000000068,1018.3013888888889,1015.9732142857143,2.9375,-1.0,spadek_cisnienia,180.0,1.2246467991473532e-16,-1.0,2.6,0.0,0.0,4.5874999999999995,0.12,2.72,3.3999999999999995,0.3045833333333334,0.36
2021-04-17,0.16,7.533333333333334,5.4,9.5,72.89999999999999,1016.4125,1015.1,1017.5,4,wiosna,107,0.9634705485641488,-0.2678143051621742,2.3999999999999773,0.341666666666697,-2.595833333333303,-3.412499999999909,1017.1638888888889,1016.7214285714286,0.341666666666697,1.0,wzrost_cisnienia,0.0,0.0,1.0,0.12,2.6,0.0,5.458333333333333,0.16,2.88,3.4899999999999993,0.225,0.3
2021-04-18,0.0,10.333333333333334,6.6,15.3,64.89999999999999,1016.9166666666666,1016.2,1017.5,4,wiosna,108,0.9587178169872964,-0.2843591872810034,1.2999999999999545,0.504166666666606,0.845833333333303,-2.091666666666697,1016.4666666666667,1017.4958333333333,0.504166666666606,1.0,wzrost_cisnienia,0.0,0.0,1.0,0.16,0.12,2.6,7.533333333333334,0.0,0.28,3.4899999999999993,0.17250000000000001,0.23
2021-04-19,0.0,10.225,7.3,13.3,54.78333333333333,1015.1583333333333,1013.4,1016.5,4,wiosna,109,0.9536809966304457,-0.30081980763566735,3.1000000000000227,-1.7583333333333258,-1.2541666666667197,-0.9125000000000227,1016.1625,1017.6892857142857,1.7583333333333258,-1.0,spadek_cisnienia,180.0,1.2246467991473532e-16,-1.0,0.0,0.16,0.12,10.333333333333334,0.0,0.16,2.879999999999999,0.14041666666666666,0.17
2021-04-20,0.0,9.9,5.3,15.5,58.86666666666667,1010.5916666666667,1008.3,1013.2,4,wiosna,110,0.9483615800121715,-0.3171912885891061,4.900000000000091,-4.566666666666606,-6.324999999999932,-5.820833333333326,1014.2222222222223,1016.2833333333332,4.566666666666606,-1.0,spadek_cisnienia,180.0,1.2246467991473532e-16,-1.0,0.0,0.0,0.16,10.225,0.0,0.0,2.879999999999999,0.08208333333333333,0.12
2021-04-21,0.0,10.779166666666667,4.3,16.8,51.725,1005.7624999999999,1004.0,1008.2,4,wiosna,111,0.9427611433904207,-0.3334687789181868,4.2000000000000455,-4.829166666666765,-9.395833333333371,-11.154166666666697,1010.5041666666667,1014.2744047619047,4.829166666666765,-1.0,spadek_cisnienia,180.0,1.2246467991473532e-16,-1.0,0.0,0.0,0.0,9.9,0.0,0.0,2.879999999999999,0.0062499999999999995,0.04
2021-04-22,2.0,5.1000000000000005,3.0,7.8,69.74583333333334,1006.6291666666666,1003.9,1010.5,4,wiosna,112,0.9368813462954315,-0.3496474552512284,6.600000000000023,0.8666666666666742,-3.962500000000091,-8.529166666666697,1007.6611111111112,1012.5059523809523,0.8666666666666742,1.0,wzrost_cisnienia,0.0,0.0,1.0,0.0,0.0,0.0,10.779166666666667,2.0,2.0,2.279999999999999,0.08416666666666667,0.23
2021-04-23,0.0,6.720833333333334,3.2,10.0,47.5625,1013.6833333333334,1010.8,1016.6,4,wiosna,113,0.9307239310379795,-0.36572252349726897,5.800000000000068,7.054166666666788,7.920833333333462,3.091666666666697,1008.6916666666667,1012.164880952381,7.054166666666788,1.0,wzrost_cisnienia,0.0,0.0,1.0,2.0,0.0,0.0,5.1000000000000005,0.0,2.0,2.159999999999999,0.18500000000000003,0.27
2021-04-24,0.0,6.329166666666667,2.9,10.1,42.5625,1016.2875,1015.5,1016.9,4,wiosna,114,0.9242907221930934,-0.3816892202666588,1.3999999999999773,2.6041666666666288,9.658333333333417,10.525000000000091,1012.2000000000002,1012.1470238095237,2.6041666666666288,1.0,wzrost_cisnienia,0.0,0.0,1.0,0.0,2.0,0.0,6.720833333333334,0.0,2.0,1.999999999999999,0.17833333333333334,0.22
2021-04-25,1.51,3.7458333333333336,1.5,6.9,64.14583333333333,1016.225,1015.3,1017.2,4,wiosna,115,0.9175836260593937,-0.39754281428255595,1.900000000000091,-0.0625,2.5416666666666288,9.595833333333417,1015.3986111111112,1012.0482142857144,0.0625,-1.0,spadek_cisnienia,180.0,1.2246467991473532e-16,-1.0,0.0,0.0,2.0,6.329166666666667,1.51,1.51,3.509999999999999,0.18291666666666664,0.26
2021-04-26,0.21,3.608333333333333,0.8,5.8,63.01666666666667,1014.9416666666666,1013.8,1016.6,4,wiosna,116,0.9106046300942163,-0.4132786077829042,2.800000000000068,-1.2833333333334167,-1.3458333333334167,1.258333333333212,1015.8180555555556,1012.0172619047619,1.2833333333334167,-1.0,spadek_cisnienia,180.0,1.2246467991473532e-16,-1.0,1.51,0.0,0.0,3.7458333333333336,0.21,1.72,3.719999999999999,0.16208333333333333,0.22
2021-04-27,0.0,5.208333333333333,2.1,8.3,61.291666666666664,1012.6666666666666,1012.1,1013.6,4,wiosna,117,0.9033558023246845,-0.4288919379124835,1.5,-2.2749999999999773,-3.558333333333394,-3.620833333333394,1014.6111111111112,1012.3136904761905,2.2749999999999773,-1.0,spadek_cisnienia,180.0,1.2246467991473532e-16,-1.0,0.21,1.51,0.0,3.608333333333333,0.0,1.72,3.719999999999999,0.05416666666666667,0.12
2021-04-28,0.0,6.5874999999999995,-0.1,11.5,63.6625,1009.975,1006.5,1012.5,4,wiosna,118,0.895839290734909,-0.4443781781046132,6.0,-2.691666666666606,-4.966666666666583,-6.25,1012.5277777777778,1012.9154761904762,2.691666666666606,-1.0,spadek_cisnienia,180.0,1.2246467991473532e-16,-1.0,0.0,0.21,1.51,5.208333333333333,0.0,0.21,3.719999999999999,-0.009583333333333334,0.05
2021-04-29,0.53,9.791666666666666,5.9,13.9,61.39166666666667,1002.725,999.1,1006.6,4,wiosna,119,0.8880573226294932,-0.45973273945210397,7.5,-7.25,-9.941666666666606,-12.216666666666583,1008.4555555555556,1012.3577380952382,7.25,-1.0,spadek_cisnienia,180.0,1.2246467991473532e-16,-1.0,0.0,0.0,0.21,6.5874999999999995,0.53,0.53,2.249999999999999,0.009583333333333334,0.03
2021-04-30,0.8300000000000001,6.945833333333333,3.6,10.8,83.00416666666666,1004.1541666666667,998.5,1011.2,4,wiosna,120,0.8800122039735357,-0.47495107206704995,12.700000000000045,1.4291666666666742,-5.820833333333326,-8.512499999999932,1005.6180555555557,1010.9964285714285,1.4291666666666742,1.0,wzrost_cisnienia,0.0,0.0,1.0,0.53,0.0,0.0,9.791666666666666,0.8300000000000001,1.36,3.079999999999999,0.046250000000000006,0.11
2021-05-01,0.0,6.579166666666667,1.6,10.0,62.791666666666664,1012.2624999999999,1011.2,1013.5,5,wiosna,121,0.8717063187093218,-0.49002866642905923,2.2999999999999545,8.108333333333235,9.537499999999909,2.287499999999909,1006.3805555555556,1010.4214285714286,8.108333333333235,1.0,wzrost_cisnienia,0.0,0.0,1.0,0.8300000000000001,0.53,0.0,6.945833333333333,0.0,1.36,3.079999999999999,-0.05708333333333334,-0.03
2021-05-02,16.32,6.2749999999999995,4.3,7.9,75.42916666666666,1006.7208333333333,1004.4,1010.9,5,wiosna,122,0.8631421280499114,-0.5049610547215204,6.5,-5.541666666666629,2.566666666666606,3.9958333333332803,1007.7125000000001,1009.0636904761905,5.541666666666629,-1.0,spadek_cisnienia,180.0,1.2246467991473532e-16,-1.0,0.0,0.8300000000000001,0.53,6.579166666666667,16.32,17.15,17.89,0.007916666666666666,0.09
2021-05-03,5.45,6.804166666666667,5.1,9.5,67.425,1008.025,1005.2,1009.4,5,wiosna,123,0.854322169749827,-0.5197438121555155,4.199999999999932,1.3041666666666742,-4.2374999999999545,3.8708333333332803,1009.0027777777779,1008.0755952380952,1.3041666666666742,1.0,wzrost_cisnienia,0.0,0.0,1.0,16.32,0.0,0.8300000000000001,6.2749999999999995,5.45,21.77,23.13,-0.006666666666666667,0.08
2021-05-04,0.0,8.970833333333333,3.4,13.9,65.70416666666667,1000.9416666666666,992.3,1008.9,5,wiosna,124,0.8452490573530633,-0.5343725582809787,16.600000000000023,-7.083333333333371,-5.779166666666697,-11.320833333333326,1005.2291666666666,1006.4005952380952,7.083333333333371,-1.0,spadek_cisnienia,180.0,1.2246467991473532e-16,-1.0,5.45,16.32,0.0,6.804166666666667,0.0,21.769999999999996,23.13,-0.09166666666666667,0.06
2021-05-05,0.0,10.758333333333333,8.3,14.0,52.2875,992.5625,991.9,993.3,5,wiosna,125,0.835925479418637,-0.548842958284719,1.3999999999999773,-8.379166666666606,-15.462499999999977,-14.158333333333303,1000.5097222222222,1003.9130952380953,8.379166666666606,-1.0,spadek_cisnienia,180.0,1.2246467991473532e-16,-1.0,0.0,5.45,16.32,8.970833333333333,0.0,5.449999999999997,23.13,-0.02333333333333333,0.1
2021-05-06,0.5,8.275,4.8,11.9,56.0625,996.8666666666667,992.8,1000.5,5,wiosna,126,0.8263541987239096,-0.5631507242749186,7.7000000000000455,4.304166666666674,-4.074999999999932,-11.158333333333303,996.7902777777778,1003.0761904761904,4.304166666666674,1.0,wzrost_cisnienia,0.0,0.0,1.0,0.0,0.0,5.45,10.758333333333333,0.5,0.49999999999999645,23.1,0.009166666666666667,0.1
2021-05-07,0.3,7.404166666666666,2.9,11.9,60.699999999999996,1002.1208333333334,999.9,1006.7,5,wiosna,127,0.8165380514459161,-0.5772916165517272,6.800000000000068,5.25416666666672,9.558333333333394,1.179166666666788,997.1833333333334,1002.7857142857143,5.25416666666672,1.0,wzrost_cisnienia,0.0,0.0,1.0,0.5,0.0,0.0,8.275,0.3,0.7999999999999965,22.57,0.04833333333333333,0.13
2021-05-08,1.03,7.283333333333334,4.0,10.2,71.97500000000001,1011.0916666666667,1007.0,1014.2,5,wiosna,128,0.8064799463209448,-0.5912614448635781,7.2000000000000455,8.970833333333303,14.225000000000023,18.529166666666697,1003.3597222222223,1002.6184523809524,8.970833333333303,1.0,wzrost_cisnienia,0.0,0.0,1.0,0.3,0.5,0.0,7.404166666666666,1.03,1.8299999999999965,23.6,-0.005,0.05
2021-05-09,0.0,12.012500000000001,3.4,20.5,59.28333333333333,1010.8333333333334,1008.1,1014.2,5,wiosna,129,0.7961828637826158,-0.6050560696488488,6.100000000000023,-0.25833333333332575,8.712499999999977,13.966666666666697,1008.0152777777779,1003.2059523809523,0.25833333333332575,-1.0,spadek_cisnienia,180.0,1.2246467991473532e-16,-1.0,1.03,0.3,0.5,7.283333333333334,0.0,1.3299999999999965,7.28,-0.07416666666666667,-0.03
2021-05-10,0.0,17.958333333333332,9.7,25.4,49.375,1007.8125,1006.4,1008.7,5,wiosna,130,0.7856498550787145,-0.6186714032625031,2.300000000000068,-3.0208333333333712,-3.279166666666697,5.691666666666606,1009.9125,1003.1755952380953,3.0208333333333712,-1.0,spadek_cisnienia,180.0,1.2246467991473532e-16,-1.0,0.0,1.03,0.3,12.012500000000001,0.0,1.0299999999999965,1.83,-0.075,-0.01
2021-05-11,0.0,20.474999999999998,12.6,27.0,48.37916666666666,1006.5416666666666,1004.3,1008.3,5,wiosna,131,0.7748840413670407,-0.6321034111873487,4.0,-1.2708333333333712,-4.2916666666667425,-4.550000000000068,1008.3958333333334,1003.9755952380953,1.2708333333333712,-1.0,spadek_cisnienia,180.0,1.2246467991473532e-16,-1.0,0.0,0.0,1.03,17.958333333333332,0.0,0.0,1.83,-0.02666666666666667,0.02
2021-05-12,0.0,20.954166666666666,15.5,26.8,40.362500000000004,1003.4333333333334,1002.4,1004.9,5,wiosna,132,0.7638886127905428,-0.6453481132295501,2.5,-3.108333333333235,-4.379166666666606,-7.399999999999977,1005.9291666666668,1005.5285714285716,3.108333333333235,-1.0,spadek_cisnienia,180.0,1.2246467991473532e-16,-1.0,0.0,0.0,0.0,20.474999999999998,0.0,0.0,1.83,0.01916666666666667,0.09
2021-05-13,0.0,15.504166666666668,10.7,20.5,58.74583333333334,999.85,997.7,1003.2,5,wiosna,133,0.7526668275320084,-0.6584015846980488,5.5,-3.5833333333333712,-6.691666666666606,-7.962499999999977,1003.2750000000001,1005.9547619047619,3.5833333333333712,-1.0,spadek_cisnienia,180.0,1.2246467991473532e-16,-1.0,0.0,0.0,0.0,20.954166666666666,0.0,0.0,1.33,0.022500000000000003,0.07
2021-05-14,0.0,12.179166666666667,9.9,15.0,73.7625,998.5749999999999,997.2,1000.8,5,wiosna,134,0.741222010848596,-0.6712599575675313,3.599999999999909,-1.275000000000091,-4.858333333333462,-7.966666666666697,1000.6194444444445,1005.4482142857142,1.275000000000091,-1.0,spadek_cisnienia,180.0,1.2246467991473532e-16,-1.0,0.0,0.0,0.0,15.504166666666668,0.0,0.0,1.03,0.037083333333333336,0.08
2021-05-15,0.98,12.1,9.5,16.0,83.05416666666666,1002.2208333333333,1000.6,1003.7,5,wiosna,135,0.7295575540864875,-0.6839194216246106,3.1000000000000227,3.6458333333333712,2.3708333333332803,-1.212500000000091,1000.2152777777778,1004.1809523809525,3.6458333333333712,1.0,wzrost_cisnienia,0.0,0.0,1.0,0.0,0.0,0.0,12.179166666666667,0.98,0.9799999999999964,0.98,-0.004583333333333334,0.07
2021-05-16,20.51,12.537500000000001,10.9,16.1,88.89583333333333,1000.1333333333333,998.2,1002.2,5,wiosna,136,0.717676913675962,-0.6963762255968722,4.0,-2.0874999999999773,1.558333333333394,0.283333333333303,1000.3097222222223,1002.6523809523809,2.0874999999999773,-1.0,spadek_cisnienia,180.0,1.2246467991473532e-16,-1.0,0.98,0.0,0.0,12.1,20.51,21.49,21.490000000000002,-0.00041666666666666675,0.05
2021-05-17,2.3499999999999996,12.933333333333332,7.9,19.8,80.69166666666666,999.6041666666666,998.6,1000.9,5,wiosna,137,0.705583610107178,-0.7086266782644596,2.2999999999999545,-0.529166666666697,-2.6166666666666742,1.029166666666697,1000.6527777777778,1001.479761904762,0.529166666666697,-1.0,spadek_cisnienia,180.0,1.2246467991473532e-16,-1.0,20.51,0.98,0.0,12.537500000000001,2.3499999999999996,23.839999999999996,23.840000000000003,0.011666666666666665,0.04
2021-05-18,5.45,12.133333333333333,10.7,14.0,84.2,1002.8125,1000.5,1005.0,5,wiosna,138,0.6932812268869777,-0.7206671495538609,4.5,3.2083333333333712,2.6791666666666742,0.591666666666697,1000.85,1000.9470238095239,3.2083333333333712,1.0,wzrost_cisnienia,0.0,0.0,1.0,2.3499999999999996,20.51,0.98,12.933333333333332,5.45,28.31,29.290000000000003,0.004166666666666667,0.05
2021-05-19,0.0,13.033333333333333,9.7,16.2,63.34583333333333,1006.2708333333334,1004.5,1008.8,5,wiosna,139,0.6807734094770161,-0.7324940716135789,4.2999999999999545,3.4583333333333712,6.6666666666667425,6.1375000000000455,1002.8958333333335,1001.3523809523809,3.4583333333333712,1.0,wzrost_cisnienia,0.0,0.0,1.0,5.45,2.3499999999999996,20.51,12.133333333333333,0.0,7.799999999999996,29.290000000000003,0.008749999999999999,0.04
2021-05-20,0.0,12.516666666666666,8.1,16.5,58.050000000000004,1009.9375,1008.9,1010.6,5,wiosna,140,0.6680638642135335,-0.7441039398713607,1.7000000000000455,3.6666666666666288,7.125,10.333333333333371,1006.3402777777778,1002.7934523809524,3.6666666666666288,1.0,wzrost_cisnienia,0.0,0.0,1.0,0.0,5.45,2.3499999999999996,13.033333333333333,0.0,5.449999999999997,29.290000000000003,0.005,0.07
2021-05-21,4.130000000000001,12.35,6.8,19.1,68.24166666666666,1003.475,998.7,1009.2,5,wiosna,141,0.6551563572090853,-0.7554933140726803,10.5,-6.462499999999977,-2.7958333333333485,0.6625000000000227,1006.5611111111111,1003.4934523809524,6.462499999999977,-1.0,spadek_cisnienia,180.0,1.2246467991473532e-16,-1.0,0.0,0.0,5.45,12.516666666666666,4.130000000000001,4.129999999999997,33.42,-0.00875,0.16
2021-05-22,3.6199999999999997,12.520833333333334,8.4,16.6,75.34166666666667,999.9666666666667,998.8,1001.4,5,wiosna,142,0.6420547132365637,-0.766658819300159,2.6000000000000227,-3.5083333333333258,-9.970833333333303,-6.304166666666674,1004.4597222222222,1003.1714285714286,3.5083333333333258,-1.0,spadek_cisnienia,180.0,1.2246467991473532e-16,-1.0,4.130000000000001,0.0,0.0,12.35,3.6199999999999997,7.7499999999999964,36.06,0.02,0.08
2021-05-23,1.7,12.204166666666666,8.0,16.8,72.125,1005.9833333333332,1001.7,1012.1,5,wiosna,143,0.6287628145958344,-0.777597146973627,10.399999999999977,6.016666666666538,2.508333333333212,-3.954166666666765,1003.1416666666668,1004.0071428571429,6.016666666666538,1.0,wzrost_cisnienia,0.0,0.0,1.0,3.6199999999999997,4.130000000000001,0.0,12.520833333333334,1.7,9.449999999999998,17.25,0.012083333333333335,0.09
2021-05-24,0.0,13.9625,7.2,19.2,61.6625,1013.7916666666666,1011.4,1015.6,5,wiosna,144,0.6152845999633276,-0.7883050558305255,4.2000000000000455,7.808333333333394,13.824999999999932,10.316666666666606,1006.5805555555556,1006.0339285714284,7.808333333333394,1.0,wzrost_cisnienia,0.0,0.0,1.0,1.7,3.6199999999999997,4.130000000000001,12.204166666666666,0.0,5.319999999999996,14.9,-0.045000000000000005,0.01
2021-05-25,4.01,13.200000000000001,9.9,17.2,78.70416666666667,1006.9625,1004.8,1010.6,5,wiosna,145,0.6016240632249226,-0.7987793728863649,5.800000000000068,-6.8291666666666515,0.9791666666667425,6.99583333333328,1008.9125,1006.6267857142857,6.8291666666666515,-1.0,spadek_cisnienia,180.0,1.2246467991473532e-16,-1.0,0.0,1.7,3.6199999999999997,13.9625,4.01,5.7099999999999955,13.459999999999999,0.02291666666666667,0.09
2021-05-26,2.63,11.862499999999999,7.8,16.0,70.70833333333333,1007.15,1006.4,1007.8,5,wiosna,146,0.5877852522924732,-0.8090169943749473,1.3999999999999773,0.1875,-6.6416666666666515,1.1666666666667425,1009.301388888889,1006.7523809523809,0.1875,1.0,wzrost_cisnienia,0.0,0.0,1.0,4.01,0.0,1.7,13.200000000000001,2.63,6.639999999999995,16.09,-0.04583333333333334,0.02
2021-05-27,4.22,11.737499999999999,9.1,16.2,80.16250000000001,1007.8000000000001,1005.6,1010.8,5,wiosna,147,0.5737722679043246,-0.8190148866680801,5.199999999999932,0.650000000000091,0.837500000000091,-5.991666666666561,1007.3041666666668,1006.4470238095238,0.650000000000091,1.0,wzrost_cisnienia,0.0,0.0,1.0,2.63,4.01,0.0,11.862499999999999,4.22,10.859999999999996,20.310000000000002,-0.05791666666666667,0.0
2021-05-28,7.63,11.049999999999999,7.3,13.6,80.42916666666666,1012.9791666666666,1010.9,1015.6,5,wiosna,148,0.5595892624101765,-0.8287700871745037,4.7000000000000455,5.179166666666561,5.8291666666666515,6.0166666666666515,1009.3097222222223,1007.8047619047619,5.179166666666561,1.0,wzrost_cisnienia,0.0,0.0,1.0,4.22,2.63,4.01,11.737499999999999,7.63,14.479999999999995,23.81,-0.03958333333333333,-0.01
2021-05-29,1.28,10.4125,7.2,13.0,77.00833333333334,1016.5916666666667,1015.0,1019.3,5,wiosna,149,0.545240438540651,-0.8382797052177743,4.2999999999999545,3.612500000000068,8.791666666666629,9.44166666666672,1012.4569444444445,1010.1797619047619,3.612500000000068,1.0,wzrost_cisnienia,0.0,0.0,1.0,7.63,4.22,2.63,11.049999999999999,1.28,13.129999999999994,21.47,0.009166666666666665,0.08
2021-05-30,0.0,11.529166666666667,8.2,14.4,69.75,1021.2541666666666,1019.5,1022.6,5,wiosna,150,0.5307300481619334,-0.8475409228928311,3.1000000000000227,4.662499999999909,8.274999999999977,13.454166666666538,1016.9416666666666,1012.3613095238095,4.662499999999909,1.0,wzrost_cisnienia,0.0,0.0,1.0,1.28,7.63,4.22,10.4125,0.0,8.909999999999995,19.769999999999996,-0.01,0.04
2021-05-31,0.0,12.770833333333334,8.9,16.1,53.625,1019.3625000000001,1016.2,1021.7,5,wiosna,151,0.5160623910158528,-0.8565509959010036,5.5,-1.8916666666665378,2.7708333333333712,6.383333333333439,1019.0694444444445,1013.157142857143,1.8916666666665378,-1.0,spadek_cisnienia,180.0,1.2246467991473532e-16,-1.0,0.0,1.28,7.63,11.529166666666667,0.0,1.2799999999999956,19.769999999999996,-0.09000000000000001,-0.05
2021-06-01,0.0,13.120833333333332,9.8,15.7,68.02083333333333,1013.9166666666666,1012.7,1016.0,6,lato,152,0.5012418134457758,-0.865307254363206,3.2999999999999545,-5.445833333333439,-7.337499999999977,-2.675000000000068,1018.1777777777779,1014.1505952380952,5.445833333333439,-1.0,spadek_cisnienia,180.0,1.2246467991473532e-16,-1.0,0.0,0.0,1.28,12.770833333333334,0.0,0.0,15.76,-0.010416666666666666,0.04
2021-06-02,0.0,16.4125,11.5,21.5,59.69166666666666,1020.1125000000001,1016.4,1022.6,6,lato,153,0.48627270710869,-0.8738071036110808,6.2000000000000455,6.195833333333439,0.75,-1.1416666666665378,1017.7972222222223,1016.0023809523809,6.195833333333439,1.0,wzrost_cisnienia,0.0,0.0,1.0,0.0,0.0,0.0,13.120833333333332,0.0,0.0,13.129999999999999,-0.058750000000000004,-0.02
2021-06-03,0.0,16.683333333333334,10.2,22.5,58.84166666666667,1023.0958333333333,1022.4,1024.1,6,lato,154,0.4711595076738638,-0.8820480249558537,1.6999999999999318,2.983333333333235,9.179166666666674,3.733333333333235,1019.0416666666666,1018.1875,2.983333333333235,1.0,wzrost_cisnienia,0.0,0.0,1.0,0.0,0.0,0.0,16.4125,0.0,0.0,8.91,-0.11,-0.06
2021-06-04,0.0,18.216666666666665,13.7,22.4,63.416666666666664,1021.025,1019.5,1022.6,6,lato,155,0.4559066935084588,-0.8900275764346767,3.1000000000000227,-2.0708333333333258,0.912499999999909,7.1083333333333485,1021.4111111111112,1019.3369047619047,2.0708333333333258,-1.0,spadek_cisnienia,180.0,1.2246467991473532e-16,-1.0,0.0,0.0,0.0,16.683333333333334,0.0,0.0,1.28,-0.15,-0.11
2021-06-05,0.0,17.2875,12.3,21.2,65.05,1018.1958333333333,1017.0,1019.5,6,lato,156,0.440518784350495,-0.8977433935342337,2.5,-2.8291666666666515,-4.899999999999977,-1.9166666666667425,1020.7722222222222,1019.5660714285714,2.8291666666666515,-1.0,spadek_cisnienia,180.0,1.2246467991473532e-16,-1.0,0.0,0.0,0.0,18.216666666666665,0.0,0.0,0.0,-0.17208333333333334,-0.15
2021-06-06,0.0,16.908333333333335,10.0,21.9,59.65,1016.9458333333333,1016.1,1017.6,6,lato,157,0.42500033996955416,-0.9051931898913974,1.5,-1.25,-4.0791666666666515,-6.149999999999977,1018.7222222222223,1018.9505952380953,1.25,-1.0,spadek_cisnienia,180.0,1.2246467991473532e-16,-1.0,0.0,0.0,0.0,17.2875,0.0,0.0,0.0,-0.19208333333333336,-0.17
2021-06-07,0.0,17.254166666666666,11.5,21.1,60.5375,1016.1625,1015.6,1016.7,6,lato,158,0.4093559588156213,-0.9123747579707273,1.1000000000000227,-0.783333333333303,-2.033333333333303,-4.8624999999999545,1017.1013888888889,1018.4934523809524,0.783333333333303,-1.0,spadek_cisnienia,180.0,1.2246467991473532e-16,-1.0,0.0,0.0,0.0,16.908333333333335,0.0,0.0,0.0,-0.16833333333333333,-0.14
2021-06-08,0.0,18.75,12.8,22.8,55.00416666666666,1016.1,1015.3,1017.0,6,lato,159,0.39359027665646673,-0.9192859697186104,1.7000000000000455,-0.0625,-0.845833333333303,-2.095833333333303,1016.4027777777779,1018.8053571428572,0.0625,-1.0,spadek_cisnienia,180.0,1.2246467991473532e-16,-1.0,0.0,0.0,0.0,17.254166666666666,0.0,0.0,0.0,-0.16208333333333333,-0.15
2021-06-09,0.0,18.591666666666665,13.8,22.5,59.104166666666664,1014.9833333333332,1014.2,1015.9,6,lato,160,0.3777079652039649,-0.9259247771938498,1.6999999999999318,-1.116666666666788,-1.179166666666788,-1.962500000000091,1015.7486111111111,1018.072619047619,1.116666666666788,-1.0,spadek_cisnienia,180.0,1.2246467991473532e-16,-1.0,0.0,0.0,0.0,18.75,0.0,0.0,0.0,-0.15416666666666667,-0.13
2021-06-10,0.0,19.075,14.7,23.6,54.85,1013.9208333333332,1013.2,1014.8,6,lato,161,0.36171373072976765,-0.9322892131745133,1.599999999999909,-1.0625,-2.179166666666788,-2.241666666666788,1015.0013888888889,1016.7619047619047,1.0625,-1.0,spadek_cisnienia,180.0,1.2246467991473532e-16,-1.0,0.0,0.0,0.0,18.591666666666665,0.0,0.0,0.0,-0.12875,-0.09
2021-06-11,0.0,19.341666666666665,14.3,23.4,61.85833333333333,1011.6958333333333,1010.5,1013.1,6,lato,162,0.3456123126707335,-0.9383773917408641,2.6000000000000227,-2.224999999999909,-3.287499999999909,-4.404166666666697,1013.5333333333333,1015.4291666666667,2.224999999999909,-1.0,spadek_cisnienia,180.0,1.2246467991473532e-16,-1.0,0.0,0.0,0.0,19.075,0.0,0.0,0.0,-0.11375,-0.09
2021-06-12,7.96,16.95,14.4,20.7,70.81666666666666,1006.2375000000001,1003.5,1010.2,6,lato,163,0.3294084822245304,-0.9441875088341993,6.7000000000000455,-5.4583333333332575,-7.683333333333167,-8.745833333333167,1010.6180555555557,1013.7208333333334,5.4583333333332575,-1.0,spadek_cisnienia,180.0,1.2246467991473532e-16,-1.0,0.0,0.0,0.0,19.341666666666665,7.96,7.9599999999999955,7.96,-0.09708333333333334,0.01
2021-06-13,0.0,16.279166666666665,13.4,19.4,59.89166666666667,1011.6916666666666,1005.4,1016.9,6,lato,164,0.3131070409358269,-0.9497178427914316,11.5,5.454166666666538,-0.0041666666667197205,-2.2291666666666288,1009.875,1012.9702380952382,5.454166666666538,1.0,wzrost_cisnienia,0.0,0.0,1.0,7.96,0.0,0.0,16.95,0.0,7.9599999999999955,7.96,0.06333333333333334,0.12
2021-06-14,0.0,17.083333333333332,12.9,22.2,63.1875,1016.15,1013.5,1017.5,6,lato,165,0.29671281927349075,-0.9549667548552551,4.0,4.458333333333371,9.912499999999909,4.4541666666666515,1011.3597222222223,1012.9684523809523,4.458333333333371,1.0,wzrost_cisnienia,0.0,0.0,1.0,0.0,7.96,0.0,16.279166666666665,0.0,7.9599999999999955,7.96,-0.017083333333333336,0.04
2021-06-15,0.0,17.308333333333334,13.5,20.0,62.770833333333336,1013.5500000000001,1011.9,1015.3,6,lato,166,0.28023067519921585,-0.9599326896597447,3.3999999999999773,-2.599999999999909,1.8583333333334622,7.3125,1013.7972222222223,1012.6041666666666,2.599999999999909,-1.0,spadek_cisnienia,180.0,1.2246467991473532e-16,-1.0,0.0,0.0,7.96,17.083333333333332,0.0,0.0,7.96,-0.0029166666666666664,0.06
2021-06-16,0.0,16.1625,11.6,19.4,62.45416666666667,1016.6416666666668,1015.6,1017.6,6,lato,167,0.26366549272800704,-0.9646141756912435,2.0,3.091666666666697,0.49166666666678793,4.950000000000159,1015.4472222222224,1012.8410714285716,3.091666666666697,1.0,wzrost_cisnienia,0.0,0.0,1.0,0.0,0.0,0.0,17.308333333333334,0.0,0.0,7.96,0.050833333333333335,0.11
2021-06-17,0.0,20.591666666666665,11.6,27.4,56.55416666666667,1016.7291666666666,1015.4,1017.7,6,lato,168,0.24702218048093552,-0.9690098257244062,2.300000000000068,0.08749999999986358,3.1791666666665606,0.5791666666666515,1015.6402777777779,1013.2422619047619,0.08749999999986358,1.0,wzrost_cisnienia,0.0,0.0,1.0,0.0,0.0,0.0,16.1625,0.0,0.0,7.96,0.023333333333333334,0.07
2021-06-18,0.0,23.46666666666667,15.2,29.6,51.22083333333333,1014.9916666666667,1013.2,1016.2,6,lato,169,0.23030567023061221,-0.9731183372332619,3.0,-1.7374999999999545,-1.650000000000091,1.441666666666606,1016.1208333333334,1013.7130952380952,1.7374999999999545,-1.0,spadek_cisnienia,180.0,1.2246467991473532e-16,-1.0,0.0,0.0,0.0,20.591666666666665,0.0,0.0,7.96,-0.025416666666666667,0.0
2021-06-19,0.0,25.558333333333334,19.2,31.2,53.44583333333333,1012.2125,1010.6,1013.6,6,lato,170,0.21352091543979612,-0.9769384927771817,3.0,-2.779166666666697,-4.5166666666666515,-4.429166666666788,1014.6444444444445,1014.5666666666667,2.779166666666697,-1.0,spadek_cisnienia,180.0,1.2246467991473532e-16,-1.0,0.0,0.0,0.0,23.46666666666667,0.0,0.0,0.0,0.005833333333333334,0.06
2021-06-20,0.0,26.166666666666668,20.4,31.0,52.5625,1008.7375000000001,1006.4,1010.8,6,lato,171,0.19667288979357647,-0.980469160361632,4.399999999999977,-3.474999999999909,-6.254166666666606,-7.991666666666561,1011.9805555555557,1014.1446428571428,3.474999999999909,-1.0,spadek_cisnienia,180.0,1.2246467991473532e-16,-1.0,0.0,0.0,0.0,25.558333333333334,0.0,0.0,0.0,-0.007083333333333333,0.08
2021-06-21,0.0,26.733333333333334,20.3,32.2,51.25833333333333,1004.9625,1003.4,1006.5,6,lato,172,0.1797665857255624,-0.9837092937736097,3.1000000000000227,-3.775000000000091,-7.25,-10.029166666666697,1008.6375000000002,1012.5464285714287,3.775000000000091,-1.0,spadek_cisnienia,180.0,1.2246467991473532e-16,-1.0,0.0,0.0,0.0,26.166666666666668,0.0,0.0,0.0,-0.002083333333333333,0.09
2021-06-22,4.55,22.820833333333336,18.0,28.2,65.52499999999999,1006.2083333333334,1003.3,1011.0,6,lato,173,0.16280701293851715,-0.986657932891657,7.7000000000000455,1.245833333333394,-2.529166666666697,-6.004166666666606,1006.6361111111113,1011.4976190476191,1.245833333333394,1.0,wzrost_cisnienia,0.0,0.0,1.0,0.0,0.0,0.0,26.733333333333334,4.55,4.549999999999995,4.55,0.04583333333333334,0.09
2021-06-23,0.92,19.333333333333332,16.1,23.5,73.04166666666667,1013.9,1010.7,1016.0,6,lato,174,0.1457991969198751,-0.9893142039703663,5.2999999999999545,7.691666666666606,8.9375,5.162499999999909,1008.3569444444444,1011.1059523809524,7.691666666666606,1.0,wzrost_cisnienia,0.0,0.0,1.0,4.55,0.0,0.0,22.820833333333336,0.92,5.469999999999995,5.47,0.06125,0.13
2021-06-24,0.81,19.129166666666666,16.9,21.7,74.79166666666667,1013.5875,1011.2,1015.8,6,lato,175,0.12874817745258132,-0.99167731989929,4.599999999999909,-0.3125,7.379166666666606,8.625,1011.2319444444446,1010.657142857143,0.3125,-1.0,spadek_cisnienia,180.0,1.2246467991473532e-16,-1.0,0.92,4.55,0.0,19.333333333333332,0.81,6.279999999999996,6.28,0.06541666666666666,0.1
2021-06-25,0.98,19.154166666666665,15.9,21.8,68.74166666666666,1011.5916666666667,1010.3,1013.5,6,lato,176,0.11165900712169512,-0.993746580436178,3.2000000000000455,-1.9958333333332803,-2.3083333333332803,5.383333333333326,1013.026388888889,1010.1714285714286,1.9958333333332803,-1.0,spadek_cisnienia,180.0,1.2246467991473532e-16,-1.0,0.81,0.92,4.55,19.129166666666666,0.98,2.7099999999999955,7.26,0.05541666666666667,0.1
2021-06-26,0.0,18.708333333333332,14.8,22.3,62.525,1013.6583333333333,1013.0,1014.3,6,lato,177,0.09453674981719912,-0.9955213724144752,1.2999999999999545,2.066666666666606,0.07083333333332575,-0.24166666666667425,1012.9458333333333,1010.3779761904761,2.066666666666606,1.0,wzrost_cisnienia,0.0,0.0,1.0,0.98,0.81,0.92,19.154166666666665,0.0,1.7899999999999956,7.26,0.049166666666666664,0.09
2021-06-27,0.0,18.8125,14.0,23.7,67.50833333333334,1012.7875,1012.1,1013.7,6,lato,178,0.07738647923346301,-0.9970011699250151,1.6000000000000227,-0.8708333333332803,1.1958333333333258,-0.7999999999999545,1012.6791666666668,1010.9565476190476,0.8708333333332803,-1.0,spadek_cisnienia,180.0,1.2246467991473532e-16,-1.0,0.0,0.98,0.81,18.708333333333332,0.0,0.9799999999999955,7.26,0.0525,0.12
2021-06-28,0.0,19.558333333333334,14.3,24.9,70.74166666666666,1012.35,1011.4,1013.0,6,lato,179,0.06021327736579302,-0.9981855344718586,1.6000000000000227,-0.4375,-1.3083333333332803,0.7583333333333258,1012.9319444444445,1012.0119047619047,0.4375,-1.0,spadek_cisnienia,180.0,1.2246467991473532e-16,-1.0,0.0,0.0,0.98,18.8125,0.0,0.0,7.26,0.03666666666666667,0.06
2021-06-29,0.0,21.766666666666666,14.5,26.1,59.19583333333333,1009.0083333333333,1006.4,1011.3,6,lato,180,0.04302223300453059,-0.99907411510223,4.899999999999977,-3.341666666666697,-3.779166666666697,-4.649999999999977,1011.3819444444445,1012.4119047619048,3.341666666666697,-1.0,spadek_cisnienia,180.0,1.2246467991473532e-16,-1.0,0.0,0.0,0.0,19.558333333333334,0.0,0.0,2.71,0.023750000000000004,0.06
2021-06-30,0.6,22.0625,17.1,26.8,64.54583333333333,1003.8041666666667,1002.1,1006.0,6,lato,181,0.02581844022713308,-0.9996666485105112,3.8999999999999773,-5.2041666666666515,-8.545833333333348,-8.983333333333348,1008.3875000000002,1010.969642857143,5.2041666666666515,-1.0,spadek_cisnienia,180.0,1.2246467991473532e-16,-1.0,0.0,0.0,0.0,21.766666666666666,0.6,0.5999999999999955,2.39,0.06875,0.13
2021-07-01,0.0,20.650000000000002,15.3,25.8,64.28333333333333,1003.9875000000001,1002.1,1007.2,7,lato,182,0.008606996888688698,-0.9999629591162655,5.100000000000023,0.18333333333339397,-5.0208333333332575,-8.362499999999955,1005.6,1009.5982142857143,0.18333333333339397,1.0,wzrost_cisnienia,0.0,0.0,1.0,0.6,0.0,0.0,22.0625,0.0,0.5999999999999955,1.58,0.09625,0.13
2021-07-02,9.56,17.995833333333334,16.6,20.1,84.97083333333333,1007.7666666666668,1006.9,1008.6,7,lato,183,-0.008606996888688009,-0.9999629591162655,1.7000000000000455,3.779166666666697,3.962500000000091,-1.2416666666665606,1005.1861111111112,1009.0517857142858,3.779166666666697,1.0,wzrost_cisnienia,0.0,0.0,1.0,0.0,0.6,0.0,20.650000000000002,9.56,10.159999999999997,10.16,0.09000000000000001,0.12
2021-07-03,0.0,20.120833333333334,17.3,23.3,79.06666666666666,1008.1208333333334,1007.6,1008.5,7,lato,184,-0.02581844022713239,-0.9996666485105112,0.8999999999999773,0.35416666666662877,4.133333333333326,4.31666666666672,1006.6250000000001,1008.2607142857142,0.35416666666662877,1.0,wzrost_cisnienia,0.0,0.0,1.0,9.56,0.0,0.6,17.995833333333334,0.0,9.559999999999997,10.16,0.06916666666666667,0.1
2021-07-04,0.0,20.533333333333335,17.3,23.7,78.78750000000001,1007.9499999999999,1006.8,1008.8,7,lato,185,-0.04302223300453034,-0.99907411510223,2.0,-0.17083333333346218,0.1833333333331666,3.9624999999998636,1007.9458333333336,1007.569642857143,0.17083333333346218,-1.0,spadek_cisnienia,180.0,1.2246467991473532e-16,-1.0,0.0,9.56,0.0,20.120833333333334,0.0,9.559999999999997,10.16,0.043333333333333335,0.08
2021-07-05,0.13,21.5125,19.3,25.0,75.45833333333333,1005.7333333333332,1004.7,1006.7,7,lato,186,-0.060213277365792774,-0.9981855344718586,2.0,-2.216666666666697,-2.387500000000159,-2.0333333333335304,1007.2680555555556,1006.6244047619048,2.216666666666697,-1.0,spadek_cisnienia,180.0,1.2246467991473532e-16,-1.0,0.0,0.0,9.56,20.533333333333335,0.13,0.12999999999999645,10.290000000000001,0.017083333333333336,0.05
2021-07-06,0.0,23.2,17.8,27.8,59.8125,1008.025,1006.0,1009.0,7,lato,187,-0.07738647923346322,-0.9970011699250151,3.0,2.2916666666667425,0.07500000000004547,-0.0958333333334167,1007.236111111111,1006.4839285714287,2.2916666666667425,1.0,wzrost_cisnienia,0.0,0.0,1.0,0.13,0.0,0.0,21.5125,0.0,0.12999999999999645,10.290000000000001,-0.05541666666666667,0.03
2021-07-07,10.72,21.629166666666666,17.4,26.4,71.99166666666666,1012.0749999999999,1009.0,1016.4,7,lato,188,-0.09453674981719933,-0.9955213724144752,7.399999999999977,4.0499999999999545,6.341666666666697,4.125,1008.6111111111112,1007.6654761904763,4.0499999999999545,1.0,wzrost_cisnienia,0.0,0.0,1.0,0.0,0.13,0.0,23.2,10.72,10.849999999999998,20.410000000000004,-0.041666666666666664,0.02
2021-07-08,1.73,18.966666666666665,17.6,20.7,84.03750000000001,1017.7125,1015.7,1019.0,7,lato,189,-0.11165900712169444,-0.9937465804361781,3.2999999999999545,5.6375000000000455,9.6875,11.979166666666742,1012.6041666666666,1009.6261904761905,5.6375000000000455,1.0,wzrost_cisnienia,0.0,0.0,1.0,10.72,0.0,0.13,21.629166666666666,1.73,12.449999999999998,22.14,-0.04958333333333333,0.03
2021-07-09,12.33,22.087500000000002,18.2,26.1,83.68333333333334,1011.6374999999999,1009.3,1015.6,7,lato,190,-0.12874817745258066,-0.99167731989929,6.300000000000068,-6.0750000000000455,-0.4375,3.6124999999999545,1013.8083333333334,1010.1791666666667,6.0750000000000455,-1.0,spadek_cisnienia,180.0,1.2246467991473532e-16,-1.0,1.73,10.72,0.0,18.966666666666665,12.33,24.779999999999998,24.910000000000004,0.004166666666666666,0.07
2021-07-10,0.0,19.541666666666668,16.3,21.7,76.425,1011.1458333333334,1009.2,1014.3,7,lato,191,-0.14579919691987442,-0.9893142039703664,5.099999999999909,-0.49166666666656056,-6.566666666666606,-0.9291666666665606,1013.4986111111111,1010.6113095238096,0.49166666666656056,-1.0,spadek_cisnienia,180.0,1.2246467991473532e-16,-1.0,12.33,1.73,10.72,22.087500000000002,0.0,14.059999999999997,24.910000000000004,-0.03625,0.05
2021-07-11,0.0,20.433333333333334,14.8,24.4,67.60416666666667,1015.7333333333332,1014.5,1016.6,7,lato,192,-0.16280701293851646,-0.9866579328916572,2.1000000000000227,4.587499999999864,4.095833333333303,-1.9791666666667425,1012.838888888889,1011.7232142857141,4.587499999999864,1.0,wzrost_cisnienia,0.0,0.0,1.0,0.0,12.33,1.73,19.541666666666668,0.0,12.329999999999997,24.910000000000004,-0.08333333333333333,-0.02
2021-07-12,0.0,21.427083333333332,19.2,25.3,78.67083333333333,1012.4979166666667,1010.1,1015.3,7,lato,193,-0.17976658572556214,-0.9837092937736098,5.199999999999932,-3.235416666666538,1.3520833333333258,0.8604166666667652,1013.1256944444445,1012.6895833333334,3.235416666666538,-1.0,spadek_cisnienia,180.0,1.2246467991473532e-16,-1.0,0.0,0.0,12.33,20.433333333333334,0.0,0.0,24.78,-0.007083333333333334,0.03
2021-07-13,0.0,23.558333333333334,18.4,28.0,70.58333333333333,1008.9041666666667,1007.4,1010.2,7,lato,194,-0.19667288979357622,-0.9804691603616321,2.800000000000068,-3.59375,-6.829166666666538,-2.2416666666666742,1012.3784722222223,1012.8151785714286,3.59375,-1.0,spadek_cisnienia,180.0,1.2246467991473532e-16,-1.0,0.0,0.0,0.0,21.427083333333332,0.0,0.0,24.78,-0.00875,0.04
2021-07-14,0.0,24.304166666666664,18.8,28.3,69.8875,1007.3625000000001,1006.5,1008.0,7,lato,195,-0.2135209154397959,-0.9769384927771817,1.5,-1.5416666666666288,-5.135416666666629,-8.370833333333167,1009.5881944444445,1012.1419642857143,1.5416666666666288,-1.0,spadek_cisnienia,180.0,1.2246467991473532e-16,-1.0,0.0,0.0,0.0,23.558333333333334,0.0,0.0,14.06,-0.043750000000000004,-0.01
2021-07-15,1.3599999999999999,24.9875,19.9,29.4,69.47083333333333,1008.2375000000001,1006.8,1009.4,7,lato,196,-0.23030567023061196,-0.973118337233262,2.6000000000000227,0.875,-0.6666666666666288,-4.260416666666629,1008.1680555555557,1010.7883928571429,0.875,1.0,wzrost_cisnienia,0.0,0.0,1.0,0.0,0.0,0.0,24.304166666666664,1.3599999999999999,1.3599999999999963,13.69,-0.049999999999999996,0.01
2021-07-16,0.0,24.625,21.2,29.7,70.8625,1011.0500000000001,1009.5,1012.5,7,lato,197,-0.24702218048093527,-0.9690098257244063,3.0,2.8125,3.6875,2.1458333333333712,1008.8833333333336,1010.7044642857144,2.8125,1.0,wzrost_cisnienia,0.0,0.0,1.0,1.3599999999999999,0.0,0.0,24.9875,0.0,1.3599999999999963,1.3599999999999999,-0.0062499999999999995,0.05
2021-07-17,0.0,23.316666666666666,20.3,25.1,77.69583333333334,1012.2708333333334,1011.6,1013.3,7,lato,198,-0.2636654927280072,-0.9646141756912435,1.6999999999999318,1.220833333333303,4.033333333333303,4.908333333333303,1010.5194444444446,1010.8651785714286,1.220833333333303,1.0,wzrost_cisnienia,0.0,0.0,1.0,0.0,1.3599999999999999,0.0,24.625,0.0,1.3599999999999963,1.3599999999999999,-0.010416666666666666,0.05
2021-07-18,0.0,21.804166666666664,18.1,26.2,64.69166666666666,1010.3958333333334,1009.7,1011.7,7,lato,199,-0.2802306751992161,-0.9599326896597445,2.0,-1.875,-0.654166666666697,2.158333333333303,1011.238888888889,1010.1026785714286,1.875,-1.0,spadek_cisnienia,180.0,1.2246467991473532e-16,-1.0,0.0,0.0,1.3599999999999999,23.316666666666666,0.0,0.0,1.3599999999999999,-0.048749999999999995,0.02
2021-07-19,0.0,19.504166666666666,15.8,22.6,60.854166666666664,1010.9208333333332,1010.2,1011.8,7,lato,200,-0.2967128192734901,-0.9549667548552553,1.599999999999909,0.5249999999998636,-1.3500000000001364,-0.1291666666668334,1011.1958333333333,1009.8773809523809,0.5249999999998636,1.0,wzrost_cisnienia,0.0,0.0,1.0,0.0,0.0,0.0,21.804166666666664,0.0,0.0,1.3599999999999999,0.05833333333333333,0.13
2021-07-20,0.0,20.391666666666666,15.8,24.8,59.74166666666667,1011.7958333333332,1011.2,1012.4,7,lato,201,-0.3131070409358267,-0.9497178427914317,1.1999999999999318,0.875,1.3999999999998636,-0.4750000000001364,1011.0375,1010.2904761904763,0.875,1.0,wzrost_cisnienia,0.0,0.0,1.0,0.0,0.0,0.0,19.504166666666666,0.0,0.0,1.3599999999999999,0.022083333333333333,0.09
2021-07-21,0.0,19.204166666666666,15.1,23.0,63.949999999999996,1014.5583333333334,1012.3,1017.0,7,lato,202,-0.3294084822245302,-0.9441875088341994,4.7000000000000455,2.762500000000159,3.637500000000159,4.162500000000023,1012.4250000000001,1011.3184523809524,2.762500000000159,1.0,wzrost_cisnienia,0.0,0.0,1.0,0.0,0.0,0.0,20.391666666666666,0.0,0.0,1.3599999999999999,0.07416666666666667,0.11
2021-07-22,0.0,18.991666666666667,14.1,22.9,63.82916666666667,1015.9,1013.9,1017.2,7,lato,203,-0.3456123126707333,-0.9383773917408642,3.300000000000068,1.3416666666665833,4.1041666666667425,4.9791666666667425,1014.0847222222224,1012.4130952380953,1.3416666666665833,1.0,wzrost_cisnienia,0.0,0.0,1.0,0.0,0.0,0.0,19.204166666666666,0.0,0.0,0.0,0.005,0.05
2021-07-23,0.0,19.816666666666666,14.7,24.4,63.487500000000004,1012.9125,1012.0,1013.9,7,lato,204,-0.3617137307297674,-0.9322892131745134,1.8999999999999773,-2.9874999999999545,-1.6458333333333712,1.116666666666788,1014.4569444444445,1012.6791666666667,2.9874999999999545,-1.0,spadek_cisnienia,180.0,1.2246467991473532e-16,-1.0,0.0,0.0,0.0,18.991666666666667,0.0,0.0,0.0,0.04541666666666667,0.11
2021-07-24,0.0,20.045833333333334,15.1,24.2,69.52083333333333,1012.7333333333332,1012.3,1013.1,7,lato,205,-0.37770796520396466,-0.9259247771938499,0.8000000000000682,-0.17916666666678793,-3.1666666666667425,-1.8250000000001592,1013.8486111111112,1012.745238095238,0.17916666666678793,-1.0,spadek_cisnienia,180.0,1.2246467991473532e-16,-1.0,0.0,0.0,0.0,19.816666666666666,0.0,0.0,0.0,0.04125,0.09
2021-07-25,0.0,22.22083333333333,15.3,26.6,65.00416666666666,1010.75,1009.1,1012.4,7,lato,206,-0.39359027665646645,-0.9192859697186105,3.2999999999999545,-1.9833333333332348,-2.1625000000000227,-5.149999999999977,1012.1319444444445,1012.7958333333333,1.9833333333332348,-1.0,spadek_cisnienia,180.0,1.2246467991473532e-16,-1.0,0.0,0.0,0.0,20.045833333333334,0.0,0.0,0.0,-0.001666666666666667,0.04
2021-07-26,15.33,21.55,18.6,27.7,73.625,1008.9208333333332,1007.4,1010.0,7,lato,207,-0.4093559588156211,-0.9123747579707274,2.6000000000000227,-1.8291666666667652,-3.8125,-3.991666666666788,1010.8013888888889,1012.510119047619,1.8291666666667652,-1.0,spadek_cisnienia,180.0,1.2246467991473532e-16,-1.0,0.0,0.0,0.0,22.22083333333333,15.33,15.329999999999997,15.33,0.008749999999999999,0.26
2021-07-27,14.120000000000001,21.666666666666668,18.1,28.6,83.62083333333334,1006.8874999999999,1006.2,1008.0,7,lato,208,-0.42500033996955394,-0.9051931898913975,1.7999999999999545,-2.033333333333303,-3.862500000000068,-5.845833333333303,1008.8527777777778,1011.8089285714285,2.033333333333303,-1.0,spadek_cisnienia,180.0,1.2246467991473532e-16,-1.0,15.33,0.0,0.0,21.55,14.120000000000001,29.449999999999996,29.450000000000003,-0.017916666666666668,0.02
2021-07-28,0.0,22.6875,17.2,28.5,69.72083333333333,1006.4,1004.8,1007.8,7,lato,209,-0.4405187843504952,-0.8977433935342336,3.0,-0.4874999999999545,-2.5208333333332575,-4.350000000000023,1007.4027777777778,1010.6434523809522,0.4874999999999545,-1.0,spadek_cisnienia,180.0,1.2246467991473532e-16,-1.0,14.120000000000001,15.33,0.0,21.666666666666668,0.0,29.449999999999996,29.450000000000003,-0.06916666666666667,-0.02
2021-07-29,0.0,22.829411764705885,18.0,25.4,48.99411764705882,1004.1823529411764,1003.2,1005.6,7,lato,210,-0.455906693508459,-0.8900275764346766,2.3999999999999773,-2.217647058823559,-2.7051470588235134,-4.738480392156816,1005.8232843137256,1008.9695028011204,2.217647058823559,-1.0,spadek_cisnienia,180.0,1.2246467991473532e-16,-1.0,0.0,14.120000000000001,15.33,22.6875,0.0,14.119999999999997,29.450000000000003,-0.08222222222222222,0.0
2021-07-30,0.0,20.029166666666665,15.1,24.6,46.37083333333334,1002.7541666666666,1001.1,1004.7,7,lato,211,-0.47115950767386394,-0.8820480249558535,3.6000000000000227,-1.4281862745098124,-3.6458333333333712,-4.133333333333326,1004.4455065359479,1007.5183123249299,1.4281862745098124,-1.0,spadek_cisnienia,180.0,1.2246467991473532e-16,-1.0,0.0,0.0,14.120000000000001,22.829411764705885,0.0,0.0,29.450000000000003,-0.15875,-0.09
2021-07-31,0.0,20.55,13.3,26.9,58.425000000000004,1000.6083333333332,999.0,1002.0,7,lato,212,-0.4862727071086902,-0.8738071036110807,3.0,-2.1458333333333712,-3.5740196078431836,-5.7916666666667425,1002.5149509803922,1005.7861694677871,2.1458333333333712,-1.0,spadek_cisnienia,180.0,1.2246467991473532e-16,-1.0,0.0,0.0,0.0,20.029166666666665,0.0,0.0,29.450000000000003,-0.035833333333333335,0.09
2021-08-01,0.22,19.212500000000002,16.3,22.8,64.46666666666667,1002.0833333333334,1001.1,1002.7,8,lato,213,-0.5012418134457756,-0.8653072543632061,1.6000000000000227,1.4750000000001364,-0.6708333333332348,-2.099019607843047,1001.8152777777779,1004.5480742296919,1.4750000000001364,1.0,wzrost_cisnienia,0.0,0.0,1.0,0.0,0.0,0.0,20.55,0.22,0.21999999999999645,29.67,0.02041666666666667,0.19
2021-08-02,0.0,18.204166666666666,15.9,20.9,64.35416666666667,1002.4499999999999,1000.5,1005.2,8,lato,214,-0.5160623910158526,-0.8565509959010037,4.7000000000000455,0.36666666666656056,1.841666666666697,-0.30416666666667425,1001.713888888889,1003.6236694677871,0.36666666666656056,1.0,wzrost_cisnienia,0.0,0.0,1.0,0.22,0.0,0.0,19.212500000000002,0.0,0.21999999999999645,14.340000000000002,0.11875000000000001,0.22
2021-08-03,0.46,16.712500000000002,14.0,19.9,72.5,1008.1083333333332,1005.1,1010.1,8,lato,215,-0.5307300481619331,-0.8475409228928312,5.0,5.658333333333303,6.024999999999864,7.5,1004.213888888889,1003.7980742296919,5.658333333333303,1.0,wzrost_cisnienia,0.0,0.0,1.0,0.0,0.22,0.0,18.204166666666666,0.46,0.6799999999999965,0.68,0.145,0.19
2021-08-04,0.0,17.1375,11.9,21.4,68.49583333333334,1010.5666666666666,1010.2,1011.0,8,lato,216,-0.5452404385406507,-0.8382797052177745,0.7999999999999545,2.4583333333333712,8.116666666666674,8.483333333333235,1007.0416666666666,1004.39331232493,2.4583333333333712,1.0,wzrost_cisnienia,0.0,0.0,1.0,0.46,0.0,0.22,16.712500000000002,0.0,0.45999999999999647,0.68,0.12791666666666668,0.16
2021-08-05,0.0,18.195833333333333,12.9,21.3,68.075,1008.5583333333334,1004.5,1010.8,8,lato,217,-0.5595892624101763,-0.828770087174504,6.2999999999999545,-2.008333333333212,0.45000000000015916,6.108333333333462,1009.0777777777779,1005.0184523809523,2.008333333333212,-1.0,spadek_cisnienia,180.0,1.2246467991473532e-16,-1.0,0.0,0.46,0.0,17.1375,0.0,0.4599999999999964,0.68,0.11916666666666666,0.16
2021-08-06,1.25,18.3,16.5,19.7,65.69583333333334,1001.6791666666667,999.6,1004.2,8,lato,218,-0.5737722679043243,-0.8190148866680802,4.600000000000023,-6.87916666666672,-8.887499999999932,-6.429166666666561,1006.9347222222223,1004.864880952381,6.87916666666672,-1.0,spadek_cisnienia,180.0,1.2246467991473532e-16,-1.0,0.0,0.0,0.46,18.195833333333333,1.25,1.2499999999999964,1.9300000000000002,0.18500000000000003,0.23
2021-08-07,0.0,19.229166666666668,15.6,24.4,69.425,1000.7333333333332,999.1,1002.5,8,lato,219,-0.5877852522924734,-0.8090169943749472,3.3999999999999773,-0.9458333333334394,-7.825000000000159,-9.833333333333371,1003.6569444444445,1004.882738095238,0.9458333333334394,-1.0,spadek_cisnienia,180.0,1.2246467991473532e-16,-1.0,1.25,0.0,0.0,18.3,0.0,1.2499999999999964,1.9300000000000002,0.1075,0.18
2021-08-08,11.18,19.183333333333334,16.5,24.9,77.04166666666667,1004.6374999999999,1001.7,1009.9,8,lato,220,-0.6016240632249227,-0.7987793728863648,8.199999999999932,3.904166666666697,2.9583333333332575,-3.920833333333462,1002.35,1005.2476190476191,3.904166666666697,1.0,wzrost_cisnienia,0.0,0.0,1.0,0.0,1.25,0.0,19.229166666666668,11.18,12.429999999999996,12.89,0.019583333333333335,0.11
2021-08-09,0.42000000000000004,19.016666666666666,14.7,24.3,71.55416666666666,1012.5916666666667,1010.2,1014.5,8,lato,221,-0.6152845999633277,-0.7883050558305253,4.2999999999999545,7.954166666666765,11.858333333333462,10.912500000000023,1005.9875000000001,1006.6964285714286,7.954166666666765,1.0,wzrost_cisnienia,0.0,0.0,1.0,11.18,0.0,1.25,19.183333333333334,0.42000000000000004,11.599999999999996,13.31,-0.0020833333333333333,0.09
2021-08-10,1.6800000000000002,19.245833333333334,14.3,24.6,66.7375,1012.525,1009.9,1014.4,8,lato,222,-0.6287628145958345,-0.7775971469736268,4.5,-0.06666666666671972,7.8875000000000455,11.791666666666742,1009.9180555555557,1007.3273809523808,0.06666666666671972,-1.0,spadek_cisnienia,180.0,1.2246467991473532e-16,-1.0,0.42000000000000004,11.18,0.0,19.016666666666666,1.6800000000000002,13.279999999999996,14.53,0.018333333333333333,0.09
2021-08-11,0.0,16.933333333333334,12.9,20.1,74.7,1011.9375,1010.3,1014.5,8,lato,223,-0.6420547132365636,-0.7666588193001592,4.2000000000000455,-0.5874999999999773,-0.654166666666697,7.300000000000068,1012.3513888888889,1007.5232142857142,0.5874999999999773,-1.0,spadek_cisnienia,180.0,1.2246467991473532e-16,-1.0,1.6800000000000002,0.42000000000000004,11.18,19.245833333333334,0.0,2.0999999999999965,14.53,0.05125,0.09
2021-08-12,0.0,18.73333333333333,14.9,23.0,70.16250000000001,1016.5458333333332,1014.5,1018.0,8,lato,224,-0.655156357209085,-0.7554933140726804,3.5,4.608333333333235,4.0208333333332575,3.954166666666538,1013.6694444444444,1008.6642857142857,4.608333333333235,1.0,wzrost_cisnienia,0.0,0.0,1.0,0.0,1.6800000000000002,0.42000000000000004,16.933333333333334,0.0,1.6799999999999966,14.53,0.055,0.12
2021-08-13,0.0,21.358333333333334,13.5,28.1,57.520833333333336,1016.4208333333332,1013.5,1017.8,8,lato,225,-0.6680638642135333,-0.7441039398713608,4.2999999999999545,-0.125,4.483333333333235,3.8958333333332575,1014.9680555555556,1010.770238095238,0.125,-1.0,spadek_cisnienia,180.0,1.2246467991473532e-16,-1.0,0.0,0.0,1.6800000000000002,18.73333333333333,0.0,0.0,13.280000000000001,0.015,0.05
2021-08-14,0.0,20.941666666666666,18.5,23.1,54.19583333333333,1012.6416666666668,1010.2,1014.3,8,lato,226,-0.6807734094770159,-0.7324940716135792,4.099999999999909,-3.7791666666664696,-3.9041666666664696,0.7041666666667652,1015.2027777777779,1012.4714285714286,3.7791666666664696,-1.0,spadek_cisnienia,180.0,1.2246467991473532e-16,-1.0,0.0,0.0,0.0,21.358333333333334,0.0,0.0,13.280000000000001,0.010416666666666666,0.13
2021-08-15,0.12,19.7375,16.2,22.9,56.862500000000004,1008.6,1007.1,1009.8,8,lato,227,-0.6932812268869771,-0.7206671495538615,2.699999999999932,-4.0416666666667425,-7.820833333333212,-7.945833333333212,1012.5541666666668,1013.0375000000001,4.0416666666667425,-1.0,spadek_cisnienia,180.0,1.2246467991473532e-16,-1.0,0.0,0.0,0.0,20.941666666666666,0.12,0.11999999999999644,2.220000000000002,-0.0016666666666666663,0.08
2021-08-16,0.0,20.325,15.2,28.7,64.32083333333334,1001.8666666666667,999.4,1006.5,8,lato,228,-0.7055836101071774,-0.7086266782644601,7.100000000000023,-6.7333333333333485,-10.775000000000091,-14.55416666666656,1007.7027777777779,1011.5053571428572,6.7333333333333485,-1.0,spadek_cisnienia,180.0,1.2246467991473532e-16,-1.0,0.12,0.0,0.0,19.7375,0.0,0.11999999999999644,1.800000000000002,0.14,0.27
2021-08-17,0.81,16.804166666666667,13.5,20.2,65.29166666666667,1000.7916666666666,1000.1,1001.5,8,lato,229,-0.7176769136759615,-0.6963762255968726,1.3999999999999773,-1.0750000000000455,-7.808333333333394,-11.850000000000136,1003.7527777777779,1009.8291666666667,1.0750000000000455,-1.0,spadek_cisnienia,180.0,1.2246467991473532e-16,-1.0,0.0,0.12,0.0,20.325,0.81,0.9299999999999965,0.9300000000000018,0.1758333333333333,0.26
2021-08-18,0.3,16.945833333333333,14.7,20.1,63.5875,1001.7875,1000.2,1003.1,8,lato,230,-0.7295575540864876,-0.6839194216246105,2.8999999999999773,0.995833333333394,-0.07916666666665151,-6.8125,1001.4819444444446,1008.3791666666667,0.995833333333394,1.0,wzrost_cisnienia,0.0,0.0,1.0,0.81,0.0,0.12,16.804166666666667,0.3,1.1099999999999965,1.2300000000000018,0.18208333333333335,0.33
2021-08-19,1.0,16.729166666666668,14.4,19.7,73.38333333333334,1003.5083333333333,1000.8,1007.4,8,lato,231,-0.7412220108485957,-0.6712599575675315,6.600000000000023,1.720833333333303,2.716666666666697,1.6416666666666515,1002.0291666666667,1006.5166666666667,1.720833333333303,1.0,wzrost_cisnienia,0.0,0.0,1.0,0.3,0.81,0.0,16.945833333333333,1.0,2.1099999999999968,2.2300000000000018,0.22416666666666665,0.27
2021-08-20,0.6200000000000001,16.55,13.7,20.0,72.61666666666666,1009.6374999999999,1007.5,1012.1,8,lato,232,-0.7526668275320083,-0.6584015846980489,4.600000000000023,6.129166666666606,7.849999999999909,8.845833333333303,1004.9777777777778,1005.547619047619,6.129166666666606,1.0,wzrost_cisnienia,0.0,0.0,1.0,1.0,0.3,0.81,16.729166666666668,0.6200000000000001,1.9199999999999966,2.850000000000002,0.2608333333333333,0.31
2021-08-21,0.51,16.758333333333333,13.6,20.4,67.81666666666666,1014.0625,1012.2,1015.9,8,lato,233,-0.7638886127905429,-0.64534811322955,3.699999999999932,4.425000000000068,10.554166666666674,12.274999999999977,1009.0694444444445,1005.7505952380952,4.425000000000068,1.0,wzrost_cisnienia,0.0,0.0,1.0,0.6200000000000001,1.0,0.3,16.55,0.51,2.1299999999999963,3.360000000000002,0.29375,0.35
2021-08-22,0.0,16.429166666666667,11.6,20.5,65.325,1015.5666666666666,1015.2,1016.5,8,lato,234,-0.7748840413670406,-0.6321034111873488,1.2999999999999545,1.504166666666606,5.929166666666674,12.05833333333328,1013.088888888889,1006.7458333333333,1.504166666666606,1.0,wzrost_cisnienia,0.0,0.0,1.0,0.51,0.6200000000000001,1.0,16.758333333333333,0.0,1.1299999999999966,3.240000000000002,0.29291666666666666,0.34
2021-08-23,0.0,17.599999999999998,16.1,19.4,59.375,1017.9499999999999,1016.3,1020.1,8,lato,235,-0.7856498550787144,-0.6186714032625032,3.800000000000068,2.3833333333333258,3.887499999999932,8.3125,1015.8597222222223,1009.0434523809523,2.3833333333333258,1.0,wzrost_cisnienia,0.0,0.0,1.0,0.0,0.51,0.6200000000000001,16.429166666666667,0.0,0.5099999999999965,3.240000000000002,0.3345833333333333,0.39
2021-08-24,0.0,16.366666666666667,13.9,17.8,58.26666666666667,1021.5041666666666,1020.1,1022.5,8,lato,236,-0.7961828637826154,-0.6050560696488494,2.3999999999999773,3.5541666666666742,5.9375,7.441666666666606,1018.3402777777778,1012.0023809523809,3.5541666666666742,1.0,wzrost_cisnienia,0.0,0.0,1.0,0.0,0.0,0.51,17.599999999999998,0.0,0.0,2.4300000000000015,0.30624999999999997,0.38
2021-08-25,3.52,14.9375,10.1,19.0,66.14166666666667,1010.4333333333334,999.1,1020.5,8,lato,237,-0.8064799463209447,-0.5912614448635782,21.399999999999977,-11.070833333333212,-7.516666666666538,-5.133333333333212,1016.6291666666667,1013.2375,11.070833333333212,-1.0,spadek_cisnienia,180.0,1.2246467991473532e-16,-1.0,0.0,0.0,0.0,16.366666666666667,3.52,3.5199999999999965,5.650000000000002,0.08583333333333333,0.17
2021-08-26,5.95,14.983333333333334,12.9,17.1,79.54166666666667,999.9791666666666,997.8,1003.8,8,lato,238,-0.8165380514459157,-0.5772916165517278,6.0,-10.454166666666765,-21.524999999999977,-17.970833333333303,1010.638888888889,1012.7333333333333,10.454166666666765,-1.0,spadek_cisnienia,180.0,1.2246467991473532e-16,-1.0,3.52,0.0,0.0,14.9375,5.95,9.469999999999997,10.600000000000001,0.3329166666666667,0.38
2021-08-27,4.43,14.508333333333333,12.3,16.4,89.28750000000001,1006.7916666666666,1004.0,1009.4,8,lato,239,-0.8263541987239095,-0.5631507242749187,5.399999999999977,6.8125,-3.641666666666765,-14.712499999999977,1005.7347222222223,1012.3267857142856,6.8125,1.0,wzrost_cisnienia,0.0,0.0,1.0,5.95,3.52,0.0,14.983333333333334,4.43,13.899999999999995,14.41,0.3754166666666667,0.41
2021-08-28,0.8,15.116666666666667,11.8,18.5,88.4375,1009.3375,1009.1,1009.6,8,lato,240,-0.8359254794186365,-0.5488429582847199,0.5,2.5458333333333485,9.358333333333348,-1.0958333333334167,1005.3694444444445,1011.6517857142857,2.5458333333333485,1.0,wzrost_cisnienia,0.0,0.0,1.0,4.43,5.95,3.52,14.508333333333333,0.8,11.179999999999996,14.700000000000001,0.33625,0.38
2021-08-29,13.04,15.945833333333333,13.8,17.5,85.28750000000001,1008.9291666666667,1007.8,1009.8,8,lato,241,-0.8452490573530634,-0.5343725582809785,2.0,-0.408333333333303,2.1375000000000455,8.950000000000045,1008.3527777777778,1010.7035714285714,0.408333333333303,-1.0,spadek_cisnienia,180.0,1.2246467991473532e-16,-1.0,0.8,4.43,5.95,15.116666666666667,13.04,18.269999999999996,27.740000000000002,0.30375,0.34
2021-08-30,4.56,16.483333333333334,14.5,18.7,88.80416666666667,1009.4291666666667,1008.9,1009.7,8,lato,242,-0.8543221697498269,-0.5197438121555157,0.8000000000000682,0.5,0.09166666666669698,2.6375000000000455,1009.2319444444446,1009.4863095238096,0.5,1.0,wzrost_cisnienia,0.0,0.0,1.0,13.04,0.8,4.43,15.945833333333333,4.56,18.399999999999995,32.3,0.28791666666666665,0.36
2021-08-31,4.82,16.970833333333335,16.3,18.2,79.28333333333333,1009.9333333333334,1008.4,1012.7,8,lato,243,-0.8631421280499115,-0.5049610547215202,4.300000000000068,0.5041666666667197,1.0041666666667197,0.5958333333334167,1009.4305555555557,1007.8333333333334,0.5041666666667197,1.0,wzrost_cisnienia,0.0,0.0,1.0,4.56,13.04,0.8,16.483333333333334,4.82,22.419999999999995,37.12,0.33791666666666664,0.39
2021-09-01,0.0,16.220833333333335,12.6,19.1,69.2625,1015.9083333333333,1013.1,1018.0,9,jesien,244,-0.8717063187093218,-0.4900286664290594,4.899999999999977,5.974999999999909,6.479166666666629,6.979166666666629,1011.7569444444445,1008.6154761904762,5.974999999999909,1.0,wzrost_cisnienia,0.0,0.0,1.0,4.82,4.56,13.04,16.970833333333335,0.0,9.379999999999995,33.599999999999994,0.22833333333333336,0.35
2021-09-02,0.0,15.458333333333334,12.5,18.2,62.36666666666667,1018.4666666666667,1016.9,1019.9,9,jesien,245,-0.8800122039735356,-0.4749510720670502,3.0,2.558333333333394,8.533333333333303,9.037500000000023,1014.7694444444445,1011.2565476190476,2.558333333333394,1.0,wzrost_cisnienia,0.0,0.0,1.0,0.0,4.82,4.56,16.220833333333335,0.0,4.819999999999995,27.650000000000002,0.12791666666666665,0.22
2021-09-03,0.0,15.204166666666666,12.0,18.5,71.1375,1012.7083333333334,1010.4,1016.9,9,jesien,246,-0.888057322629493,-0.4597327394521046,6.5,-5.758333333333326,-3.199999999999932,2.7749999999999773,1015.6944444444445,1012.1017857142858,5.758333333333326,-1.0,spadek_cisnienia,180.0,1.2246467991473532e-16,-1.0,0.0,0.0,4.82,15.458333333333334,0.0,0.0,23.220000000000002,0.12083333333333333,0.22
2021-09-04,0.0,12.795833333333334,8.5,16.2,69.52916666666667,1016.6625,1014.2,1020.0,9,jesien,247,-0.8958392907349089,-0.44437817810461344,5.7999999999999545,3.9541666666666515,-1.8041666666666742,0.7541666666667197,1015.9458333333336,1013.1482142857143,3.9541666666666515,1.0,wzrost_cisnienia,0.0,0.0,1.0,0.0,0.0,0.0,15.204166666666666,0.0,0.0,22.42,0.10041666666666667,0.18
2021-09-05,0.0,12.058333333333332,6.9,17.2,65.60833333333333,1022.8874999999999,1020.4,1024.2,9,jesien,248,-0.9033558023246842,-0.4288919379124841,3.800000000000068,6.224999999999909,10.17916666666656,4.420833333333235,1017.4194444444446,1015.1422619047619,6.224999999999909,1.0,wzrost_cisnienia,0.0,0.0,1.0,0.0,0.0,0.0,12.795833333333334,0.0,0.0,9.380000000000003,0.001666666666666667,0.09
2021-09-06,0.0,13.583333333333334,6.7,19.5,60.44583333333333,1022.5208333333334,1021.1,1023.7,9,jesien,249,-0.9106046300942162,-0.41327860778290443,2.6000000000000227,-0.36666666666656056,5.8583333333333485,9.8125,1020.6902777777777,1017.0125,0.36666666666656056,-1.0,spadek_cisnienia,180.0,1.2246467991473532e-16,-1.0,0.0,0.0,0.0,12.058333333333332,0.0,0.0,4.820000000000002,-0.08875,-0.05
2021-09-07,0.0,15.370833333333332,8.7,21.4,54.74583333333334,1020.3625000000001,1019.6,1021.1,9,jesien,250,-0.9175836260593934,-0.3975428142825566,1.5,-2.158333333333303,-2.5249999999998636,3.7000000000000455,1021.9236111111112,1018.502380952381,2.158333333333303,-1.0,spadek_cisnienia,180.0,1.2246467991473532e-16,-1.0,0.0,0.0,0.0,13.583333333333334,0.0,0.0,0.0,-0.1125,-0.04
2021-09-08,0.0,17.8625,12.1,24.5,57.50833333333333,1017.6708333333332,1015.5,1019.5,9,jesien,251,-0.9242907221930934,-0.3816892202666586,4.0,-2.6916666666668334,-4.850000000000136,-5.216666666666697,1020.1847222222223,1018.7541666666667,2.6916666666668334,-1.0,spadek_cisnienia,180.0,1.2246467991473532e-16,-1.0,0.0,0.0,0.0,15.370833333333332,0.0,0.0,0.0,-0.15708333333333332,-0.11
2021-09-09,0.0,18.533333333333335,12.1,25.9,60.675000000000004,1012.5666666666666,1010.1,1015.3,9,jesien,252,-0.9307239310379793,-0.3657225234972692,5.199999999999932,-5.104166666666629,-7.795833333333462,-9.954166666666765,1016.8666666666668,1017.9113095238093,5.104166666666629,-1.0,spadek_cisnienia,180.0,1.2246467991473532e-16,-1.0,0.0,0.0,0.0,17.8625,0.0,0.0,0.0,-0.10958333333333332,-0.06
2021-09-10,0.0,19.05,10.7,27.6,61.12083333333334,1010.0916666666667,1009.3,1010.7,9,jesien,253,-0.9368813462954315,-0.34964745525122826,1.400000000000091,-2.474999999999909,-7.579166666666538,-10.270833333333371,1013.4430555555555,1017.5375,2.474999999999909,-1.0,spadek_cisnienia,180.0,1.2246467991473532e-16,-1.0,0.0,0.0,0.0,18.533333333333335,0.0,0.0,0.0,-0.049999999999999996,0.01
2021-09-11,18.39,18.650000000000002,15.5,26.4,81.43333333333334,1010.0416666666666,1009.3,1010.6,9,jesien,254,-0.9427611433904206,-0.33346877891818705,1.3000000000000682,-0.05000000000006821,-2.5249999999999773,-7.629166666666606,1010.9000000000001,1016.5916666666668,0.05000000000006821,-1.0,spadek_cisnienia,180.0,1.2246467991473532e-16,-1.0,0.0,0.0,0.0,19.05,18.39,18.389999999999993,18.39,-0.06916666666666667,0.04
2021-09-12,1.4,17.891666666666666,14.8,21.5,84.32916666666667,1009.8291666666668,1009.1,1010.7,9,jesien,255,-0.9483615800121716,-0.31719128858910595,1.6000000000000227,-0.21249999999986358,-0.2624999999999318,-2.737499999999841,1009.9875000000002,1014.7261904761905,0.21249999999986358,-1.0,spadek_cisnienia,180.0,1.2246467991473532e-16,-1.0,18.39,0.0,0.0,18.650000000000002,1.4,19.789999999999992,19.79,-0.09833333333333333,-0.05
2021-09-13,0.0,16.037499999999998,12.7,19.4,78.94583333333334,1011.275,1009.4,1013.9,9,jesien,256,-0.9536809966304455,-0.300819807635668,4.5,1.445833333333212,1.2333333333333485,1.1833333333332803,1010.3819444444445,1013.1196428571428,1.445833333333212,1.0,wzrost_cisnienia,0.0,0.0,1.0,1.4,18.39,0.0,17.891666666666666,0.0,19.789999999999992,19.79,0.0033333333333333322,0.1
2021-09-14,0.0,16.370833333333334,14.5,19.4,76.5125,1014.7541666666666,1014.0,1015.4,9,jesien,257,-0.9587178169872964,-0.2843591872810036,1.3999999999999773,3.4791666666666288,4.924999999999841,4.712499999999977,1011.9527777777779,1012.3184523809523,3.4791666666666288,1.0,wzrost_cisnienia,0.0,0.0,1.0,0.0,1.4,18.39,16.037499999999998,0.0,1.3999999999999928,19.79,0.023749999999999997,0.05
2021-09-15,0.0,16.425,12.0,19.2,77.65416666666667,1013.4083333333333,1010.5,1015.2,9,jesien,258,-0.9634705485641486,-0.26781430516217486,4.7000000000000455,-1.345833333333303,2.1333333333333258,3.579166666666538,1013.1458333333334,1011.7095238095237,1.345833333333303,-1.0,spadek_cisnienia,180.0,1.2246467991473532e-16,-1.0,0.0,0.0,1.4,16.370833333333334,0.0,0.0,19.79,-0.01625,0.01
2021-09-16,5.36,16.0625,14.7,18.3,89.71249999999999,1007.1291666666666,1006.1,1010.0,9,jesien,259,-0.9679377830240642,-0.25119006388481957,3.8999999999999773,-6.279166666666697,-7.625,-4.145833333333371,1011.7638888888888,1010.932738095238,6.279166666666697,-1.0,spadek_cisnienia,180.0,1.2246467991473532e-16,-1.0,0.0,0.0,0.0,16.425,5.36,5.359999999999993,25.15,0.0062499999999999995,0.06
2021-09-17,4.550000000000001,16.058333333333334,14.2,18.3,88.05833333333334,1005.5041666666666,1004.9,1006.7,9,jesien,260,-0.9721181966290612,-0.23449138957041052,1.8000000000000682,-1.625,-7.904166666666697,-9.25,1008.6805555555555,1010.2773809523809,1.625,-1.0,spadek_cisnienia,180.0,1.2246467991473532e-16,-1.0,5.36,0.0,0.0,16.0625,4.550000000000001,9.909999999999993,29.700000000000003,0.04708333333333334,0.11
2021-09-18,0.97,12.625,10.9,14.3,76.88333333333334,1010.1041666666666,1006.8,1012.7,9,jesien,261,-0.9760105506323682,-0.21772323039653224,5.900000000000091,4.600000000000023,2.9750000000000227,-3.3041666666666742,1007.5791666666668,1010.2863095238093,4.600000000000023,1.0,wzrost_cisnienia,0.0,0.0,1.0,4.550000000000001,5.36,0.0,16.058333333333334,0.97,10.879999999999994,12.280000000000001,0.07666666666666667,0.13
2021-09-19,0.0,12.483333333333334,10.8,13.2,63.300000000000004,1012.8958333333334,1011.9,1014.5,9,jesien,262,-0.9796136916454901,-0.20089055513063528,2.6000000000000227,2.7916666666667425,7.391666666666765,5.766666666666765,1009.5013888888889,1010.7244047619048,2.7916666666667425,1.0,wzrost_cisnienia,0.0,0.0,1.0,0.97,4.550000000000001,5.36,12.625,0.0,5.519999999999993,10.88,0.065,0.13
2021-09-20,0.0,11.795833333333334,9.8,13.9,64.20416666666667,1016.125,1013.9,1018.3,9,jesien,263,-0.9829265519799822,-0.18399835165767986,4.399999999999977,3.2291666666666288,6.020833333333371,10.620833333333394,1013.0416666666666,1011.417261904762,3.2291666666666288,1.0,wzrost_cisnienia,0.0,0.0,1.0,0.0,0.97,4.550000000000001,12.483333333333334,0.0,0.9699999999999929,10.88,0.012916666666666667,0.1
2021-09-21,0.0,11.120833333333332,8.6,14.2,65.22500000000001,1019.0833333333334,1018.3,1019.7,9,jesien,264,-0.9859481499638303,-0.1670516255021195,1.400000000000091,2.9583333333333712,6.1875,8.979166666666742,1016.0347222222223,1012.0357142857143,2.9583333333333712,1.0,wzrost_cisnienia,0.0,0.0,1.0,0.0,0.0,0.97,11.795833333333334,0.0,0.0,10.88,-0.09333333333333334,-0.01
2021-09-22,0.11,11.195833333333333,8.2,13.6,75.27083333333333,1018.5375,1015.9,1019.9,9,jesien,265,-0.9886775902323404,-0.15005539834465262,4.0,-0.5458333333333485,2.4125000000000227,5.6416666666666515,1017.9152777777778,1012.7684523809523,0.5458333333333485,-1.0,spadek_cisnienia,180.0,1.2246467991473532e-16,-1.0,0.0,0.0,0.0,11.120833333333332,0.11,0.1099999999999929,10.99,-0.13,-0.09
2021-09-23,5.359999999999999,13.075000000000001,10.2,15.5,83.62916666666666,1003.3083333333334,991.6,1015.1,9,jesien,266,-0.9911140639934546,-0.13301470653419636,23.5,-15.229166666666629,-15.774999999999977,-12.816666666666606,1013.6430555555556,1012.2226190476191,15.229166666666629,-1.0,spadek_cisnienia,180.0,1.2246467991473532e-16,-1.0,0.11,0.0,0.0,11.195833333333333,5.359999999999999,5.469999999999993,10.99,-0.13499999999999998,0.27
2021-09-24,0.16,13.654166666666667,10.6,15.9,66.925,999.2333333333332,992.4,1004.2,9,jesien,267,-0.9932568492674143,-0.11593459959550066,11.800000000000068,-4.075000000000159,-19.304166666666788,-19.850000000000136,1007.026388888889,1011.3267857142857,4.075000000000159,-1.0,spadek_cisnienia,180.0,1.2246467991473532e-16,-1.0,5.359999999999999,0.11,0.0,13.075000000000001,0.16,5.629999999999993,6.6,0.09333333333333334,0.33
2021-09-25,0.06,16.191666666666666,12.0,19.0,71.27916666666667,1006.6333333333333,1002.3,1013.1,9,jesien,268,-0.9951053111006974,-0.09882013873287211,10.800000000000068,7.400000000000091,3.324999999999932,-11.904166666666697,1003.0583333333334,1010.8309523809525,7.400000000000091,1.0,wzrost_cisnienia,0.0,0.0,1.0,0.16,5.359999999999999,0.11,13.654166666666667,0.06,5.579999999999992,5.6899999999999995,0.03666666666666667,0.1
2021-09-26,0.0,13.408333333333333,9.7,18.1,82.22083333333333,1017.0916666666667,1013.6,1019.0,9,jesien,269,-0.99665890175417,-0.08167639533042288,5.399999999999977,10.458333333333371,17.858333333333462,13.783333333333303,1007.6527777777778,1011.4303571428571,10.458333333333371,1.0,wzrost_cisnienia,0.0,0.0,1.0,0.06,0.16,5.359999999999999,16.191666666666666,0.0,0.2199999999999929,5.6899999999999995,0.06,0.09
2021-09-27,0.0,13.475,9.4,18.7,70.675,1018.6625,1017.2,1019.6,9,jesien,270,-0.9979171608653922,-0.06450844944931625,2.3999999999999773,1.5708333333333258,12.029166666666697,19.429166666666788,1014.1291666666667,1011.7928571428572,1.5708333333333258,1.0,wzrost_cisnienia,0.0,0.0,1.0,0.0,0.06,0.16,13.408333333333333,0.0,0.05999999999999289,5.6899999999999995,0.00125,0.04
2021-09-28,0.0,12.445833333333333,8.7,16.8,70.22083333333333,1019.475,1018.2,1021.2,9,jesien,271,-0.9988797155850335,-0.04732138832243232,3.0,0.8125,2.3833333333333258,12.841666666666697,1018.4097222222223,1011.8488095238096,0.8125,1.0,wzrost_cisnienia,0.0,0.0,1.0,0.0,0.0,0.06,13.475,0.0,0.0,5.6899999999999995,-0.06791666666666667,-0.03
2021-09-29,0.0,12.254166666666665,7.9,16.4,65.18333333333334,1019.0875,1015.8,1021.4,9,jesien,272,-0.9995462806873573,-0.03012030484690836,5.600000000000023,-0.3875000000000455,0.4249999999999545,1.9958333333332803,1019.0750000000002,1011.927380952381,0.3875000000000455,-1.0,spadek_cisnienia,180.0,1.2246467991473532e-16,-1.0,0.0,0.0,0.0,12.445833333333333,0.0,0.0,5.579999999999999,-0.09625,-0.08
2021-09-30,2.3,12.612499999999999,8.7,16.2,72.24583333333334,1018.6416666666668,1015.7,1022.3,9,jesien,273,-0.9999166586547379,-0.012910296075008843,6.599999999999909,-0.44583333333321207,-0.8333333333332575,-0.020833333333257542,1019.0680555555556,1014.1178571428571,0.44583333333321207,-1.0,spadek_cisnienia,180.0,1.2246467991473532e-16,-1.0,0.0,0.0,0.0,12.254166666666665,2.3,2.2999999999999927,2.52,-0.046250000000000006,0.03
2021-10-01,0.0,10.570833333333333,5.0,16.8,69.72083333333333,1021.3874999999999,1018.7,1022.8,10,jesien,274,-0.9999907397361901,0.004303538296243821,4.099999999999909,2.7458333333331666,2.2999999999999545,1.912499999999909,1019.7055555555556,1017.2827380952382,2.7458333333331666,1.0,wzrost_cisnienia,0.0,0.0,1.0,2.3,0.0,0.0,12.612499999999999,0.0,2.2999999999999927,2.36,-0.17875,-0.12
2021-10-02,0.0,9.9375,6.7,13.2,84.89166666666667,1014.1958333333333,1011.4,1018.4,10,jesien,275,-0.9997685019798909,0.021516097436222233,7.0,-7.191666666666606,-4.445833333333439,-4.8916666666666515,1018.0750000000002,1018.3630952380952,7.191666666666606,-1.0,spadek_cisnienia,180.0,1.2246467991473532e-16,-1.0,0.0,2.3,0.0,10.570833333333333,0.0,2.2999999999999927,2.3,-0.19041666666666668,-0.12
2021-10-03,0.0,14.058333333333332,9.6,19.8,71.17916666666666,1010.3416666666667,1009.1,1011.3,10,jesien,276,-0.9992500112396835,0.03872228089217399,2.199999999999932,-3.8541666666666288,-11.045833333333235,-8.300000000000068,1015.3083333333334,1017.3988095238095,3.8541666666666288,-1.0,spadek_cisnienia,180.0,1.2246467991473532e-16,-1.0,0.0,0.0,2.3,9.9375,0.0,0.0,2.3,-0.2025,-0.14
2021-10-04,0.0,13.995833333333332,10.7,17.5,79.31666666666666,1012.7958333333332,1010.2,1015.6,10,jesien,277,-0.9984354211555643,0.05591699010060302,5.399999999999977,2.454166666666538,-1.400000000000091,-8.591666666666697,1012.4444444444445,1016.5607142857142,2.454166666666538,1.0,wzrost_cisnienia,0.0,0.0,1.0,0.0,0.0,0.0,14.058333333333332,0.0,0.0,2.3,-0.1691666666666667,-0.07
2021-10-05,0.0,15.641666666666666,12.2,19.4,73.4375,1011.0166666666668,1007.3,1015.4,10,jesien,278,-0.9973249731081555,0.07309512989807776,8.100000000000023,-1.7791666666664696,0.6750000000000682,-3.1791666666665606,1011.3847222222224,1015.352380952381,1.7791666666664696,-1.0,spadek_cisnienia,180.0,1.2246467991473532e-16,-1.0,0.0,0.0,0.0,13.995833333333332,0.0,0.0,2.3,-0.11041666666666666,-0.04
2021-10-06,3.88,14.379166666666668,12.2,15.9,73.91250000000001,1013.2041666666668,1007.5,1019.6,10,jesien,279,-0.9959189961471792,0.0902516100310407,12.100000000000023,2.1875,0.4083333333335304,2.862500000000068,1012.3388888888891,1014.5119047619047,2.1875,1.0,wzrost_cisnienia,0.0,0.0,1.0,0.0,0.0,0.0,15.641666666666666,3.88,3.879999999999993,6.18,-0.12291666666666667,-0.01
2021-10-07,0.66,11.870833333333332,8.3,14.5,81.67916666666666,1024.9875,1020.1,1028.8,10,jesien,280,-0.994217906893952,0.10738134666416306,8.699999999999932,11.78333333333319,13.97083333333319,12.19166666666672,1016.4027777777779,1015.4184523809524,11.78333333333319,1.0,wzrost_cisnienia,0.0,0.0,1.0,3.88,0.0,0.0,14.379166666666668,0.66,4.539999999999993,4.54,-0.11208333333333333,-0.01
2021-10-08,0.0,8.566666666666666,5.1,13.8,71.59166666666667,1031.5583333333334,1029.1,1032.9,10,jesien,281,-0.9922222094179324,0.12447926388678869,3.800000000000182,6.570833333333439,18.35416666666663,20.54166666666663,1023.25,1016.8714285714286,6.570833333333439,1.0,wzrost_cisnienia,0.0,0.0,1.0,0.66,3.88,0.0,11.870833333333332,0.0,4.539999999999993,4.54,-0.0825,-0.02
2021-10-09,0.0,7.604166666666667,1.9,14.4,72.24583333333334,1032.7541666666666,1031.1,1033.9,10,jesien,282,-0.989932495087353,0.141540295217043,2.800000000000182,1.195833333333212,7.7666666666666515,19.54999999999984,1029.7666666666667,1019.5226190476191,1.195833333333212,1.0,wzrost_cisnienia,0.0,0.0,1.0,0.0,0.66,3.88,8.566666666666666,0.0,0.6599999999999929,4.54,-0.12333333333333334,-0.07
2021-10-10,0.0,7.129166666666666,2.3,13.3,71.92083333333333,1027.0458333333333,1022.1,1030.9,10,jesien,283,-0.9873494423939864,0.15855938510313475,8.800000000000068,-5.7083333333332575,-4.5125000000000455,2.058333333333394,1030.4527777777778,1021.9089285714286,5.7083333333332575,-1.0,spadek_cisnienia,180.0,1.2246467991473532e-16,-1.0,0.0,0.0,0.66,7.604166666666667,0.0,0.0,4.54,-0.18333333333333335,-0.12
2021-10-11,0.0,7.391666666666667,2.2,12.8,73.83749999999999,1014.4458333333333,1008.8,1021.5,10,jesien,284,-0.9844738167520923,0.17553149042142777,12.700000000000045,-12.600000000000023,-18.30833333333328,-17.112500000000068,1024.7486111111111,1022.1446428571429,12.600000000000023,-1.0,spadek_cisnienia,180.0,1.2246467991473532e-16,-1.0,0.0,0.0,0.0,7.129166666666666,0.0,0.0,4.54,-0.19333333333333333,-0.08
2021-10-12,0.0,8.558333333333334,6.5,11.2,74.0,1005.9083333333333,1004.7,1008.2,10,jesien,285,-0.9813064702716093,0.19245158197082995,3.5,-8.537500000000023,-21.137500000000045,-26.845833333333303,1015.8000000000001,1021.4148809523809,8.537500000000023,-1.0,spadek_cisnienia,180.0,1.2246467991473532e-16,-1.0,0.0,0.0,0.0,7.391666666666667,0.0,0.0,4.54,0.018333333333333333,0.12
2021-10-13,0.98,7.570833333333333,3.7,11.7,74.78333333333333,1011.35,1006.9,1016.0,10,jesien,286,-0.9778483415056568,0.20931464596304888,9.100000000000023,5.44166666666672,-3.095833333333303,-15.695833333333326,1010.5680555555556,1021.15,5.44166666666672,1.0,wzrost_cisnienia,0.0,0.0,1.0,0.0,0.0,0.0,8.558333333333334,0.98,0.9799999999999929,1.6400000000000001,0.11708333333333333,0.15
2021-10-14,0.0,8.404166666666667,3.9,11.0,79.60416666666667,1012.1541666666667,1007.8,1015.7,10,jesien,287,-0.9741004551724206,0.22611568550828803,7.900000000000091,0.8041666666666742,6.245833333333394,-2.2916666666666288,1009.8041666666668,1019.3166666666667,0.8041666666666742,1.0,wzrost_cisnienia,0.0,0.0,1.0,0.98,0.0,0.0,7.570833333333333,0.0,0.9799999999999929,0.98,-0.0020833333333333333,0.07
2021-10-15,1.21,11.4125,8.9,14.0,79.27083333333333,1004.4,1001.8,1007.3,10,jesien,288,-0.970063921851507,0.2428497220959358,5.5,-7.75416666666672,-6.9500000000000455,-1.5083333333333258,1009.301388888889,1015.4369047619048,7.75416666666672,-1.0,spadek_cisnienia,180.0,1.2246467991473532e-16,-1.0,0.0,0.98,0.0,8.404166666666667,1.21,2.189999999999993,2.19,-0.0029166666666666664,0.19
2021-10-16,0.0,9.395833333333334,7.5,12.3,73.92083333333333,1011.1916666666666,1007.5,1013.3,10,jesien,289,-0.965739937654855,0.25951179706979943,5.7999999999999545,6.791666666666629,-0.962500000000091,-0.1583333333334167,1009.2486111111111,1012.3565476190477,6.791666666666629,1.0,wzrost_cisnienia,0.0,0.0,1.0,1.21,0.0,0.98,11.4125,0.0,1.2099999999999929,2.19,0.15083333333333335,0.28
2021-10-17,0.0,9.733333333333333,7.6,12.7,70.61666666666666,1012.2875,1011.5,1013.1,10,jesien,290,-0.9611297838723007,0.27609697309746883,1.6000000000000227,1.0958333333334167,7.8875000000000455,0.13333333333332575,1009.2930555555555,1010.2482142857142,1.0958333333334167,1.0,wzrost_cisnienia,0.0,0.0,1.0,0.0,1.21,0.0,9.395833333333334,0.0,1.2099999999999929,2.19,0.1775,0.25
2021-10-18,0.0,9.2125,6.5,12.0,70.23333333333333,1017.475,1013.5,1020.2,10,jesien,291,-0.9562348265919058,0.2926003356333479,6.7000000000000455,5.1875,6.283333333333417,13.075000000000045,1013.651388888889,1010.6809523809524,5.1875,1.0,wzrost_cisnienia,0.0,0.0,1.0,0.0,0.0,1.21,9.733333333333333,0.0,0.0,2.19,0.25125000000000003,0.31
2021-10-19,1.12,9.970833333333333,7.3,12.6,83.01666666666667,1016.0208333333334,1009.2,1020.2,10,jesien,292,-0.9510565162951536,0.30901699437494723,11.0,-1.4541666666666515,3.7333333333333485,4.829166666666765,1015.2611111111113,1012.1255952380953,1.4541666666666515,-1.0,spadek_cisnienia,180.0,1.2246467991473532e-16,-1.0,0.0,0.0,0.0,9.2125,1.12,1.119999999999993,3.31,0.145,0.24
2021-10-20,0.5700000000000001,15.441666666666668,11.2,18.6,73.1375,999.6583333333333,993.4,1008.1,10,jesien,293,-0.9455963874271428,0.3253420847119795,14.700000000000045,-16.362500000000068,-17.81666666666672,-12.62916666666672,1011.051388888889,1010.4553571428571,16.362500000000068,-1.0,spadek_cisnienia,180.0,1.2246467991473532e-16,-1.0,1.12,0.0,0.0,9.970833333333333,0.5700000000000001,1.689999999999993,2.9000000000000004,-0.01,0.08
2021-10-21,1.3900000000000001,14.120833333333332,9.4,17.0,67.1875,987.0124999999999,980.5,993.1,10,jesien,294,-0.9398560579418953,0.341570769167856,12.600000000000023,-12.645833333333371,-29.00833333333344,-30.46250000000009,1000.8972222222224,1006.8636904761904,12.645833333333371,-1.0,spadek_cisnienia,180.0,1.2246467991473532e-16,-1.0,0.5700000000000001,1.12,0.0,15.441666666666668,1.3900000000000001,3.079999999999993,4.29,0.135,0.54
2021-10-22,6.42,7.270833333333333,5.5,10.0,75.64166666666667,995.4708333333333,991.6,1000.4,10,jesien,295,-0.9338372288229252,0.35769823883312546,8.799999999999955,8.458333333333371,-4.1875,-20.550000000000068,994.0472222222223,1005.5880952380952,8.458333333333371,1.0,wzrost_cisnienia,0.0,0.0,1.0,1.3900000000000001,0.5700000000000001,1.12,14.120833333333332,6.42,8.379999999999992,9.5,0.24250000000000002,0.39
2021-10-23,1.53,6.791666666666667,3.6,10.2,74.40833333333333,1010.6999999999999,1000.7,1021.9,10,jesien,296,-0.9275416835791965,0.3737197147904692,21.199999999999932,15.229166666666629,23.6875,11.041666666666629,997.7277777777778,1005.5178571428571,15.229166666666629,1.0,wzrost_cisnienia,0.0,0.0,1.0,6.42,1.3900000000000001,0.5700000000000001,7.270833333333333,1.53,9.339999999999993,11.03,0.54,0.61
2021-10-24,0.0,6.354166666666667,2.7,12.3,76.075,1024.7250000000001,1022.5,1026.2,10,jesien,297,-0.9209712877166346,0.38963044953078774,3.7000000000000455,14.025000000000205,29.254166666666833,37.712500000000205,1010.2986111111113,1007.2946428571429,14.025000000000205,1.0,wzrost_cisnienia,0.0,0.0,1.0,1.53,6.42,1.3900000000000001,6.791666666666667,0.0,7.949999999999993,11.03,0.29791666666666666,0.47
2021-10-25,0.0,5.708333333333333,1.8,11.2,77.51666666666667,1018.0791666666668,1014.3,1023.2,10,jesien,298,-0.9141279881853337,0.4054257283599973,8.900000000000091,-6.645833333333371,7.379166666666833,22.608333333333462,1017.8347222222224,1007.3809523809524,6.645833333333371,-1.0,spadek_cisnienia,180.0,1.2246467991473532e-16,-1.0,0.0,1.53,6.42,6.354166666666667,0.0,1.529999999999993,11.03,0.14333333333333334,0.19
2021-10-26,0.0,7.7375,2.8,12.4,80.95,1013.1958333333333,1012.2,1014.6,10,jesien,299,-0.9070138128026362,0.42110087079608916,2.3999999999999773,-4.883333333333439,-11.52916666666681,2.495833333333394,1018.6666666666669,1006.977380952381,4.883333333333439,-1.0,spadek_cisnienia,180.0,1.2246467991473532e-16,-1.0,0.0,0.0,1.53,5.708333333333333,0.0,0.0,9.91,0.19875,0.24
2021-10-27,0.0,11.170833333333334,7.3,13.6,83.26666666666667,1014.5,1013.8,1014.9,10,jesien,300,-0.8996308696522434,0.4366512319560638,1.1000000000000227,1.3041666666666742,-3.579166666666765,-10.225000000000136,1015.2583333333336,1009.0976190476191,1.3041666666666742,1.0,wzrost_cisnienia,0.0,0.0,1.0,0.0,0.0,0.0,7.7375,0.0,0.0,9.34,0.21208333333333332,0.28
2021-10-28,0.0,12.8375,8.5,15.4,74.94583333333334,1017.1125000000001,1015.0,1018.1,10,jesien,301,-0.8919813464595487,0.45207220393230374,3.1000000000000227,2.612500000000068,3.9166666666667425,-0.966666666666697,1014.9361111111111,1013.3976190476191,2.612500000000068,1.0,wzrost_cisnienia,0.0,0.0,1.0,0.0,0.0,0.0,11.170833333333334,0.0,0.0,7.95,0.22666666666666668,0.28
2021-10-29,0.0,9.020833333333334,6.0,13.6,74.91250000000001,1012.9833333333332,1011.1,1016.2,10,jesien,302,-0.8840675099433637,0.46735921715800205,5.100000000000023,-4.129166666666833,-1.5166666666667652,-0.21250000000009095,1014.8652777777779,1015.8994047619047,4.129166666666833,-1.0,spadek_cisnienia,180.0,1.2246467991473532e-16,-1.0,0.0,0.0,0.0,12.8375,0.0,0.0,1.53,0.17875,0.21
2021-10-30,0.0,8.079166666666667,3.9,12.9,71.8875,1009.1999999999999,1006.1,1010.9,10,jesien,303,-0.8758917051442433,0.48250774176121763,4.7999999999999545,-3.783333333333303,-7.912500000000136,-5.300000000000068,1013.0986111111112,1015.6851190476191,3.783333333333303,-1.0,spadek_cisnienia,180.0,1.2246467991473532e-16,-1.0,0.0,0.0,0.0,9.020833333333334,0.0,0.0,0.0,0.19583333333333333,0.28
2021-10-31,0.0,10.308,4.6,15.6,68.168,1007.26,1005.3,1008.5,10,jesien,304,-0.867456354729597,0.4975132889071803,3.2000000000000455,-1.9399999999999409,-5.723333333333244,-9.852500000000077,1009.8144444444443,1013.190119047619,1.9399999999999409,-1.0,spadek_cisnienia,180.0,1.2246467991473532e-16,-1.0,0.0,0.0,0.0,8.079166666666667,0.0,0.0,0.0,0.19,0.26
2021-11-01,0.0,9.541666666666666,5.7,13.7,69.17916666666666,1000.8791666666666,999.5,1004.8,11,jesien,305,-0.858763958275803,0.5123714121284235,5.2999999999999545,-6.380833333333385,-8.320833333333326,-12.104166666666629,1005.7797222222222,1010.732976190476,6.380833333333385,-1.0,spadek_cisnienia,180.0,1.2246467991473532e-16,-1.0,0.0,0.0,0.0,10.308,0.0,0.0,0.0,0.19166666666666665,0.33
2021-11-02,4.390000000000001,6.108333333333333,4.4,7.1,88.97083333333335,997.3958333333334,996.3,999.8,11,jesien,306,-0.8498170915275277,0.5270777086423724,3.5,-3.483333333333235,-9.86416666666662,-11.80416666666656,1001.8450000000001,1008.4758333333333,3.483333333333235,-1.0,spadek_cisnienia,180.0,1.2246467991473532e-16,-1.0,0.0,0.0,0.0,9.541666666666666,4.390000000000001,4.3899999999999935,4.390000000000001,0.17500000000000002,0.24
2021-11-03,1.51,8.15,4.3,11.3,84.7375,1000.5083333333333,997.3,1004.4,11,jesien,307,-0.8406184056344783,0.5416278206559811,7.100000000000023,3.1124999999999545,-0.3708333333332803,-6.751666666666665,999.5944444444444,1006.4770238095238,3.1124999999999545,1.0,wzrost_cisnienia,0.0,0.0,1.0,4.390000000000001,0.0,0.0,6.108333333333333,1.51,5.899999999999993,5.9,0.19208333333333336,0.26
2021-11-04,6.23,7.195833333333333,3.5,9.6,87.18333333333334,998.2083333333334,992.1,1004.6,11,jesien,308,-0.8311706263658079,0.5560174366570446,12.5,-2.2999999999999545,0.8125,-2.670833333333235,998.7041666666668,1003.7764285714285,2.2999999999999545,-1.0,spadek_cisnienia,180.0,1.2246467991473532e-16,-1.0,1.51,4.390000000000001,0.0,8.15,6.23,12.129999999999994,12.13,0.17958333333333334,0.33
2021-11-05,0.16,8.299999999999999,7.2,9.8,81.91250000000001,1003.0208333333334,991.8,1011.8,11,jesien,309,-0.8214765533024145,0.5702422926917867,20.0,4.8125,2.5125000000000455,5.625,1000.5791666666668,1002.3532142857142,4.8125,1.0,wzrost_cisnienia,0.0,0.0,1.0,6.23,1.51,4.390000000000001,7.195833333333333,0.16,7.899999999999993,12.290000000000001,0.28791666666666665,0.44
2021-11-06,0.0,9.870833333333334,9.2,10.9,75.99583333333334,1013.1041666666666,1011.2,1014.5,11,jesien,310,-0.8115390590073611,0.5842981736283683,3.2999999999999545,10.083333333333258,14.895833333333258,12.595833333333303,1004.7777777777779,1002.9109523809523,10.083333333333258,1.0,wzrost_cisnienia,0.0,0.0,1.0,0.16,6.23,1.51,8.299999999999999,0.0,6.3899999999999935,12.290000000000001,0.21666666666666667,0.29
2021-11-07,2.6,8.370833333333334,7.1,10.0,78.4875,1002.4375,998.6,1010.2,11,jesien,311,-0.8013610881746769,0.5981809144059159,11.600000000000023,-10.666666666666629,-0.5833333333333712,4.229166666666629,1006.1875,1002.2220238095239,10.666666666666629,-1.0,spadek_cisnienia,180.0,1.2246467991473532e-16,-1.0,0.0,0.16,6.23,9.870833333333334,2.6,2.759999999999993,14.89,0.2675,0.43
2021-11-08,4.28,6.7749999999999995,3.9,8.0,81.88333333333334,1011.0083333333333,1002.4,1020.3,11,jesien,312,-0.7909456567567774,0.6118864012687242,17.899999999999977,8.570833333333326,-2.095833333333303,7.9874999999999545,1008.85,1003.6690476190477,8.570833333333326,1.0,wzrost_cisnienia,0.0,0.0,1.0,2.6,0.0,0.16,8.370833333333334,4.28,6.879999999999994,19.17,0.4779166666666667,0.56
2021-11-09,0.0,5.495833333333334,2.6,8.1,76.92916666666666,1024.7833333333333,1020.8,1026.7,11,jesien,313,-0.780295851070776,0.6254105729852457,5.900000000000091,13.774999999999977,22.345833333333303,11.679166666666674,1012.7430555555557,1007.5815476190476,13.774999999999977,1.0,wzrost_cisnienia,0.0,0.0,1.0,4.28,2.6,0.0,6.7749999999999995,0.0,6.879999999999993,14.780000000000001,0.2070833333333333,0.4
2021-11-10,0.0,6.408333333333334,4.4,8.9,80.82916666666667,1021.5291666666667,1018.7,1024.4,11,jesien,314,-0.7694148268839381,0.6387494220515268,5.7000000000000455,-3.254166666666606,10.520833333333371,19.091666666666697,1019.1069444444446,1010.5845238095238,3.254166666666606,-1.0,spadek_cisnienia,180.0,1.2246467991473532e-16,-1.0,0.0,4.28,2.6,5.495833333333334,0.0,4.279999999999992,13.270000000000001,0.08875,0.18
2021-11-11,0.0,8.4125,5.3,10.4,82.19583333333334,1016.4458333333333,1015.1,1018.7,11,jesien,315,-0.7583058084785625,0.6518989958787125,3.6000000000000227,-5.083333333333371,-8.337499999999977,5.4375,1020.9194444444446,1013.189880952381,5.083333333333371,-1.0,spadek_cisnienia,180.0,1.2246467991473532e-16,-1.0,0.0,0.0,4.28,6.408333333333334,0.0,0.0,7.040000000000001,0.22,0.27
2021-11-12,0.0,8.304166666666667,4.5,10.8,77.77916666666667,1016.6666666666666,1015.4,1017.5,11,jesien,316,-0.7469720876965551,0.6648553979642867,2.1000000000000227,0.22083333333330302,-4.862500000000068,-8.116666666666674,1018.2138888888891,1015.1392857142856,0.22083333333330302,1.0,wzrost_cisnienia,0.0,0.0,1.0,0.0,0.0,0.0,8.4125,0.0,0.0,6.880000000000001,0.29375,0.37
2021-11-13,0.0,5.741666666666667,3.2,7.1,90.4875,1014.6125000000001,1013.6,1016.0,11,jesien,317,-0.7354170229639858,0.6776147890466887,2.3999999999999773,-2.0541666666665606,-1.8333333333332575,-6.916666666666629,1015.9083333333334,1015.354761904762,2.0541666666665606,-1.0,spadek_cisnienia,180.0,1.2246467991473532e-16,-1.0,0.0,0.0,0.0,8.304166666666667,0.0,0.0,6.880000000000001,0.29625,0.35
2021-11-14,0.0,7.054166666666667,6.0,8.1,77.925,1021.9250000000001,1015.9,1028.3,11,jesien,318,-0.7236440382959123,0.690173388242972,12.399999999999977,7.3125,5.258333333333439,5.4791666666667425,1017.7347222222224,1018.1386904761905,7.3125,1.0,wzrost_cisnienia,0.0,0.0,1.0,0.0,0.0,0.0,5.741666666666667,0.0,0.0,4.280000000000001,0.30333333333333334,0.36
2021-11-15,0.0,5.558333333333334,5.0,6.2,80.02916666666667,1028.5083333333334,1027.2,1029.4,11,jesien,319,-0.7116566222817751,0.7025274741691566,2.2000000000000455,6.583333333333371,13.895833333333371,11.84166666666681,1021.6819444444446,1020.6386904761905,6.583333333333371,1.0,wzrost_cisnienia,0.0,0.0,1.0,0.0,0.0,0.0,7.054166666666667,0.0,0.0,0.0,0.16333333333333333,0.28
2021-11-16,0.0,5.141666666666667,4.7,5.6,85.86666666666667,1022.2333333333335,1017.3,1026.8,11,jesien,320,-0.6994583270516471,0.7146733860429608,9.5,-6.274999999999977,0.30833333333339397,7.620833333333394,1024.2222222222224,1020.2744047619047,6.274999999999977,-1.0,spadek_cisnienia,180.0,1.2246467991473532e-16,-1.0,0.0,0.0,0.0,5.558333333333334,0.0,0.0,0.0,0.07833333333333334,0.13
2021-11-17,0.18,5.3374999999999995,4.5,6.0,87.6125,1012.9083333333333,1010.2,1016.9,11,jesien,321,-0.6870527672236675,0.726607524768565,6.699999999999932,-9.32500000000016,-15.600000000000136,-9.016666666666765,1021.216666666667,1019.0428571428572,9.32500000000016,-1.0,spadek_cisnienia,180.0,1.2246467991473532e-16,-1.0,0.0,0.0,0.0,5.141666666666667,0.18,0.1799999999999929,0.18,0.07916666666666666,0.12
2021-11-18,3.62,7.445833333333333,5.6,9.6,84.925,1010.8041666666667,1006.0,1012.7,11,jesien,322,-0.6744436188329457,0.7383263540031063,6.7000000000000455,-2.1041666666666288,-11.429166666666788,-17.704166666666765,1015.3152777777781,1018.2369047619047,2.1041666666666288,-1.0,spadek_cisnienia,180.0,1.2246467991473532e-16,-1.0,0.18,0.0,0.0,5.3374999999999995,3.62,3.799999999999993,3.8000000000000003,0.16416666666666666,0.4
2021-11-19,0.48,12.095833333333333,10.5,13.3,77.36666666666666,1005.5875,1003.4,1007.4,11,jesien,323,-0.661634618242279,0.749826401204568,4.0,-5.216666666666697,-7.320833333333326,-16.645833333333485,1009.7666666666668,1016.6541666666668,5.216666666666697,-1.0,spadek_cisnienia,180.0,1.2246467991473532e-16,-1.0,3.62,0.18,0.0,7.445833333333333,0.48,4.279999999999993,4.28,0.2975,0.45
2021-11-20,0.45999999999999996,10.387500000000001,9.2,12.0,73.7375,1007.3791666666666,1001.9,1011.0,11,jesien,324,-0.6486295610349818,0.7611042586607742,9.100000000000023,1.7916666666666288,-3.425000000000068,-5.529166666666697,1007.9236111111112,1015.6208333333334,1.7916666666666288,1.0,wzrost_cisnienia,0.0,0.0,1.0,0.48,3.62,0.18,12.095833333333333,0.45999999999999996,4.559999999999993,4.74,0.3566666666666667,0.44
2021-11-21,0.59,8.325000000000001,6.1,10.0,76.35833333333333,1001.275,997.5,1008.4,11,jesien,325,-0.6354323008901775,0.7721565844991641,10.899999999999977,-6.104166666666629,-4.3125,-9.529166666666697,1004.7472222222223,1012.6708333333333,6.104166666666629,-1.0,spadek_cisnienia,180.0,1.2246467991473532e-16,-1.0,0.45999999999999996,0.48,3.62,10.387500000000001,0.59,1.5299999999999927,5.33,0.4058333333333333,0.49
2021-11-22,1.7,3.3041666666666667,0.0,5.6,80.4875,1014.4416666666666,1009.0,1017.5,11,jesien,326,-0.622046748440868,0.7829801036770625,8.5,13.166666666666629,7.0625,8.854166666666629,1007.6986111111113,1010.6613095238096,13.166666666666629,1.0,wzrost_cisnienia,0.0,0.0,1.0,0.59,0.45999999999999996,0.48,8.325000000000001,1.7,2.749999999999993,7.03,0.3529166666666667,0.48
2021-11-23,0.17,4.5625,1.4,7.8,79.575,1015.3583333333332,1012.1,1017.3,11,jesien,327,-0.6084768701151264,0.7935716089521472,5.199999999999932,0.9166666666666288,14.083333333333258,7.979166666666629,1010.3583333333335,1009.6791666666667,0.9166666666666288,1.0,wzrost_cisnienia,0.0,0.0,1.0,1.7,0.59,0.45999999999999996,3.3041666666666667,0.17,2.459999999999993,7.2,0.355,0.46
2021-11-24,0.55,7.012499999999999,5.3,8.7,85.2375,1013.6458333333334,1011.7,1015.8,11,jesien,328,-0.594726686960764,0.8039279618328208,4.099999999999909,-1.7124999999998636,-0.7958333333332348,12.370833333333394,1014.4819444444446,1009.7845238095236,1.7124999999998636,-1.0,spadek_cisnienia,180.0,1.2246467991473532e-16,-1.0,0.17,1.7,0.59,4.5625,0.55,2.4199999999999933,7.57,0.24208333333333334,0.33
2021-11-25,0.0,5.25,3.7,6.9,73.375,1003.375,995.8,1011.1,11,jesien,329,-0.5808002734538014,0.8140460935082175,15.300000000000068,-10.270833333333371,-11.983333333333235,-11.066666666666606,1010.7930555555557,1008.7232142857143,10.270833333333371,-1.0,spadek_cisnienia,180.0,1.2246467991473532e-16,-1.0,0.55,0.17,1.7,7.012499999999999,0.0,0.719999999999993,3.95,0.22375,0.33
2021-11-26,0.0,4.095833333333333,1.2,6.5,73.6875,993.6833333333334,991.8,995.5,11,jesien,330,-0.5667017562911184,0.8239230057575536,3.7000000000000455,-9.691666666666606,-19.962499999999977,-21.67499999999984,1003.5680555555558,1007.022619047619,9.691666666666606,-1.0,spadek_cisnienia,180.0,1.2246467991473532e-16,-1.0,0.0,0.55,0.17,5.25,0.0,0.5499999999999929,3.47,0.3383333333333334,0.41
2021-11-27,2.33,2.3916666666666666,1.2,3.2,88.80416666666667,991.1583333333333,989.6,993.0,11,jesien,331,-0.5524353131676203,0.8335557718385695,3.3999999999999773,-2.525000000000091,-12.216666666666697,-22.487500000000068,996.0722222222224,1004.7053571428571,2.525000000000091,-1.0,spadek_cisnienia,180.0,1.2246467991473532e-16,-1.0,0.0,0.0,0.55,4.095833333333333,2.33,2.329999999999993,5.34,0.37875,0.4
2021-11-28,2.17,2.029166666666667,1.3,2.9,87.84583333333335,993.3000000000001,992.2,994.3,11,jesien,332,-0.5380051715382992,0.8429415373547832,2.099999999999909,2.141666666666765,-0.38333333333332575,-10.074999999999932,992.7138888888891,1003.5660714285715,2.141666666666765,1.0,wzrost_cisnienia,0.0,0.0,1.0,2.33,0.0,0.0,2.3916666666666666,2.17,4.499999999999993,6.92,0.3429166666666667,0.39
2021-11-29,7.8100000000000005,2.6666666666666665,1.6,4.3,86.925,992.5208333333334,991.3,994.8,11,jesien,333,-0.5234156073655503,0.8520775211013093,3.5,-0.779166666666697,1.3625000000000682,-1.1625000000000227,992.326388888889,1000.4345238095239,0.779166666666697,-1.0,spadek_cisnienia,180.0,1.2246467991473532e-16,-1.0,2.17,2.33,0.0,2.029166666666667,7.8100000000000005,12.309999999999993,13.030000000000001,0.4283333333333333,0.56
2021-11-30,2.0,0.7208333333333333,-0.5,2.9,86.325,989.1,981.8,995.5,11,jesien,334,-0.5086709438521042,0.8609610158889945,13.700000000000045,-3.4208333333333485,-4.2000000000000455,-2.0583333333332803,991.640277777778,996.6833333333334,3.4208333333333485,-1.0,spadek_cisnienia,180.0,1.2246467991473532e-16,-1.0,7.8100000000000005,2.17,2.33,2.6666666666666665,2.0,11.979999999999993,14.86,0.32416666666666666,0.46
2021-12-01,0.93,0.5416666666666666,-2.1,3.6,85.9375,989.2375000000001,977.7,995.6,12,zima,335,-0.4937755501599774,0.8695893893466109,17.899999999999977,0.13750000000004547,-3.283333333333303,-4.0625,990.2861111111112,993.1964285714286,0.13750000000004547,1.0,wzrost_cisnienia,0.0,0.0,1.0,2.0,7.8100000000000005,2.17,0.7208333333333333,0.93,10.739999999999993,15.24,0.24958333333333335,0.45
2021-12-02,1.86,2.908333333333333,0.7,5.4,80.25416666666666,980.6291666666666,974.5,993.3,12,zima,336,-0.4787338401157883,0.8779600847008883,18.799999999999955,-8.608333333333462,-8.470833333333417,-11.891666666666765,986.3222222222224,989.9470238095239,8.608333333333462,-1.0,spadek_cisnienia,180.0,1.2246467991473532e-16,-1.0,0.93,2.0,7.8100000000000005,0.5416666666666666,1.86,4.789999999999993,17.1,0.3854166666666667,0.61
2021-12-03,0.87,1.05,-1.0,2.3,82.8625,997.1083333333332,994.0,999.4,12,zima,337,-0.4635502709028512,0.8860706215341377,5.399999999999977,16.47916666666663,7.870833333333167,8.008333333333212,988.9916666666668,990.4363095238095,16.47916666666663,1.0,wzrost_cisnienia,0.0,0.0,1.0,1.86,0.93,2.0,2.908333333333333,0.87,3.659999999999993,17.97,0.32708333333333334,0.53
2021-12-04,0.0,1.4958333333333333,0.7,2.6,81.94583333333334,997.5958333333333,996.2,1000.1,12,zima,338,-0.4482293417404106,0.893918596519257,3.8999999999999773,0.4875000000000682,16.966666666666697,8.358333333333235,991.7777777777778,991.3559523809524,0.4875000000000682,1.0,wzrost_cisnienia,0.0,0.0,1.0,0.87,1.86,0.93,1.05,0.0,2.729999999999993,15.639999999999999,0.24750000000000003,0.3
2021-12-05,0.39,1.3791666666666667,-0.5,3.0,84.82916666666667,1004.0166666666668,1000.0,1008.4,12,zima,339,-0.4327755925504317,0.9015016841318838,8.399999999999977,6.420833333333462,6.90833333333353,23.38750000000016,999.5736111111113,992.8869047619047,6.420833333333462,1.0,wzrost_cisnienia,0.0,0.0,1.0,0.0,0.87,1.86,1.4958333333333333,0.39,1.259999999999993,13.86,0.27999999999999997,0.32
2021-12-06,0.16999999999999998,0.14583333333333334,-2.9,1.6,73.51666666666667,1010.9958333333334,1008.6,1012.3,12,zima,340,-0.41719360261231697,0.9088176373395028,3.699999999999932,6.979166666666629,13.400000000000091,13.88750000000016,1004.202777777778,995.5261904761904,6.979166666666629,1.0,wzrost_cisnienia,0.0,0.0,1.0,0.39,0.0,0.87,1.3791666666666667,0.16999999999999998,0.559999999999993,6.219999999999999,0.2625,0.34
2021-12-07,0.0,-4.845833333333333,-7.3,-2.7,77.64999999999999,1012.9416666666666,1011.7,1013.7,12,zima,341,-0.4014879892059737,0.9158642882672868,2.0,1.945833333333212,8.92499999999984,15.345833333333303,1009.3180555555558,998.9321428571428,1.945833333333212,1.0,wzrost_cisnienia,0.0,0.0,1.0,0.16999999999999998,0.39,0.0,0.14583333333333334,0.0,0.559999999999993,4.219999999999999,0.06041666666666667,0.12
2021-12-08,0.0,-6.845833333333334,-8.1,-6.2,81.31666666666666,1010.6541666666667,1009.3,1012.5,12,zima,342,-0.38566340624360745,0.9226395488404875,3.2000000000000455,-2.287499999999909,-0.341666666666697,6.637499999999932,1011.5305555555557,1001.9916666666668,2.287499999999909,-1.0,spadek_cisnienia,180.0,1.2246467991473532e-16,-1.0,0.0,0.16999999999999998,0.39,-4.845833333333333,0.0,0.16999999999999288,3.289999999999999,-0.07708333333333334,0.0
2021-12-09,0.26,-3.6,-6.4,-1.7,75.14166666666667,1006.7166666666667,1003.8,1009.2,12,zima,343,-0.3697245428906732,0.9291414114031743,5.400000000000091,-3.9375,-6.224999999999909,-4.279166666666697,1010.1041666666669,1005.7184523809523,3.9375,-1.0,spadek_cisnienia,180.0,1.2246467991473532e-16,-1.0,0.0,0.0,0.16999999999999998,-6.845833333333334,0.26,0.2599999999999929,1.689999999999999,-0.10666666666666667,-0.05
2021-12-10,4.51,-0.4375,-2.1,0.6,91.14166666666667,999.6750000000001,997.5,1003.1,12,zima,344,-0.3536761221763721,0.935367949313148,5.600000000000023,-7.041666666666629,-10.979166666666629,-13.266666666666538,1005.6819444444446,1006.0851190476191,7.041666666666629,-1.0,spadek_cisnienia,180.0,1.2246467991473532e-16,-1.0,0.26,0.0,0.0,-3.6,4.51,4.7699999999999925,5.329999999999999,-0.15,-0.09
2021-12-11,0.0,-1.825,-4.6,0.2,91.32916666666667,1009.0749999999999,1002.3,1015.9,12,zima,345,-0.33752289959411347,0.941317317512847,13.600000000000023,9.399999999999864,2.358333333333235,-1.5791666666667652,1005.1555555555557,1007.725,9.399999999999864,1.0,wzrost_cisnienia,0.0,0.0,1.0,4.51,0.26,0.0,-0.4375,0.0,4.7699999999999925,5.329999999999999,-0.08458333333333334,-0.04
2021-12-12,0.0,-2.9625,-6.9,-0.4,89.21666666666665,1018.15,1016.0,1019.2,12,zima,346,-0.32126966169236515,0.946987753076075,3.2000000000000455,9.075000000000045,18.47499999999991,11.43333333333328,1008.9666666666668,1009.7440476190476,9.075000000000045,1.0,wzrost_cisnienia,0.0,0.0,1.0,0.0,4.51,0.26,-1.825,0.0,4.509999999999993,4.9399999999999995,-0.10666666666666667,-0.08
2021-12-13,0.0,0.6166666666666667,-0.7,2.1,91.0125,1020.8791666666666,1019.5,1021.9,12,zima,347,-0.3049212246562894,0.9523775757303973,2.3999999999999773,2.7291666666666288,11.804166666666674,21.204166666666538,1016.0347222222223,1011.1559523809523,2.7291666666666288,1.0,wzrost_cisnienia,0.0,0.0,1.0,0.0,0.0,4.51,-2.9625,0.0,0.0,4.77,-0.10333333333333333,-0.04
2021-12-14,0.0,4.141666666666667,1.5,5.9,88.7,1018.8291666666668,1017.2,1021.2,12,zima,348,-0.2884824328806098,0.9574851883550389,4.0,-2.049999999999841,0.6791666666667879,9.754166666666833,1019.2861111111112,1011.9970238095239,2.049999999999841,-1.0,spadek_cisnienia,180.0,1.2246467991473532e-16,-1.0,0.0,0.0,0.0,0.6166666666666667,0.0,0.0,4.77,-0.11541666666666667,0.0
2021-12-15,0.0,6.6875,3.8,9.3,82.375,1019.8625000000001,1017.7,1020.9,12,zima,349,-0.27195815753410524,0.9623090774541487,3.199999999999932,1.033333333333303,-1.0166666666665378,1.712500000000091,1019.8569444444446,1013.3125000000001,1.033333333333303,1.0,wzrost_cisnienia,0.0,0.0,1.0,0.0,0.0,0.0,4.141666666666667,0.0,0.0,4.77,-0.07708333333333334,-0.01
2021-12-16,0.0,7.620833333333334,5.5,8.8,77.21249999999999,1020.8625000000001,1018.1,1023.8,12,zima,350,-0.2553532951161881,0.9668478136052773,5.699999999999932,1.0,2.033333333333303,-0.01666666666653782,1019.8513888888891,1015.3333333333334,1.0,1.0,wzrost_cisnienia,0.0,0.0,1.0,0.0,0.0,0.0,6.6875,0.0,0.0,4.509999999999999,0.06833333333333334,0.16
2021-12-17,0.0,5.054166666666666,3.6,6.9,74.34166666666667,1025.6791666666666,1023.7,1028.3,12,zima,351,-0.23867276600594997,0.9711000518829505,4.599999999999909,4.816666666666492,5.816666666666492,6.849999999999795,1022.1347222222224,1019.0482142857143,4.816666666666492,1.0,wzrost_cisnienia,0.0,0.0,1.0,0.0,0.0,0.0,7.620833333333334,0.0,0.0,0.0,0.19375,0.28
2021-12-18,0.0,4.820833333333334,2.5,6.5,83.14999999999999,1021.5791666666668,1013.0,1028.1,12,zima,352,-0.22192151300416674,0.9750645322571945,15.099999999999909,-4.099999999999795,0.716666666666697,1.716666666666697,1022.7069444444446,1020.8345238095238,4.099999999999795,-1.0,spadek_cisnienia,180.0,1.2246467991473532e-16,-1.0,0.0,0.0,0.0,5.054166666666666,0.0,0.0,0.0,0.10000000000000002,0.16
2021-12-19,0.0,5.5125,3.9,6.6,67.63333333333334,1007.5416666666666,1005.9,1011.3,12,zima,353,-0.20510449986861926,0.9787400799669153,5.399999999999977,-14.037500000000136,-18.137499999999932,-13.32083333333344,1018.2666666666668,1019.3190476190476,14.037500000000136,-1.0,spadek_cisnienia,180.0,1.2246467991473532e-16,-1.0,0.0,0.0,0.0,4.820833333333334,0.0,0.0,0.0,0.3445833333333333,0.61
2021-12-20,6.23,1.3208333333333333,-1.0,3.1,76.82083333333334,1013.0583333333334,1007.2,1018.1,12,zima,354,-0.1882267098432439,0.9821256058680006,10.899999999999977,5.516666666666765,-8.520833333333371,-12.620833333333167,1014.0597222222224,1018.2017857142857,5.516666666666765,1.0,wzrost_cisnienia,0.0,0.0,1.0,0.0,0.0,0.0,5.5125,6.23,6.229999999999993,6.2299999999999995,0.50125,0.62
2021-12-21,1.98,-1.5291666666666668,-3.0,-0.4,78.35000000000001,1019.2125,1018.1,1020.4,12,zima,355,-0.1712931441814778,0.9852201067560606,2.2999999999999545,6.154166666666583,11.670833333333348,-2.366666666666788,1013.2708333333335,1018.2565476190476,6.154166666666583,1.0,wzrost_cisnienia,0.0,0.0,1.0,6.23,0.0,0.0,1.3208333333333333,1.98,8.209999999999994,8.209999999999999,0.245,0.33
2021-12-22,0.67,-1.6833333333333333,-2.6,-0.9,76.99166666666666,1021.1708333333332,1018.0,1022.6,12,zima,356,-0.154308820664281,0.9880226656636976,4.600000000000023,1.9583333333332575,8.11249999999984,13.629166666666606,1017.813888888889,1018.4434523809523,1.9583333333332575,1.0,wzrost_cisnienia,0.0,0.0,1.0,1.98,6.23,0.0,-1.5291666666666668,0.67,8.879999999999994,8.879999999999999,0.07833333333333334,0.17
2021-12-23,0.54,-1.2583333333333333,-2.6,0.4,76.10416666666667,1007.5166666666668,995.5,1017.2,12,zima,357,-0.13727877211326517,0.9905324521322227,21.700000000000045,-13.65416666666647,-11.695833333333212,-5.541666666666629,1015.9666666666668,1016.5369047619049,13.65416666666647,-1.0,spadek_cisnienia,180.0,1.2246467991473532e-16,-1.0,0.67,1.98,6.23,-1.6833333333333333,0.54,3.189999999999993,9.42,-0.052083333333333336,0.02
2021-12-24,3.24,-1.3166666666666667,-3.9,1.6,86.81666666666666,991.0500000000001,987.1,996.8,12,zima,358,-0.12020804489935275,0.9927487224577402,9.699999999999932,-16.466666666666697,-30.120833333333167,-28.16249999999991,1006.5791666666668,1011.5898809523811,16.466666666666697,-1.0,spadek_cisnienia,180.0,1.2246467991473532e-16,-1.0,0.54,0.67,1.98,-1.2583333333333333,3.24,4.449999999999993,12.66,0.23916666666666667,0.48
2021-12-25,0.0,-3.1958333333333333,-4.9,-1.6,74.35000000000001,1003.1083333333332,997.8,1006.1,12,zima,359,-0.10310169744743544,0.9946708199115211,8.300000000000068,12.058333333333167,-4.40833333333353,-18.0625,1000.5583333333335,1008.9511904761904,12.058333333333167,1.0,wzrost_cisnienia,0.0,0.0,1.0,3.24,0.54,0.67,-1.3166666666666667,0.0,3.779999999999993,12.66,0.23,0.37
2021-12-26,0.0,-2.3833333333333333,-3.5,-0.4,82.40833333333333,1008.7375000000001,1006.0,1012.0,12,zima,360,-0.0859647987374467,0.9962981749346077,6.0,5.629166666666833,17.6875,1.220833333333303,1000.9652777777779,1009.1220238095239,5.629166666666833,1.0,wzrost_cisnienia,0.0,0.0,1.0,0.0,3.24,0.54,-3.1958333333333333,0.0,3.239999999999993,12.66,0.16333333333333333,0.29
2021-12-27,0.0,-7.5375000000000005,-10.3,-3.1,86.15416666666665,1012.2791666666667,1010.8,1013.2,12,zima,361,-0.06880242680232064,0.9976303053065857,2.400000000000091,3.5416666666666288,9.170833333333462,21.22916666666663,1008.0416666666669,1009.0107142857144,3.5416666666666288,1.0,wzrost_cisnienia,0.0,0.0,1.0,0.0,0.0,3.24,-2.3833333333333333,0.0,0.0,6.43,-0.02416666666666667,0.04
2021-12-28,0.0,-6.495833333333334,-10.7,-2.6,79.55416666666666,1004.5458333333332,1000.1,1010.6,12,zima,362,-0.05161966722325418,0.9986668162884759,10.5,-7.733333333333462,-4.191666666666833,1.4375,1008.5208333333335,1006.9154761904762,7.733333333333462,-1.0,spadek_cisnienia,180.0,1.2246467991473532e-16,-1.0,0.0,0.0,0.0,-7.5375000000000005,0.0,0.0,4.449999999999999,-0.2004166666666667,-0.1
2021-12-29,0.0,-1.4916666666666665,-2.5,-0.2,85.325,1001.8208333333333,1000.0,1004.9,12,zima,363,-0.034421611622745804,0.9994074007397048,4.899999999999977,-2.724999999999909,-10.458333333333371,-6.9166666666667425,1006.2152777777779,1004.1511904761904,2.724999999999909,-1.0,spadek_cisnienia,180.0,1.2246467991473532e-16,-1.0,0.0,0.0,0.0,-6.495833333333334,0.0,0.0,3.7799999999999994,-0.12416666666666666,-0.02
2021-12-30,0.0,2.670833333333333,-0.2,6.5,89.32083333333333,1004.6,1003.4,1005.9,12,zima,364,-0.01721335615583528,0.9998518392091162,2.5,2.779166666666697,0.05416666666678793,-7.679166666666674,1003.6555555555557,1003.7345238095238,2.779166666666697,1.0,wzrost_cisnienia,0.0,0.0,1.0,0.0,0.0,0.0,-1.4916666666666665,0.0,0.0,3.2399999999999993,-0.09916666666666667,-0.01
2021-12-31,2.5700000000000003,9.4125,7.0,11.1,89.14583333333333,1002.8666666666667,1000.9,1004.8,12,zima,365,6.432490598706546e-16,1.0,3.8999999999999773,-1.7333333333333485,1.0458333333333485,-1.6791666666665606,1003.0958333333334,1005.4226190476192,1.7333333333333485,-1.0,spadek_cisnienia,180.0,1.2246467991473532e-16,-1.0,0.0,0.0,0.0,2.670833333333333,2.5700000000000003,2.569999999999993,2.5699999999999994,0.010833333333333334,0.1
2022-01-01,0.0,6.254166666666666,4.1,7.9,82.35833333333333,1013.4541666666668,1005.5,1019.4,1,zima,1,0.017213356155834685,0.9998518392091162,13.899999999999977,10.587500000000091,8.854166666666742,11.63333333333344,1006.9736111111114,1006.9005952380952,10.587500000000091,1.0,wzrost_cisnienia,0.0,0.0,1.0,2.5700000000000003,0.0,0.0,9.4125,0.0,2.569999999999993,2.5699999999999994,0.14166666666666666,0.3
2022-01-02,4.4399999999999995,8.0875,3.8,11.3,86.8875,1004.2791666666667,994.4,1017.6,1,zima,2,0.03442161162274574,0.9994074007397048,23.200000000000045,-9.175000000000068,1.4125000000000227,-0.32083333333332575,1006.8666666666669,1006.2636904761905,9.175000000000068,-1.0,spadek_cisnienia,180.0,1.2246467991473532e-16,-1.0,0.0,2.5700000000000003,0.0,6.254166666666666,4.4399999999999995,7.009999999999993,7.009999999999999,0.002083333333333334,0.16
2022-01-03,1.4,7.670833333333333,6.3,8.7,82.99583333333334,996.0708333333333,994.5,996.9,1,zima,3,0.051619667223253764,0.998666816288476,2.3999999999999773,-8.208333333333371,-17.38333333333344,-6.7958333333333485,1004.6013888888891,1003.9482142857144,8.208333333333371,-1.0,spadek_cisnienia,180.0,1.2246467991473532e-16,-1.0,4.4399999999999995,0.0,2.5700000000000003,8.0875,1.4,5.839999999999993,8.409999999999998,0.11958333333333333,0.28
2022-01-04,0.0,6.304166666666667,5.6,6.8,80.30833333333334,989.9291666666667,985.1,995.0,1,zima,4,0.06880242680231986,0.9976303053065857,9.899999999999977,-6.1416666666666515,-14.350000000000023,-23.52500000000009,996.7597222222224,1001.8601190476192,6.1416666666666515,-1.0,spadek_cisnienia,180.0,1.2246467991473532e-16,-1.0,1.4,4.4399999999999995,0.0,7.670833333333333,0.0,5.839999999999993,8.409999999999998,0.07833333333333332,0.25
2022-01-05,0.0,3.3666666666666667,2.0,4.9,73.73333333333333,989.4166666666666,987.0,991.2,1,zima,5,0.08596479873744647,0.9962981749346078,4.2000000000000455,-0.5125000000000455,-6.654166666666697,-14.862500000000068,991.8055555555557,1000.0880952380952,0.5125000000000455,-1.0,spadek_cisnienia,180.0,1.2246467991473532e-16,-1.0,0.0,1.4,4.4399999999999995,6.304166666666667,0.0,1.3999999999999928,8.409999999999998,0.15958333333333333,0.26
2022-01-06,0.1,0.24166666666666667,-1.8,3.2,74.97916666666667,1001.9583333333334,991.5,1011.0,1,zima,6,0.10310169744743485,0.9946708199115211,19.5,12.541666666666742,12.029166666666697,5.8875000000000455,993.7680555555557,999.7107142857143,12.541666666666742,1.0,wzrost_cisnienia,0.0,0.0,1.0,0.0,0.0,1.4,3.3666666666666667,0.1,0.0999999999999929,8.509999999999998,0.4170833333333333,0.56
2022-01-07,0.0,-0.08333333333333331,-1.6,1.6,75.44583333333334,1009.2125,1006.7,1011.3,1,zima,7,0.1202080448993527,0.9927487224577402,4.599999999999909,7.254166666666606,19.79583333333335,19.283333333333303,1000.1958333333336,1000.6172619047619,7.254166666666606,1.0,wzrost_cisnienia,0.0,0.0,1.0,0.1,0.0,0.0,0.24166666666666667,0.0,0.0999999999999929,5.939999999999999,0.23124999999999998,0.28
2022-01-08,1.66,1.1875,0.2,2.4,83.51666666666667,1003.75,1001.1,1006.5,1,zima,8,0.13727877211326478,0.9905324521322229,5.399999999999977,-5.462499999999977,1.7916666666666288,14.333333333333371,1004.9736111111112,999.2309523809524,5.462499999999977,-1.0,spadek_cisnienia,180.0,1.2246467991473532e-16,-1.0,0.0,0.1,0.0,-0.08333333333333331,1.66,1.759999999999993,7.599999999999999,0.17958333333333332,0.25
2022-01-09,0.0,-1.0125,-3.3,1.4,81.48333333333333,1001.4875000000001,999.2,1007.4,1,zima,9,0.15430882066428117,0.9880226656636976,8.199999999999932,-2.262499999999932,-7.724999999999909,-0.470833333333303,1004.8166666666667,998.8321428571428,2.262499999999932,-1.0,spadek_cisnienia,180.0,1.2246467991473532e-16,-1.0,1.66,0.0,0.1,1.1875,0.0,1.6599999999999928,3.1599999999999993,0.14791666666666667,0.25
2022-01-10,0.0,-2.504166666666667,-5.0,1.3,82.00833333333334,1019.525,1008.2,1028.9,1,zima,10,0.1712931441814776,0.9852201067560606,20.700000000000045,18.03749999999991,15.774999999999977,10.3125,1008.254166666667,1002.182738095238,18.03749999999991,1.0,wzrost_cisnienia,0.0,0.0,1.0,0.0,1.66,0.0,-1.0125,0.0,1.6599999999999928,1.7599999999999991,0.20625000000000002,0.25
2022-01-11,0.0,0.4041666666666666,-1.6,1.9,79.85416666666667,1031.1333333333334,1029.2,1032.1,1,zima,11,0.1882267098432442,0.9821256058680006,2.8999999999998636,11.608333333333462,29.64583333333337,27.38333333333344,1017.3819444444447,1008.0690476190476,11.608333333333462,1.0,wzrost_cisnienia,0.0,0.0,1.0,0.0,0.0,1.66,-2.504166666666667,0.0,0.0,1.7599999999999991,0.07875,0.17
2022-01-12,0.0,-0.16666666666666666,-3.3,2.6,78.55416666666666,1028.3,1023.8,1031.4,1,zima,12,0.2051044998686192,0.9787400799669153,7.600000000000136,-2.833333333333485,8.774999999999977,26.812499999999886,1026.3194444444446,1013.6238095238095,2.833333333333485,-1.0,spadek_cisnienia,180.0,1.2246467991473532e-16,-1.0,0.0,0.0,0.0,0.4041666666666666,0.0,0.0,1.7599999999999991,-0.0037499999999999994,0.08
2022-01-13,0.0,6.308333333333334,3.1,7.6,79.39583333333333,1017.1208333333334,1013.6,1022.5,1,zima,13,0.22192151300416552,0.9750645322571948,8.899999999999977,-11.17916666666656,-14.012500000000045,-2.4041666666665833,1025.518055555556,1015.7898809523809,11.17916666666656,-1.0,spadek_cisnienia,180.0,1.2246467991473532e-16,-1.0,0.0,0.0,0.0,-0.16666666666666666,0.0,0.0,1.659999999999999,0.11041666666666666,0.24
2022-01-14,0.08,6.8374999999999995,4.1,9.3,61.112500000000004,1012.0041666666666,1008.1,1017.6,1,zima,14,0.2386727660059501,0.9711000518829505,9.5,-5.116666666666788,-16.29583333333335,-19.129166666666833,1019.1416666666668,1016.1886904761905,5.116666666666788,-1.0,spadek_cisnienia,180.0,1.2246467991473532e-16,-1.0,0.0,0.0,0.0,6.308333333333334,0.08,0.0799999999999929,1.739999999999999,0.38875,0.63
2022-01-15,0.0,2.4791666666666665,0.6,4.3,67.16250000000001,1019.4541666666668,1017.4,1020.9,1,zima,15,0.255353295116187,0.9668478136052775,3.5,7.450000000000159,2.3333333333333712,-8.84583333333319,1016.1930555555558,1018.4321428571429,7.450000000000159,1.0,wzrost_cisnienia,0.0,0.0,1.0,0.08,0.0,0.0,6.8374999999999995,0.0,0.0799999999999929,0.07999999999999911,0.3441666666666667,0.51
2022-01-16,1.12,1.2750000000000001,-0.3,4.2,80.14583333333333,1011.125,1001.6,1019.3,1,zima,16,0.2719581575341055,0.9623090774541486,17.699999999999932,-8.329166666666765,-0.879166666666606,-5.995833333333394,1014.1944444444447,1019.8089285714286,8.329166666666765,-1.0,spadek_cisnienia,180.0,1.2246467991473532e-16,-1.0,0.0,0.08,0.0,2.4791666666666665,1.12,1.199999999999993,1.1999999999999993,0.08625000000000001,0.15
2022-01-17,2.09,3.6125000000000003,1.2,5.6,58.82916666666667,1004.3208333333333,993.2,1018.0,1,zima,17,0.288482432880609,0.9574851883550393,24.799999999999955,-6.804166666666674,-15.13333333333344,-7.68333333333328,1011.6333333333336,1017.6369047619048,6.804166666666674,-1.0,spadek_cisnienia,180.0,1.2246467991473532e-16,-1.0,1.12,0.0,0.08,1.2750000000000001,2.09,3.209999999999993,3.289999999999999,0.6204166666666667,0.98
2022-01-18,0.0,2.2583333333333333,1.1,4.2,69.57916666666667,1024.0,1018.6,1026.7,1,zima,18,0.30492122465628907,0.9523775757303974,8.100000000000023,19.679166666666674,12.875,4.545833333333235,1013.1486111111112,1016.6178571428572,19.679166666666674,1.0,wzrost_cisnienia,0.0,0.0,1.0,2.09,1.12,0.0,3.6125000000000003,0.0,3.209999999999993,3.289999999999999,0.33375,0.51
2022-01-19,0.0,3.9791666666666665,3.1,5.5,74.17083333333333,1012.2541666666666,998.4,1022.3,1,zima,19,0.3212696616923644,0.9469877530760753,23.899999999999977,-11.745833333333394,7.93333333333328,1.129166666666606,1013.5250000000001,1014.3255952380953,11.745833333333394,-1.0,spadek_cisnienia,180.0,1.2246467991473532e-16,-1.0,0.0,2.09,1.12,2.2583333333333333,0.0,2.0899999999999928,3.289999999999999,0.16291666666666668,0.21
2022-01-20,1.95,0.6833333333333332,-1.4,3.2,69.29166666666667,997.6458333333334,993.9,1003.8,1,zima,20,0.3375228995941133,0.9413173175128471,9.899999999999977,-14.608333333333235,-26.35416666666663,-6.6749999999999545,1011.3000000000002,1011.5434523809524,14.608333333333235,-1.0,spadek_cisnienia,180.0,1.2246467991473532e-16,-1.0,0.0,0.0,2.09,3.9791666666666665,1.95,1.9499999999999929,5.239999999999999,0.62125,1.14
2022-01-21,0.0,1.0291666666666666,0.4,1.4,54.4625,1008.5124999999999,1004.1,1011.2,1,zima,21,0.3536761221763716,0.9353679493131483,7.100000000000023,10.86666666666656,-3.7416666666666742,-15.487500000000068,1006.1375000000002,1011.0446428571429,10.86666666666656,1.0,wzrost_cisnienia,0.0,0.0,1.0,1.95,0.0,0.0,0.6833333333333332,0.0,1.9499999999999929,5.159999999999999,0.7999999999999999,1.0
2022-01-22,0.91,0.9874999999999999,0.2,1.6,65.92083333333333,1017.8708333333334,1011.7,1022.7,1,zima,22,0.3697245428906731,0.9291414114031743,11.0,9.358333333333462,20.225000000000023,5.616666666666788,1008.0097222222224,1010.8184523809523,9.358333333333462,1.0,wzrost_cisnienia,0.0,0.0,1.0,0.0,1.95,0.0,1.0291666666666666,0.91,2.8599999999999928,6.069999999999999,0.5329166666666666,0.75
2022-01-23,0.0,2.0083333333333333,0.4,3.4,74.89583333333333,1025.6125,1022.6,1028.2,1,zima,23,0.38566340624360707,0.9226395488404876,5.600000000000023,7.741666666666561,17.100000000000023,27.966666666666583,1017.3319444444445,1012.8880952380952,7.741666666666561,1.0,wzrost_cisnienia,0.0,0.0,1.0,0.91,0.0,1.95,0.9874999999999999,0.0,0.9099999999999929,4.949999999999999,0.25666666666666665,0.34
2022-01-24,0.0,3.904166666666667,2.0,5.7,82.72916666666667,1026.2916666666667,1023.3,1028.3,1,zima,24,0.401487989205973,0.9158642882672872,5.0,0.6791666666667879,8.420833333333348,17.77916666666681,1023.2583333333336,1016.0267857142857,0.6791666666667879,1.0,wzrost_cisnienia,0.0,0.0,1.0,0.0,0.91,0.0,2.0083333333333333,0.0,0.9099999999999929,2.859999999999999,0.16625,0.21
2022-01-25,0.11,4.825,3.9,6.3,81.8875,1020.8458333333333,1019.9,1023.0,1,zima,25,0.4171936026123168,0.9088176373395029,3.1000000000000227,-5.445833333333439,-4.7666666666666515,2.974999999999909,1024.2500000000002,1015.5761904761904,5.445833333333439,-1.0,spadek_cisnienia,180.0,1.2246467991473532e-16,-1.0,0.0,0.0,0.91,3.904166666666667,0.11,0.1099999999999929,2.9699999999999993,0.2891666666666667,0.34
2022-01-26,0.55,4.1375,2.7,5.8,80.52083333333333,1015.1125000000001,1010.4,1020.2,1,zima,26,0.4327755925504312,0.901501684131884,9.800000000000068,-5.733333333333235,-11.179166666666674,-10.499999999999886,1020.7500000000001,1015.9845238095238,5.733333333333235,-1.0,spadek_cisnienia,180.0,1.2246467991473532e-16,-1.0,0.11,0.0,0.0,4.825,0.55,0.6599999999999929,3.519999999999999,0.22666666666666668,0.28
2022-01-27,3.89,5.204166666666667,4.1,6.7,79.97916666666667,1001.1125000000001,993.0,1010.1,1,zima,27,0.4482293417404106,0.893918596519257,17.100000000000023,-14.0,-19.733333333333235,-25.179166666666674,1012.3569444444447,1016.479761904762,14.0,-1.0,spadek_cisnienia,180.0,1.2246467991473532e-16,-1.0,0.55,0.11,0.0,4.1375,3.89,4.549999999999993,5.459999999999999,0.2675,0.42
2022-01-28,7.4799999999999995,2.625,0.9,4.3,76.15833333333333,1007.0,992.7,1017.8,1,zima,28,0.4635502709028509,0.886070621534138,25.09999999999991,5.887499999999932,-8.112500000000068,-13.845833333333303,1007.7416666666668,1016.2636904761905,5.887499999999932,1.0,wzrost_cisnienia,0.0,0.0,1.0,3.89,0.55,0.11,5.204166666666667,7.4799999999999995,11.919999999999993,12.94,0.6516666666666667,0.87
2022-01-29,2.54,3.1041666666666665,0.0,8.1,78.60000000000001,1002.5124999999999,984.3,1017.5,1,zima,29,0.47873384011578846,0.8779600847008882,33.200000000000045,-4.487500000000068,1.3999999999998636,-12.600000000000136,1003.5416666666669,1014.0696428571429,4.487500000000068,-1.0,spadek_cisnienia,180.0,1.2246467991473532e-16,-1.0,7.4799999999999995,3.89,0.55,2.625,2.54,13.909999999999993,14.57,0.2304166666666667,0.42
2022-01-30,4.19,4.558333333333334,3.2,6.5,63.15416666666667,990.1999999999999,982.1,1001.4,1,zima,30,0.4937755501599772,0.869589389346611,19.299999999999955,-12.3125,-16.800000000000068,-10.912500000000136,999.9041666666668,1009.0107142857142,12.3125,-1.0,spadek_cisnienia,180.0,1.2246467991473532e-16,-1.0,2.54,7.4799999999999995,3.89,3.1041666666666665,4.19,14.209999999999994,18.759999999999998,0.8983333333333333,1.28
2022-01-31,0.0,1.1416666666666666,-0.5,3.1,59.625,1000.0083333333333,998.5,1002.0,1,zima,31,0.5086709438521044,0.8609610158889943,3.5,9.808333333333394,-2.504166666666606,-6.991666666666674,997.5736111111113,1005.2559523809523,9.808333333333394,1.0,wzrost_cisnienia,0.0,0.0,1.0,4.19,2.54,7.4799999999999995,4.558333333333334,0.0,6.729999999999993,18.759999999999998,0.6775000000000001,1.12
2022-02-01,0.91,0.31250000000000006,-0.7,1.3,76.3875,996.1333333333333,984.7,1002.4,2,zima,32,0.5234156073655503,0.8520775211013093,17.699999999999932,-3.875,5.933333333333394,-6.379166666666606,995.4472222222224,1001.7255952380953,3.875,-1.0,spadek_cisnienia,180.0,1.2246467991473532e-16,-1.0,0.0,4.19,2.54,1.1416666666666666,0.91,5.099999999999993,19.56,0.4666666666666666,0.58
2022-02-02,2.27,1.4791666666666667,0.6,3.0,83.21666666666667,995.7208333333333,984.3,1009.2,2,zima,33,0.5380051715382996,0.8429415373547828,24.90000000000009,-0.41250000000002274,-4.287500000000023,5.520833333333371,997.2875,998.9553571428571,0.41250000000002274,-1.0,spadek_cisnienia,180.0,1.2246467991473532e-16,-1.0,0.91,0.0,4.19,0.31250000000000006,2.27,3.179999999999993,21.28,0.57,0.64
2022-02-03,1.17,1.8416666666666668,0.4,3.5,81.45833333333333,1009.65,1006.0,1011.3,2,zima,34,0.5524353131676196,0.8335557718385699,5.2999999999999545,13.929166666666674,13.516666666666652,9.641666666666652,1000.501388888889,1000.175,13.929166666666674,1.0,wzrost_cisnienia,0.0,0.0,1.0,2.27,0.91,0.0,1.4791666666666667,1.17,4.3499999999999925,18.56,0.41291666666666665,0.52
2022-02-04,0.37,5.154166666666667,2.3,6.9,86.52916666666665,1001.8666666666667,995.6,1005.6,2,zima,35,0.5667017562911176,0.8239230057575542,10.0,-7.783333333333303,6.145833333333371,5.7333333333333485,1002.4125,999.4416666666666,7.783333333333303,-1.0,spadek_cisnienia,180.0,1.2246467991473532e-16,-1.0,1.17,2.27,0.91,1.8416666666666668,0.37,3.809999999999993,11.450000000000001,0.2708333333333333,0.41
2022-02-05,1.31,4.391666666666667,2.3,6.2,74.47916666666667,1000.5583333333334,992.9,1005.3,2,zima,36,0.5808002734538009,0.8140460935082178,12.399999999999977,-1.3083333333332803,-9.091666666666583,4.837500000000091,1004.0250000000002,999.1625,1.3083333333332803,-1.0,spadek_cisnienia,180.0,1.2246467991473532e-16,-1.0,0.37,1.17,2.27,5.154166666666667,1.31,2.849999999999993,10.219999999999999,0.3779166666666667,0.52
2022-02-06,3.53,4.5874999999999995,3.0,6.3,79.78750000000001,991.0916666666667,981.5,1002.8,2,zima,37,0.5947266869607634,0.8039279618328213,21.299999999999955,-9.466666666666697,-10.774999999999977,-18.55833333333328,997.8388888888891,999.289880952381,9.466666666666697,-1.0,spadek_cisnienia,180.0,1.2246467991473532e-16,-1.0,1.31,0.37,1.17,4.391666666666667,3.53,5.209999999999993,9.56,0.28958333333333336,0.46
2022-02-07,0.29000000000000004,4.029166666666667,2.4,5.5,71.06666666666666,995.4,983.2,1008.2,2,zima,38,0.6084768701151261,0.7935716089521474,25.0,4.30833333333328,-5.158333333333417,-6.466666666666697,995.6833333333335,998.6315476190476,4.30833333333328,1.0,wzrost_cisnienia,0.0,0.0,1.0,3.53,1.31,0.37,4.5874999999999995,0.29000000000000004,5.129999999999993,9.85,0.5425,0.62
2022-02-08,0.73,4.629166666666666,1.0,7.3,75.58333333333333,1008.8249999999999,1005.2,1011.7,2,zima,39,0.6220467484408675,0.7829801036770629,6.5,13.424999999999955,17.733333333333235,8.266666666666538,998.438888888889,1000.4446428571429,13.424999999999955,1.0,wzrost_cisnienia,0.0,0.0,1.0,0.29000000000000004,3.53,1.31,4.029166666666667,0.73,4.549999999999993,9.67,0.48625,0.57
2022-02-09,1.06,7.0125,4.5,9.2,79.25416666666666,1011.9291666666667,1010.4,1013.6,2,zima,40,0.6354323008901774,0.7721565844991642,3.2000000000000455,3.1041666666667425,16.529166666666697,20.837499999999977,1005.3847222222224,1002.760119047619,3.1041666666667425,1.0,wzrost_cisnienia,0.0,0.0,1.0,0.73,0.29000000000000004,3.53,4.629166666666666,1.06,2.079999999999993,8.46,0.44249999999999995,0.5
2022-02-10,0.36,5.441666666666666,3.5,7.4,73.53750000000001,1010.8916666666668,1009.0,1013.0,2,zima,41,0.6486295610349814,0.7611042586607747,4.0,-1.037499999999909,2.0666666666668334,15.491666666666788,1010.5486111111113,1002.9375,1.037499999999909,-1.0,spadek_cisnienia,180.0,1.2246467991473532e-16,-1.0,1.06,0.73,0.29000000000000004,7.0125,0.36,2.149999999999993,7.65,0.38916666666666666,0.44
2022-02-11,2.75,3.345833333333333,1.2,5.1,75.14583333333333,1013.1333333333333,1009.7,1020.9,2,zima,42,0.6616346182422783,0.7498264012045686,11.199999999999932,2.2416666666665606,1.2041666666666515,4.308333333333394,1011.9847222222224,1004.5470238095239,2.2416666666665606,1.0,wzrost_cisnienia,0.0,0.0,1.0,0.36,1.06,0.73,5.441666666666666,2.75,4.169999999999993,10.030000000000001,0.48416666666666663,0.63
2022-02-12,0.0,1.275,-1.0,3.7,68.67916666666666,1024.5041666666666,1021.9,1026.6,2,zima,43,0.6744436188329455,0.7383263540031065,4.699999999999932,11.37083333333328,13.61249999999984,12.574999999999932,1016.176388888889,1007.967857142857,11.37083333333328,1.0,wzrost_cisnienia,0.0,0.0,1.0,2.75,0.36,1.06,3.345833333333333,0.0,3.1099999999999928,8.719999999999999,0.38375000000000004,0.55
2022-02-13,0.0,2.0416666666666665,-1.4,6.0,65.1375,1013.5541666666667,1007.8,1021.2,2,zima,44,0.6870527672236669,0.7266075247685656,13.400000000000091,-10.949999999999932,0.4208333333333485,2.662499999999909,1017.063888888889,1011.1767857142856,10.949999999999932,-1.0,spadek_cisnienia,180.0,1.2246467991473532e-16,-1.0,0.0,2.75,0.36,1.275,0.0,2.749999999999993,5.19,0.20625000000000002,0.29
2022-02-14,0.0,3.6791666666666667,0.2,8.0,61.68333333333334,1004.4625,1002.8,1007.5,2,zima,45,0.6994583270516471,0.7146733860429609,4.7000000000000455,-9.091666666666697,-20.04166666666663,-8.670833333333348,1014.1736111111113,1012.4714285714286,9.091666666666697,-1.0,spadek_cisnienia,180.0,1.2246467991473532e-16,-1.0,0.0,0.0,2.75,2.0416666666666665,0.0,0.0,4.9,0.23791666666666667,0.31
2022-02-15,0.0,5.425,1.7,9.6,67.05416666666666,1003.8375000000001,1002.2,1005.7,2,zima,46,0.7116566222817746,0.702527474169157,3.5,-0.6249999999998863,-9.716666666666583,-20.666666666666515,1007.2847222222225,1011.7589285714286,0.6249999999998863,-1.0,spadek_cisnienia,180.0,1.2246467991473532e-16,-1.0,0.0,0.0,0.0,3.6791666666666667,0.0,0.0,4.17,0.2975,0.43
2022-02-16,3.11,6.104166666666667,4.2,8.9,77.6375,992.3000000000001,978.5,1004.0,2,zima,47,0.7236440382959124,0.6901733882429719,25.5,-11.537500000000023,-12.162499999999909,-21.254166666666606,1000.2000000000003,1008.9547619047619,11.537500000000023,-1.0,spadek_cisnienia,180.0,1.2246467991473532e-16,-1.0,0.0,0.0,0.0,5.425,3.11,3.1099999999999928,6.22,0.2554166666666667,0.41
2022-02-17,9.97,6.491666666666667,4.1,9.5,77.1875,976.0791666666668,968.6,987.6,2,zima,48,0.7354170229639855,0.6776147890466889,19.0,-16.220833333333303,-27.758333333333326,-28.383333333333212,990.7388888888892,1003.9815476190475,16.220833333333303,-1.0,spadek_cisnienia,180.0,1.2246467991473532e-16,-1.0,3.11,0.0,0.0,6.104166666666667,9.97,13.079999999999993,15.83,0.4908333333333333,0.69
2022-02-18,6.13,5.370833333333334,3.7,7.3,71.15833333333333,990.9833333333332,978.7,996.5,2,zima,49,0.7469720876965552,0.6648553979642865,17.799999999999955,14.90416666666647,-1.3166666666668334,-12.854166666666856,986.4541666666669,1000.8172619047618,14.90416666666647,1.0,wzrost_cisnienia,0.0,0.0,1.0,9.97,3.11,0.0,6.491666666666667,6.13,19.209999999999994,19.21,0.4154166666666667,0.61
2022-02-19,3.19,5.529166666666666,3.8,8.3,67.82083333333334,988.8166666666666,978.7,1002.4,2,zima,50,0.7583058084785625,0.6518989958787126,23.699999999999932,-2.1666666666666288,12.73749999999984,-3.483333333333462,985.2930555555557,995.7190476190477,2.1666666666666288,-1.0,spadek_cisnienia,180.0,1.2246467991473532e-16,-1.0,6.13,9.97,3.11,5.370833333333334,3.19,19.289999999999992,22.4,0.6170833333333333,1.01
2022-02-20,0.95,3.8541666666666665,2.1,6.0,71.52499999999999,997.2083333333334,987.2,1002.0,2,zima,51,0.7694148268839378,0.6387494220515272,14.799999999999955,8.391666666666765,6.225000000000136,21.129166666666606,992.3361111111113,993.3839285714286,8.391666666666765,1.0,wzrost_cisnienia,0.0,0.0,1.0,3.19,6.13,9.97,5.529166666666666,0.95,10.269999999999992,23.35,0.42583333333333334,0.52
2022-02-21,2.66,6.545833333333333,4.0,8.8,71.60833333333333,981.8874999999999,976.6,985.9,2,zima,52,0.7802958510707755,0.6254105729852463,9.299999999999955,-15.32083333333344,-6.929166666666674,-9.095833333333303,989.3041666666669,990.1589285714286,15.32083333333344,-1.0,spadek_cisnienia,180.0,1.2246467991473532e-16,-1.0,0.95,3.19,6.13,3.8541666666666665,2.66,6.799999999999993,26.009999999999998,0.49666666666666665,0.69
2022-02-22,1.35,2.5083333333333333,1.5,4.7,68.5125,999.4625,986.7,1005.5,2,zima,53,0.7909456567567772,0.6118864012687243,18.799999999999955,17.575000000000045,2.254166666666606,10.645833333333371,992.8527777777781,989.5339285714286,17.575000000000045,1.0,wzrost_cisnienia,0.0,0.0,1.0,2.66,0.95,3.19,6.545833333333333,1.35,4.959999999999993,27.36,0.7025,0.89
2022-02-23,0.67,4.325,1.8,6.4,74.0625,1007.6374999999999,999.8,1016.5,2,zima,54,0.8013610881746766,0.5981809144059164,16.700000000000045,8.174999999999955,25.75,10.42916666666656,996.3291666666669,991.725,8.174999999999955,1.0,wzrost_cisnienia,0.0,0.0,1.0,1.35,2.66,0.95,2.5083333333333333,0.67,4.679999999999993,24.92,0.5508333333333334,0.81
2022-02-24,0.0,5.141666666666667,0.7,9.0,65.01666666666667,1008.275,998.0,1015.8,2,zima,55,0.8115390590073611,0.5842981736283683,17.799999999999955,0.6375000000000455,8.8125,26.387500000000045,1005.1250000000003,996.3244047619046,0.6375000000000455,1.0,wzrost_cisnienia,0.0,0.0,1.0,0.67,1.35,2.66,4.325,0.0,2.0199999999999925,14.95,0.25,0.41
2022-02-25,0.0,5.366666666666667,3.0,7.2,60.15833333333333,1006.4041666666667,996.7,1014.6,2,zima,56,0.8214765533024142,0.5702422926917871,17.899999999999977,-1.8708333333332803,-1.2333333333332348,6.94166666666672,1007.4388888888892,998.5273809523809,1.8708333333332803,-1.0,spadek_cisnienia,180.0,1.2246467991473532e-16,-1.0,0.0,0.67,1.35,5.141666666666667,0.0,0.6699999999999925,8.82,0.48291666666666666,0.86
2022-02-26,0.0,3.420833333333333,0.5,6.3,76.575,1025.5041666666666,1015.3,1033.7,2,zima,57,0.8311706263658079,0.5560174366570446,18.40000000000009,19.09999999999991,17.22916666666663,17.866666666666674,1013.3944444444447,1003.7684523809523,19.09999999999991,1.0,wzrost_cisnienia,0.0,0.0,1.0,0.0,0.0,0.67,5.366666666666667,0.0,0.0,5.63,0.5591666666666667,0.68
2022-02-27,0.0,1.4583333333333333,-0.8,3.8,70.54583333333333,1035.075,1034.1,1036.1,2,zima,58,0.8406184056344782,0.5416278206559814,2.0,9.57083333333344,28.67083333333335,26.800000000000068,1022.327777777778,1009.1779761904762,9.57083333333344,1.0,wzrost_cisnienia,0.0,0.0,1.0,0.0,0.0,0.0,3.420833333333333,0.0,0.0,4.680000000000001,0.40625,0.52
2022-02-28,0.0,1.8875,-1.0,5.3,63.6625,1034.1875,1033.3,1035.0,2,zima,59,0.8498170915275278,0.5270777086423722,1.7000000000000455,-0.8875000000000455,8.683333333333394,27.783333333333303,1031.5888888888892,1016.6494047619046,0.8875000000000455,-1.0,spadek_cisnienia,180.0,1.2246467991473532e-16,-1.0,0.0,0.0,0.0,1.4583333333333333,0.0,0.0,2.02,0.35958333333333337,0.41
2022-03-01,0.0,1.0416666666666667,-3.4,6.2,56.81666666666666,1030.9166666666667,1026.8,1034.2,3,wiosna,60,0.8587639582758029,0.5123714121284237,7.400000000000091,-3.2708333333332575,-4.158333333333303,5.412500000000136,1033.393055555556,1021.1428571428571,3.2708333333332575,-1.0,spadek_cisnienia,180.0,1.2246467991473532e-16,-1.0,0.0,0.0,0.0,1.8875,0.0,0.0,0.67,0.25625000000000003,0.31
2022-03-02,0.0,1.2249999999999999,-3.7,7.2,60.88333333333333,1021.8416666666667,1017.4,1026.9,3,wiosna,61,0.8674563547295968,0.49751328890718066,9.500000000000114,-9.075000000000045,-12.345833333333303,-13.233333333333348,1028.9819444444447,1023.1720238095238,9.075000000000045,-1.0,spadek_cisnienia,180.0,1.2246467991473532e-16,-1.0,0.0,0.0,0.0,1.0416666666666667,0.0,0.0,0.0,0.31416666666666665,0.42
2022-03-03,0.0,2.4583333333333335,0.0,5.3,78.01666666666667,1015.8333333333334,1015.1,1017.0,3,wiosna,62,0.8758917051442429,0.48250774176121847,1.8999999999999773,-6.008333333333326,-15.083333333333371,-18.35416666666663,1022.8638888888892,1024.251785714286,6.008333333333326,-1.0,spadek_cisnienia,180.0,1.2246467991473532e-16,-1.0,0.0,0.0,0.0,1.2249999999999999,0.0,0.0,0.0,0.38625,0.47
2022-03-04,1.26,2.6041666666666665,0.9,4.4,72.23333333333333,1018.9541666666668,1016.3,1021.0,3,wiosna,63,0.8840675099433636,0.46735921715800227,4.7000000000000455,3.120833333333394,-2.887499999999932,-11.962499999999977,1018.8763888888892,1026.044642857143,3.120833333333394,1.0,wzrost_cisnienia,0.0,0.0,1.0,0.0,0.0,0.0,2.4583333333333335,1.26,1.2599999999999925,1.26,0.39166666666666666,0.46
2022-03-05,0.0,0.10000000000000002,-3.0,1.8,62.57916666666667,1021.5583333333334,1020.7,1022.6,3,wiosna,64,0.8919813464595485,0.45207220393230435,1.8999999999999773,2.6041666666666288,5.725000000000023,-0.283333333333303,1018.7819444444448,1025.4809523809524,2.6041666666666288,1.0,wzrost_cisnienia,0.0,0.0,1.0,1.26,0.0,0.0,2.6041666666666665,0.0,1.2599999999999925,1.26,0.23625,0.33
2022-03-06,0.0,-0.5791666666666666,-4.1,2.3,68.72500000000001,1019.4041666666667,1018.1,1021.2,3,wiosna,65,0.8996308696522433,0.43665123195606403,3.1000000000000227,-2.154166666666697,0.4499999999999318,3.5708333333333258,1019.9722222222225,1023.242261904762,2.154166666666697,-1.0,spadek_cisnienia,180.0,1.2246467991473532e-16,-1.0,0.0,1.26,0.0,0.10000000000000002,0.0,1.2599999999999925,1.26,0.18166666666666667,0.23
2022-03-07,0.0,2.5875,0.2,5.3,74.04166666666667,1018.15,1016.6,1020.5,3,wiosna,66,0.9070138128026359,0.4211008707960896,3.8999999999999773,-1.2541666666667197,-3.4083333333334167,-0.8041666666667879,1019.7041666666669,1020.9511904761905,1.2541666666667197,-1.0,spadek_cisnienia,180.0,1.2246467991473532e-16,-1.0,0.0,0.0,1.26,-0.5791666666666666,0.0,0.0,1.26,0.24375,0.31
2022-03-08,0.0,3.816666666666667,-0.6,9.5,64.825,1020.0041666666666,1019.3,1020.8,3,wiosna,67,0.9141279881853337,0.40542572835999735,1.5,1.8541666666666288,0.599999999999909,-1.554166666666788,1019.1861111111112,1019.3922619047619,1.8541666666666288,1.0,wzrost_cisnienia,0.0,0.0,1.0,0.0,0.0,0.0,2.5875,0.0,0.0,1.26,0.14916666666666667,0.21
2022-03-09,0.0,3.283333333333333,-0.1,7.6,73.12916666666666,1022.3208333333333,1019.2,1028.3,3,wiosna,68,0.9209712877166346,0.38963044953078796,9.099999999999909,2.3166666666667197,4.1708333333333485,2.9166666666666288,1020.1583333333334,1019.4607142857143,2.3166666666667197,1.0,wzrost_cisnienia,0.0,0.0,1.0,0.0,0.0,0.0,3.816666666666667,0.0,0.0,1.26,0.1691666666666667,0.22
2022-03-10,0.0,0.7833333333333332,-2.0,4.1,48.78333333333333,1032.3958333333333,1028.7,1034.0,3,wiosna,69,0.9275416835791966,0.37371971479046906,5.2999999999999545,10.074999999999932,12.391666666666652,14.24583333333328,1024.9069444444447,1021.8267857142857,10.074999999999932,1.0,wzrost_cisnienia,0.0,0.0,1.0,0.0,0.0,0.0,3.283333333333333,0.0,0.0,1.26,-0.015416666666666667,0.08
2022-03-11,0.0,0.2125,-4.5,4.8,40.65416666666667,1032.25,1029.7,1034.0,3,wiosna,70,0.9338372288229252,0.35769823883312546,4.2999999999999545,-0.14583333333325754,9.929166666666674,12.245833333333394,1028.988888888889,1023.7261904761906,0.14583333333325754,-1.0,spadek_cisnienia,180.0,1.2246467991473532e-16,-1.0,0.0,0.0,0.0,0.7833333333333332,0.0,0.0,0.0,-0.09083333333333334,-0.04
2022-03-12,0.0,1.4875,-4.0,8.1,42.82083333333333,1027.2833333333333,1025.2,1029.7,3,wiosna,71,0.9398560579418954,0.3415707691678556,4.5,-4.966666666666697,-5.1124999999999545,4.962499999999977,1030.6430555555557,1024.5440476190477,4.966666666666697,-1.0,spadek_cisnienia,180.0,1.2246467991473532e-16,-1.0,0.0,0.0,0.0,0.2125,0.0,0.0,0.0,-0.06874999999999999,-0.02
2022-03-13,0.0,2.5375,-3.4,9.3,51.699999999999996,1025.2250000000001,1024.7,1025.9,3,wiosna,72,0.9455963874271426,0.3253420847119801,1.2000000000000455,-2.0583333333331666,-7.024999999999864,-7.170833333333121,1028.252777777778,1025.3755952380952,2.0583333333331666,-1.0,spadek_cisnienia,180.0,1.2246467991473532e-16,-1.0,0.0,0.0,0.0,1.4875,0.0,0.0,0.0,-0.08208333333333333,-0.03
2022-03-14,0.0,4.033333333333333,-2.3,10.4,55.520833333333336,1026.3374999999999,1025.2,1027.8,3,wiosna,73,0.9510565162951535,0.30901699437494745,2.599999999999909,1.1124999999997272,-0.9458333333334394,-5.912500000000136,1026.2819444444447,1026.5452380952381,1.1124999999997272,1.0,wzrost_cisnienia,0.0,0.0,1.0,0.0,0.0,0.0,2.5375,0.0,0.0,0.0,-0.11041666666666666,-0.08
2022-03-15,0.0,4.6125,-0.9,12.6,63.92916666666667,1023.0291666666667,1022.0,1024.8,3,wiosna,74,0.9562348265919056,0.29260033563334836,2.7999999999999545,-3.3083333333331666,-2.1958333333334394,-4.254166666666606,1024.8638888888893,1026.977380952381,3.3083333333331666,-1.0,spadek_cisnienia,180.0,1.2246467991473532e-16,-1.0,0.0,0.0,0.0,4.033333333333333,0.0,0.0,0.0,-0.09208333333333334,-0.02
2022-03-16,0.0,3.7583333333333333,1.6,4.7,90.97500000000001,1025.5416666666667,1021.6,1029.3,3,wiosna,75,0.9611297838723007,0.27609697309746883,7.699999999999932,2.5125000000000455,-0.7958333333331211,0.31666666666660603,1024.9694444444447,1027.4375,2.5125000000000455,1.0,wzrost_cisnienia,0.0,0.0,1.0,0.0,0.0,0.0,4.6125,0.0,0.0,0.0,-0.09458333333333334,-0.04
2022-03-17,0.0,5.220833333333333,-0.4,11.5,67.02499999999999,1030.7083333333333,1029.4,1033.3,3,wiosna,76,0.9657399376548549,0.2595117970697999,3.8999999999998636,5.166666666666515,7.679166666666561,4.370833333333394,1026.4263888888893,1027.1964285714287,5.166666666666515,1.0,wzrost_cisnienia,0.0,0.0,1.0,0.0,0.0,0.0,3.7583333333333333,0.0,0.0,0.0,-0.16458333333333333,-0.11
2022-03-18,0.6,5.979166666666667,1.6,11.3,54.833333333333336,1037.4291666666666,1033.8,1039.7,3,wiosna,77,0.970063921851507,0.2428497220959356,5.900000000000091,6.720833333333303,11.887499999999818,14.399999999999864,1031.2263888888892,1027.9363095238093,6.720833333333303,1.0,wzrost_cisnienia,0.0,0.0,1.0,0.0,0.0,0.0,5.220833333333333,0.6,0.5999999999999924,0.6,-0.23375,-0.07
2022-03-19,0.0,2.9499999999999997,1.8,4.1,90.77083333333333,1042.3166666666666,1039.8,1043.7,3,wiosna,78,0.9741004551724205,0.22611568550828828,3.900000000000091,4.8875000000000455,11.608333333333348,16.774999999999864,1036.8180555555557,1030.0839285714285,4.8875000000000455,1.0,wzrost_cisnienia,0.0,0.0,1.0,0.6,0.0,0.0,5.979166666666667,0.0,0.5999999999999924,0.6,-0.14166666666666666,-0.09
2022-03-20,0.0,3.8333333333333335,0.8,9.4,73.21666666666667,1041.6208333333334,1039.2,1043.7,3,wiosna,79,0.9778483415056568,0.20931464596304847,4.5,-0.6958333333332121,4.191666666666833,10.912500000000136,1040.455555555556,1032.4261904761904,0.6958333333332121,-1.0,spadek_cisnienia,180.0,1.2246467991473532e-16,-1.0,0.0,0.6,0.0,2.9499999999999997,0.0,0.5999999999999924,0.6,-0.21041666666666667,-0.18
2022-03-21,0.0,4.8875,-1.4,12.5,56.887499999999996,1037.4333333333334,1035.1,1039.4,3,wiosna,80,0.9813064702716093,0.19245158197082998,4.300000000000182,-4.1875,-4.883333333333212,0.004166666666833407,1040.4569444444448,1034.0113095238096,4.1875,-1.0,spadek_cisnienia,180.0,1.2246467991473532e-16,-1.0,0.0,0.0,0.6,3.8333333333333335,0.0,0.0,0.6,-0.23708333333333334,-0.19
2022-03-22,0.0,7.991666666666667,-0.3,16.2,44.95416666666667,1032.7625,1029.2,1035.1,3,wiosna,81,0.9844738167520922,0.1755314904214282,5.899999999999864,-4.6708333333333485,-8.858333333333348,-9.55416666666656,1037.2722222222226,1035.4017857142858,4.6708333333333485,-1.0,spadek_cisnienia,180.0,1.2246467991473532e-16,-1.0,0.0,0.0,0.0,4.8875,0.0,0.0,0.6,-0.2604166666666667,-0.22
2022-03-23,0.0,5.95,1.8,12.4,56.525,1027.1583333333333,1025.8,1028.8,3,wiosna,82,0.9873494423939864,0.15855938510313478,3.0,-5.6041666666667425,-10.275000000000091,-14.462500000000091,1032.4513888888891,1035.6327380952382,5.6041666666667425,-1.0,spadek_cisnienia,180.0,1.2246467991473532e-16,-1.0,0.0,0.0,0.0,7.991666666666667,0.0,0.0,0.6,-0.25708333333333333,-0.22
2022-03-24,0.0,8.137500000000001,1.8,13.9,49.60833333333333,1024.0583333333332,1022.8,1025.5,3,wiosna,83,0.989932495087353,0.141540295217043,2.7000000000000455,-3.1000000000001364,-8.704166666666879,-13.375000000000227,1027.9930555555557,1034.682738095238,3.1000000000001364,-1.0,spadek_cisnienia,180.0,1.2246467991473532e-16,-1.0,0.0,0.0,0.0,5.95,0.0,0.0,0.6,-0.265,-0.23
2022-03-25,0.0,10.6375,4.9,16.5,49.94583333333333,1020.5625,1016.8,1022.6,3,wiosna,84,0.9922222094179323,0.12447926388678915,5.800000000000068,-3.4958333333331666,-6.595833333333303,-12.200000000000045,1023.926388888889,1032.2732142857144,3.4958333333331666,-1.0,spadek_cisnienia,180.0,1.2246467991473532e-16,-1.0,0.0,0.0,0.0,8.137500000000001,0.0,0.0,0.0,-0.24291666666666667,-0.18
2022-03-26,0.0,7.816666666666666,2.9,10.2,56.15416666666667,1019.3458333333333,1013.7,1026.7,3,wiosna,85,0.994217906893952,0.10738134666416309,13.0,-1.216666666666697,-4.712499999999864,-7.8125,1021.3222222222224,1028.9916666666666,1.216666666666697,-1.0,spadek_cisnienia,180.0,1.2246467991473532e-16,-1.0,0.0,0.0,0.0,10.6375,0.0,0.0,0.0,-0.05416666666666667,0.09
2022-03-27,0.0,7.140909090909091,0.0,12.8,45.190909090909095,1024.2727272727273,1017.2,1028.7,3,wiosna,86,0.995918996147179,0.09025161003104117,11.5,4.926893939393949,3.710227272727252,0.21439393939408546,1021.393686868687,1026.5133658008658,4.926893939393949,1.0,wzrost_cisnienia,0.0,0.0,1.0,0.0,0.0,0.0,7.816666666666666,0.0,0.0,0.0,-0.13727272727272727,0.09
2022-03-28,0.0,8.691666666666666,6.8,12.0,64.25,1010.0625,1004.9,1016.7,3,wiosna,87,0.9973249731081555,0.07309512989807777,11.800000000000068,-14.210227272727252,-9.283333333333303,-10.5,1017.893686868687,1022.6032467532467,14.210227272727252,-1.0,spadek_cisnienia,180.0,1.2246467991473532e-16,-1.0,0.0,0.0,0.0,7.140909090909091,0.0,0.0,0.0,-0.18541666666666667,-0.07
2022-03-29,0.0,5.304166666666666,1.7,7.6,65.375,1003.2833333333333,1001.9,1004.4,3,wiosna,88,0.9984354211555643,0.055916990100603484,2.5,-6.779166666666697,-20.98939393939395,-16.0625,1012.5395202020204,1018.3919372294371,6.779166666666697,-1.0,spadek_cisnienia,180.0,1.2246467991473532e-16,-1.0,0.0,0.0,0.0,8.691666666666666,0.0,0.0,0.0,-0.013333333333333334,0.08
2022-03-30,0.08,1.4833333333333334,0.0,3.4,63.59583333333333,1003.1666666666666,1000.1,1005.3,3,wiosna,89,0.9992500112396835,0.03872228089217446,5.199999999999932,-0.11666666666667425,-6.895833333333371,-21.106060606060623,1005.504166666667,1014.9645562770563,0.11666666666667425,-1.0,spadek_cisnienia,180.0,1.2246467991473532e-16,-1.0,0.0,0.0,0.0,5.304166666666666,0.08,0.07999999999999245,0.08,-0.05791666666666667,0.0
2022-03-31,0.0,1.7291666666666667,-0.8,3.8,48.29583333333333,1005.7083333333334,1004.9,1006.3,3,wiosna,90,0.9997685019798909,0.021516097436222254,1.3999999999999773,2.5416666666667425,2.425000000000068,-4.354166666666629,1004.0527777777779,1012.3431277056277,2.5416666666667425,1.0,wzrost_cisnienia,0.0,0.0,1.0,0.08,0.0,0.0,1.4833333333333334,0.0,0.07999999999999245,0.08,-0.08583333333333333,-0.06
2022-04-01,0.0,3.0124999999999997,1.6,4.7,46.06666666666666,1005.8874999999999,1005.4,1006.5,4,wiosna,91,0.9999907397361901,0.004303538296244289,1.1000000000000227,0.17916666666656056,2.720833333333303,2.6041666666666288,1004.9208333333336,1010.246699134199,0.17916666666656056,1.0,wzrost_cisnienia,0.0,0.0,1.0,0.0,0.08,0.0,1.7291666666666667,0.0,0.07999999999999245,0.08,-0.04125,0.03
2022-04-02,0.0,3.0541666666666667,1.7,5.0,46.666666666666664,1007.4458333333333,1005.3,1010.0,4,wiosna,92,0.9999166586547379,-0.01291029607500882,4.7000000000000455,1.558333333333394,1.7374999999999545,4.279166666666697,1006.3472222222225,1008.5466991341991,1.558333333333394,1.0,wzrost_cisnienia,0.0,0.0,1.0,0.0,0.0,0.08,3.0124999999999997,0.0,0.0,0.08,-0.015,0.03
2022-04-03,0.0,2.858333333333333,0.3,5.9,43.729166666666664,1009.0333333333333,1006.5,1010.3,4,wiosna,93,0.9995462806873573,-0.030120304846908114,3.7999999999999545,1.5874999999999773,3.1458333333333712,3.324999999999932,1007.4555555555557,1006.3696428571429,1.5874999999999773,1.0,wzrost_cisnienia,0.0,0.0,1.0,0.0,0.0,0.0,3.0541666666666667,0.0,0.0,0.08,-0.19083333333333333,-0.1
2022-04-04,1.47,4.5249999999999995,2.1,8.5,64.10000000000001,996.0791666666668,983.8,1005.9,4,wiosna,94,0.9988797155850336,-0.04732138832243185,22.100000000000023,-12.954166666666538,-11.36666666666656,-9.808333333333167,1004.1861111111115,1004.3720238095237,12.954166666666538,-1.0,spadek_cisnienia,180.0,1.2246467991473532e-16,-1.0,0.0,0.0,0.0,2.858333333333333,1.47,1.4699999999999924,1.55,-0.2608333333333333,-0.18
2022-04-05,4.2,4.533333333333333,2.8,6.8,64.47500000000001,989.5583333333334,983.3,994.5,4,wiosna,95,0.9979171608653922,-0.06450844944931623,11.200000000000045,-6.520833333333371,-19.47499999999991,-17.887499999999932,998.2236111111114,1002.4113095238096,6.520833333333371,-1.0,spadek_cisnienia,180.0,1.2246467991473532e-16,-1.0,1.47,0.0,0.0,4.5249999999999995,4.2,5.669999999999993,5.75,-0.03833333333333333,0.2
2022-04-06,0.65,5.820833333333334,2.0,10.3,79.33749999999999,993.1041666666666,990.1,995.4,4,wiosna,96,0.9966589017541702,-0.08167639533042241,5.2999999999999545,3.545833333333235,-2.9750000000001364,-15.929166666666674,992.9138888888892,1000.9738095238096,3.545833333333235,1.0,wzrost_cisnienia,0.0,0.0,1.0,4.2,1.47,0.0,4.533333333333333,0.65,6.319999999999993,6.32,-0.06999999999999999,0.05
2022-04-07,2.55,10.924999999999999,7.1,15.1,63.53333333333333,982.3791666666666,974.7,989.5,4,wiosna,97,0.9951053111006976,-0.09882013873287143,14.799999999999955,-10.725000000000023,-7.179166666666788,-13.70000000000016,988.3472222222223,997.6410714285714,10.725000000000023,-1.0,spadek_cisnienia,180.0,1.2246467991473532e-16,-1.0,0.65,4.2,1.47,5.820833333333334,2.55,7.399999999999993,8.87,-0.07583333333333334,0.06
2022-04-08,0.0,7.133333333333333,4.2,10.0,55.458333333333336,982.5375,975.5,988.7,4,wiosna,98,0.9932568492674143,-0.11593459959550041,13.200000000000045,0.1583333333334167,-10.566666666666606,-7.020833333333371,986.0069444444447,994.3053571428571,0.1583333333334167,1.0,wzrost_cisnienia,0.0,0.0,1.0,2.55,0.65,4.2,10.924999999999999,0.0,3.1999999999999926,8.87,0.03166666666666667,0.22
2022-04-09,1.48,5.445833333333333,1.3,8.9,59.8375,992.6541666666667,987.7,998.5,4,wiosna,99,0.9911140639934547,-0.1330147065341959,10.799999999999955,10.116666666666674,10.275000000000091,-0.4499999999999318,985.8569444444447,992.192261904762,10.116666666666674,1.0,wzrost_cisnienia,0.0,0.0,1.0,0.0,2.55,0.65,7.133333333333333,1.48,4.029999999999992,10.35,-0.00041666666666666875,0.12
2022-04-10,0.0,6.0249999999999995,3.1,9.2,55.75,1003.4791666666666,998.6,1009.3,4,wiosna,100,0.9886775902323405,-0.1500553983446526,10.699999999999932,10.824999999999932,20.941666666666606,21.100000000000023,992.890277777778,991.3988095238094,10.824999999999932,1.0,wzrost_cisnienia,0.0,0.0,1.0,1.48,0.0,2.55,5.445833333333333,0.0,1.4799999999999929,10.35,0.07333333333333333,0.15
2022-04-11,0.0,5.0125,1.9,7.9,57.81666666666666,1012.3874999999999,1009.6,1015.0,4,wiosna,101,0.9859481499638304,-0.16705162550211924,5.399999999999977,8.908333333333303,19.733333333333235,29.84999999999991,1002.8402777777779,993.7285714285715,8.908333333333303,1.0,wzrost_cisnienia,0.0,0.0,1.0,0.0,1.48,0.0,6.0249999999999995,0.0,1.4799999999999929,8.879999999999999,0.10916666666666668,0.17
2022-04-12,0.0,5.4875,0.7,11.0,61.65416666666667,1017.5583333333334,1015.0,1019.5,4,wiosna,102,0.9829265519799822,-0.18399835165768005,4.5,5.170833333333462,14.079166666666765,24.904166666666697,1011.1416666666669,997.7285714285715,5.170833333333462,1.0,wzrost_cisnienia,0.0,0.0,1.0,0.0,0.0,1.48,5.0125,0.0,0.0,4.68,0.12208333333333334,0.19
2022-04-13,0.0,7.891666666666667,0.5,14.6,54.15833333333333,1018.9416666666666,1017.1,1020.5,4,wiosna,103,0.9796136916454901,-0.20089055513063506,3.3999999999999773,1.383333333333212,6.554166666666674,15.462499999999977,1016.2958333333336,1001.4196428571429,1.383333333333212,1.0,wzrost_cisnienia,0.0,0.0,1.0,0.0,0.0,0.0,5.4875,0.0,0.0,4.029999999999999,0.12708333333333335,0.19
2022-04-14,0.16,10.924999999999999,6.2,17.8,55.333333333333336,1014.1541666666667,1013.0,1016.9,4,wiosna,104,0.9760105506323683,-0.21772323039653177,3.8999999999999773,-4.787499999999909,-3.404166666666697,1.7666666666667652,1016.8847222222225,1005.9589285714285,4.787499999999909,-1.0,spadek_cisnienia,180.0,1.2246467991473532e-16,-1.0,0.0,0.0,0.0,7.891666666666667,0.16,0.1599999999999929,1.64,0.10916666666666668,0.15
2022-04-15,1.66,6.583333333333333,4.0,10.7,86.32083333333333,1017.4083333333333,1013.4,1023.8,4,wiosna,105,0.9721181966290613,-0.23449138957040985,10.399999999999977,3.254166666666606,-1.533333333333303,-0.15000000000009095,1016.8347222222225,1010.9404761904763,3.254166666666606,1.0,wzrost_cisnienia,0.0,0.0,1.0,0.16,0.0,0.0,10.924999999999999,1.66,1.8199999999999927,3.3,0.24125,0.35
2022-04-16,0.0,5.204166666666667,2.8,7.8,74.62916666666666,1027.7666666666667,1024.3,1029.3,4,wiosna,106,0.9679377830240642,-0.25119006388481935,5.0,10.358333333333348,13.612499999999955,8.825000000000045,1019.7763888888891,1015.9565476190476,10.358333333333348,1.0,wzrost_cisnienia,0.0,0.0,1.0,1.66,0.16,0.0,6.583333333333333,0.0,1.8199999999999927,1.8199999999999998,0.145,0.3
2022-04-17,0.0,5.266666666666667,1.4,9.4,61.42916666666667,1025.1416666666667,1021.6,1028.6,4,wiosna,107,0.9634705485641488,-0.2678143051621742,6.999999999999886,-2.625,7.7333333333333485,10.987499999999955,1023.4388888888892,1019.0511904761905,2.625,-1.0,spadek_cisnienia,180.0,1.2246467991473532e-16,-1.0,0.0,1.66,0.16,5.204166666666667,0.0,1.6599999999999928,1.8199999999999998,0.04750000000000001,0.09
2022-04-18,0.0,6.066666666666666,2.3,9.9,63.229166666666664,1017.6583333333333,1013.5,1021.2,4,wiosna,108,0.9587178169872964,-0.2843591872810034,7.7000000000000455,-7.4833333333333485,-10.108333333333348,0.25,1023.5222222222225,1019.8041666666667,7.4833333333333485,-1.0,spadek_cisnienia,180.0,1.2246467991473532e-16,-1.0,0.0,0.0,1.66,5.266666666666667,0.0,0.0,1.8199999999999998,0.017499999999999998,0.05
2022-04-19,0.0,7.3,4.9,9.2,63.93333333333334,1012.4583333333334,1011.1,1013.5,4,wiosna,109,0.9536809966304457,-0.30081980763566735,2.3999999999999773,-5.199999999999932,-12.68333333333328,-15.30833333333328,1018.4194444444446,1019.0755952380952,5.199999999999932,-1.0,spadek_cisnienia,180.0,1.2246467991473532e-16,-1.0,0.0,0.0,0.0,6.066666666666666,0.0,0.0,1.8199999999999998,0.05333333333333334,0.12
2022-04-20,0.06,8.604166666666666,7.5,10.6,63.98333333333333,1010.1208333333334,1008.8,1012.3,4,wiosna,110,0.9483615800121715,-0.3171912885891061,3.5,-2.3374999999999773,-7.537499999999909,-15.020833333333258,1013.4125000000003,1017.8154761904761,2.3374999999999773,-1.0,spadek_cisnienia,180.0,1.2246467991473532e-16,-1.0,0.0,0.0,0.0,7.3,0.06,0.05999999999999289,1.88,0.1025,0.14
2022-04-21,0.0,9.979166666666666,7.7,12.6,62.65833333333333,1010.2458333333334,1009.8,1010.5,4,wiosna,111,0.9427611433904207,-0.3334687789181868,0.7000000000000455,0.125,-2.2124999999999773,-7.412499999999909,1010.941666666667,1017.2571428571429,0.125,1.0,wzrost_cisnienia,0.0,0.0,1.0,0.06,0.0,0.0,8.604166666666666,0.0,0.05999999999999289,1.72,0.06291666666666666,0.1
2022-04-22,0.0,10.491666666666667,7.5,13.9,63.625,1010.8625000000001,1010.1,1011.5,4,wiosna,112,0.9368813462954315,-0.3496474552512284,1.3999999999999773,0.6166666666666742,0.7416666666666742,-1.595833333333303,1010.4097222222223,1016.3220238095238,0.6166666666666742,1.0,wzrost_cisnienia,0.0,0.0,1.0,0.0,0.06,0.0,9.979166666666666,0.0,0.05999999999999289,0.06,0.009166666666666667,0.04
2022-04-23,0.0,9.629166666666666,6.6,13.1,61.166666666666664,1007.0833333333334,1004.5,1010.1,4,wiosna,113,0.9307239310379795,-0.36572252349726897,5.600000000000023,-3.779166666666697,-3.1625000000000227,-3.0375000000000227,1009.3972222222224,1013.3672619047619,3.779166666666697,-1.0,spadek_cisnienia,180.0,1.2246467991473532e-16,-1.0,0.0,0.0,0.06,10.491666666666667,0.0,0.0,0.06,0.024583333333333332,0.05
2022-04-24,0.0,7.3875,5.0,10.8,75.09583333333333,1004.3125,1003.1,1005.0,4,wiosna,114,0.9242907221930934,-0.3816892202666588,1.8999999999999773,-2.7708333333333712,-6.550000000000068,-5.933333333333394,1007.4194444444446,1010.3916666666667,2.7708333333333712,-1.0,spadek_cisnienia,180.0,1.2246467991473532e-16,-1.0,0.0,0.0,0.0,9.629166666666666,0.0,0.0,0.06,0.02291666666666667,0.09
2022-04-25,0.96,6.108333333333333,5.3,6.6,85.36666666666667,1005.4916666666667,1003.2,1008.9,4,wiosna,115,0.9175836260593937,-0.39754281428255595,5.699999999999932,1.1791666666666742,-1.591666666666697,-5.370833333333394,1005.629166666667,1008.6535714285714,1.1791666666666742,1.0,wzrost_cisnienia,0.0,0.0,1.0,0.0,0.0,0.0,7.3875,0.96,0.9599999999999929,1.02,-0.037083333333333336,0.06
2022-04-26,0.0,8.233333333333333,2.4,13.4,56.92916666666667,1012.0958333333333,1009.2,1015.7,4,wiosna,116,0.9106046300942163,-0.4132786077829042,6.5,6.604166666666629,7.783333333333303,5.012499999999932,1007.3000000000002,1008.6017857142858,6.604166666666629,1.0,wzrost_cisnienia,0.0,0.0,1.0,0.96,0.0,0.0,6.108333333333333,0.0,0.9599999999999929,1.02,-0.1125,-0.05
2022-04-27,0.0,6.95,3.4,10.3,65.19583333333334,1020.3208333333333,1016.1,1022.8,4,wiosna,117,0.9033558023246845,-0.4288919379124835,6.699999999999932,8.225000000000023,14.829166666666652,16.008333333333326,1012.6361111111113,1010.0589285714286,8.225000000000023,1.0,wzrost_cisnienia,0.0,0.0,1.0,0.0,0.96,0.0,8.233333333333333,0.0,0.9599999999999929,0.96,-0.08833333333333333,-0.02
2022-04-28,0.49,7.616666666666667,4.4,10.9,56.0625,1023.3916666666668,1022.5,1024.1,4,wiosna,118,0.895839290734909,-0.4443781781046132,1.599999999999909,3.0708333333334394,11.295833333333462,17.90000000000009,1018.602777777778,1011.9369047619048,3.0708333333334394,1.0,wzrost_cisnienia,0.0,0.0,1.0,0.0,0.0,0.96,6.95,0.49,0.4899999999999929,1.45,-0.17916666666666667,-0.1
2022-04-29,0.0,7.883333333333333,3.2,13.7,66.46666666666667,1023.3291666666668,1022.6,1023.9,4,wiosna,119,0.8880573226294932,-0.45973273945210397,1.2999999999999545,-0.0625,3.0083333333334394,11.233333333333462,1022.3472222222225,1013.7178571428573,0.0625,-1.0,spadek_cisnienia,180.0,1.2246467991473532e-16,-1.0,0.49,0.0,0.0,7.616666666666667,0.0,0.4899999999999929,1.45,-0.1525,-0.08
2022-04-30,0.0,9.720833333333333,1.2,15.5,56.0625,1020.9166666666666,1017.8,1023.4,4,wiosna,120,0.8800122039735357,-0.47495107206704995,5.600000000000023,-2.4125000000001364,-2.4750000000001364,0.595833333333303,1022.5458333333336,1015.6940476190476,2.4125000000001364,-1.0,spadek_cisnienia,180.0,1.2246467991473532e-16,-1.0,0.0,0.49,0.0,7.883333333333333,0.0,0.4899999999999929,1.45,-0.18375,-0.14
2022-05-01,0.0,10.641666666666667,6.7,15.4,55.387499999999996,1017.8333333333334,1017.4,1018.3,5,wiosna,121,0.8717063187093218,-0.49002866642905923,0.8999999999999773,-3.0833333333332575,-5.495833333333394,-5.558333333333394,1020.6930555555558,1017.6255952380953,3.0833333333332575,-1.0,spadek_cisnienia,180.0,1.2246467991473532e-16,-1.0,0.0,0.0,0.49,9.720833333333333,0.0,0.0,1.45,-0.16416666666666666,-0.11
2022-05-02,0.0,9.433333333333334,3.1,14.7,56.68333333333334,1014.9083333333333,1011.0,1017.9,5,wiosna,122,0.8631421280499114,-0.5049610547215204,6.899999999999977,-2.925000000000068,-6.008333333333326,-8.420833333333462,1017.8861111111113,1018.9708333333334,2.925000000000068,-1.0,spadek_cisnienia,180.0,1.2246467991473532e-16,-1.0,0.0,0.0,0.0,10.641666666666667,0.0,0.0,0.49,-0.24375000000000002,-0.17
2022-05-03,0.08,9.15,5.7,13.0,64.6875,1011.6625,1009.3,1015.3,5,wiosna,123,0.854322169749827,-0.5197438121555155,6.0,-3.2458333333332803,-6.1708333333333485,-9.254166666666606,1014.801388888889,1018.9089285714286,3.2458333333332803,-1.0,spadek_cisnienia,180.0,1.2246467991473532e-16,-1.0,0.0,0.0,0.0,9.433333333333334,0.08,0.0799999999999929,0.57,-0.15125,-0.07
2022-05-04,0.0,8.65,1.6,14.6,49.15,1016.8958333333334,1015.7,1018.2,5,wiosna,124,0.8452490573530633,-0.5343725582809787,2.5,5.2333333333333485,1.9875000000000682,-0.9375,1014.488888888889,1018.4196428571429,5.2333333333333485,1.0,wzrost_cisnienia,0.0,0.0,1.0,0.08,0.0,0.0,9.15,0.0,0.0799999999999929,0.57,-0.16291666666666668,-0.12
2022-05-05,0.8999999999999999,11.0375,7.3,17.0,61.05833333333334,1016.1374999999999,1015.3,1017.9,5,wiosna,125,0.835925479418637,-0.548842958284719,2.6000000000000227,-0.7583333333334394,4.474999999999909,1.2291666666666288,1014.8986111111112,1017.3833333333333,0.7583333333334394,-1.0,spadek_cisnienia,180.0,1.2246467991473532e-16,-1.0,0.0,0.08,0.0,8.65,0.8999999999999999,0.9799999999999928,0.9799999999999999,-0.18500000000000003,-0.14
2022-05-06,0.0,11.320833333333333,6.7,16.2,72.94583333333334,1018.3625000000001,1017.4,1019.1,5,wiosna,126,0.8263541987239096,-0.5631507242749186,1.7000000000000455,2.2250000000001364,1.466666666666697,6.7000000000000455,1017.1319444444447,1016.6738095238095,2.2250000000001364,1.0,wzrost_cisnienia,0.0,0.0,1.0,0.8999999999999999,0.0,0.08,11.0375,0.0,0.8999999999999928,0.9799999999999999,-0.15791666666666668,-0.11
2022-05-07,0.0,13.520833333333334,6.4,19.1,62.62083333333334,1016.7791666666667,1015.9,1018.3,5,wiosna,127,0.8165380514459161,-0.5772916165517272,2.3999999999999773,-1.5833333333333712,0.6416666666667652,-0.11666666666667425,1017.0930555555557,1016.0827380952381,1.5833333333333712,-1.0,spadek_cisnienia,180.0,1.2246467991473532e-16,-1.0,0.0,0.8999999999999999,0.0,11.320833333333333,0.0,0.8999999999999928,0.9799999999999999,-0.16125,-0.1
2022-05-08,0.0,10.6625,7.6,16.0,66.96666666666667,1020.4166666666666,1017.1,1026.0,5,wiosna,128,0.8064799463209448,-0.5912614448635781,8.899999999999977,3.637499999999932,2.0541666666665606,4.279166666666697,1018.5194444444446,1016.4517857142856,3.637499999999932,1.0,wzrost_cisnienia,0.0,0.0,1.0,0.0,0.0,0.8999999999999999,13.520833333333334,0.0,0.0,0.9799999999999999,-0.03208333333333333,0.02
2022-05-09,0.0,9.404166666666667,5.3,12.4,48.5,1027.0583333333334,1024.5,1028.9,5,wiosna,129,0.7961828637826158,-0.6050560696488488,4.400000000000091,6.641666666666765,10.279166666666697,8.695833333333326,1021.4180555555557,1018.1875,6.641666666666765,1.0,wzrost_cisnienia,0.0,0.0,1.0,0.0,0.0,0.0,10.6625,0.0,0.0,0.9799999999999999,-0.11,-0.06
2022-05-10,0.0,13.975,3.9,21.5,41.025,1017.7708333333334,1010.7,1024.2,5,wiosna,130,0.7856498550787145,-0.6186714032625031,13.5,-9.287500000000023,-2.6458333333332575,0.9916666666666742,1021.7486111111112,1019.0601190476191,9.287500000000023,-1.0,spadek_cisnienia,180.0,1.2246467991473532e-16,-1.0,0.0,0.0,0.0,9.404166666666667,0.0,0.0,0.8999999999999999,-0.2125,-0.15
2022-05-11,0.0,15.5875,12.9,18.5,59.137499999999996,1006.7375000000001,1002.6,1010.1,5,wiosna,131,0.7748840413670407,-0.6321034111873487,7.5,-11.033333333333303,-20.320833333333326,-13.67916666666656,1017.1888888888892,1017.6089285714287,11.033333333333303,-1.0,spadek_cisnienia,180.0,1.2246467991473532e-16,-1.0,0.0,0.0,0.0,13.975,0.0,0.0,0.8999999999999999,-0.17375,-0.08
2022-05-12,1.37,13.845833333333333,10.3,17.2,64.91666666666667,1005.3541666666666,999.6,1010.9,5,wiosna,132,0.7638886127905428,-0.6453481132295501,11.299999999999955,-1.3833333333334394,-12.416666666666742,-21.704166666666765,1009.9541666666669,1016.0684523809524,1.3833333333334394,-1.0,spadek_cisnienia,180.0,1.2246467991473532e-16,-1.0,0.0,0.0,0.0,15.5875,1.37,1.369999999999993,1.37,-0.10208333333333335,0.01
2022-05-13,0.0,13.779166666666667,9.9,17.1,51.645833333333336,1009.8541666666666,1009.2,1010.4,5,wiosna,133,0.7526668275320084,-0.6584015846980488,1.1999999999999318,4.5,3.1166666666665606,-7.9166666666667425,1007.3152777777779,1014.8529761904763,4.5,1.0,wzrost_cisnienia,0.0,0.0,1.0,1.37,0.0,0.0,13.845833333333333,0.0,1.369999999999993,1.37,-0.09125,0.0
2022-05-14,0.56,13.283333333333333,11.0,16.4,61.65833333333333,1009.7333333333332,1008.7,1011.9,5,wiosna,134,0.741222010848596,-0.6712599575675313,3.199999999999932,-0.12083333333339397,4.379166666666606,2.9958333333331666,1008.313888888889,1013.8464285714284,0.12083333333339397,-1.0,spadek_cisnienia,180.0,1.2246467991473532e-16,-1.0,0.0,1.37,0.0,13.779166666666667,0.56,1.929999999999993,1.9300000000000002,-0.021666666666666667,0.08
2022-05-15,0.0,12.975,8.5,17.8,56.854166666666664,1014.5833333333334,1011.8,1016.9,5,wiosna,135,0.7295575540864875,-0.6839194216246106,5.100000000000023,4.850000000000136,4.7291666666667425,9.229166666666742,1011.3902777777779,1013.0130952380953,4.850000000000136,1.0,wzrost_cisnienia,0.0,0.0,1.0,0.56,0.0,1.37,13.283333333333333,0.0,0.559999999999993,1.9300000000000002,0.04750000000000001,0.1
2022-05-16,0.0,12.454166666666666,7.2,18.0,62.458333333333336,1017.0458333333332,1016.7,1017.9,5,wiosna,136,0.717676913675962,-0.6963762255968722,1.1999999999999318,2.4624999999998636,7.3125,7.191666666666606,1013.7875,1011.582738095238,2.4624999999998636,1.0,wzrost_cisnienia,0.0,0.0,1.0,0.0,0.56,0.0,12.975,0.0,0.559999999999993,1.9300000000000002,0.05125,0.11
2022-05-17,0.0,10.179166666666667,5.7,13.7,55.25416666666666,1020.1374999999999,1017.9,1023.4,5,wiosna,137,0.705583610107178,-0.7086266782644596,5.5,3.091666666666697,5.554166666666561,10.404166666666697,1017.2555555555558,1011.9208333333333,3.091666666666697,1.0,wzrost_cisnienia,0.0,0.0,1.0,0.0,0.0,0.56,12.454166666666666,0.0,0.0,1.9300000000000002,0.05458333333333334,0.1
2022-05-18,0.0,10.491666666666667,4.8,15.8,61.37083333333334,1024.05,1021.3,1026.4,5,wiosna,138,0.6932812268869777,-0.7206671495538609,5.100000000000136,3.9125000000000227,7.00416666666672,9.466666666666583,1020.4111111111112,1014.3940476190476,3.9125000000000227,1.0,wzrost_cisnienia,0.0,0.0,1.0,0.0,0.0,0.0,10.179166666666667,0.0,0.0,1.9300000000000002,-0.07083333333333333,0.05
2022-05-19,0.0,18.354166666666668,6.5,26.5,35.30833333333333,1017.4875000000001,1012.4,1021.1,5,wiosna,139,0.6807734094770161,-0.7324940716135789,8.700000000000045,-6.562499999999886,-2.6499999999998636,0.4416666666668334,1020.5583333333335,1016.1273809523809,6.562499999999886,-1.0,spadek_cisnienia,180.0,1.2246467991473532e-16,-1.0,0.0,0.0,0.0,10.491666666666667,0.0,0.0,0.56,-0.08291666666666667,-0.02
2022-05-20,0.0,19.108333333333334,13.3,22.2,53.612500000000004,1010.3541666666666,1006.9,1012.0,5,wiosna,140,0.6680638642135335,-0.7441039398713607,5.100000000000023,-7.133333333333439,-13.695833333333326,-9.783333333333303,1017.2972222222224,1016.1988095238095,7.133333333333439,-1.0,spadek_cisnienia,180.0,1.2246467991473532e-16,-1.0,0.0,0.0,0.0,18.354166666666668,0.0,0.0,0.56,0.007916666666666667,0.09
2022-05-21,7.43,12.2875,10.8,13.2,79.57916666666667,1003.5416666666666,998.2,1006.6,5,wiosna,141,0.6551563572090853,-0.7554933140726803,8.399999999999977,-6.8125,-13.94583333333344,-20.508333333333326,1010.4611111111112,1015.3142857142857,6.8125,-1.0,spadek_cisnienia,180.0,1.2246467991473532e-16,-1.0,0.0,0.0,0.0,19.108333333333334,7.43,7.429999999999993,7.43,0.12958333333333333,0.44
2022-05-22,0.0,10.799999999999999,7.4,13.6,70.00833333333334,1008.4791666666666,1006.3,1010.7,5,wiosna,142,0.6420547132365637,-0.766658819300159,4.400000000000091,4.9375,-1.875,-9.00833333333344,1007.4583333333334,1014.4422619047618,4.9375,1.0,wzrost_cisnienia,0.0,0.0,1.0,7.43,0.0,0.0,12.2875,0.0,7.429999999999993,7.43,0.09958333333333334,0.16
2022-05-23,0.0,11.3375,5.4,15.5,66.49166666666666,1009.4583333333334,1006.5,1010.9,5,wiosna,143,0.6287628145958344,-0.777597146973627,4.399999999999977,0.9791666666667425,5.9166666666667425,-0.8958333333332575,1007.1597222222223,1013.3583333333333,0.9791666666667425,1.0,wzrost_cisnienia,0.0,0.0,1.0,0.0,7.43,0.0,10.799999999999999,0.0,7.429999999999993,7.43,0.009583333333333334,0.07
2022-05-24,1.09,14.008333333333333,8.2,20.3,70.425,1004.5500000000001,1003.0,1006.4,5,wiosna,144,0.6152845999633276,-0.7883050558305255,3.3999999999999773,-4.908333333333303,-3.9291666666665606,1.0083333333334394,1007.4958333333335,1011.1315476190475,4.908333333333303,-1.0,spadek_cisnienia,180.0,1.2246467991473532e-16,-1.0,0.0,0.0,7.43,11.3375,1.09,1.089999999999993,8.52,-0.014583333333333335,0.06
2022-05-25,5.62,14.041666666666666,10.4,17.2,81.53750000000001,1008.375,1005.7,1009.9,5,wiosna,145,0.6016240632249226,-0.7987793728863649,4.199999999999932,3.824999999999932,-1.0833333333333712,-0.10416666666662877,1007.4611111111113,1008.8922619047619,3.824999999999932,1.0,wzrost_cisnienia,0.0,0.0,1.0,1.09,0.0,0.0,14.008333333333333,5.62,6.709999999999993,14.14,-0.03875,0.03
2022-05-26,9.79,14.091666666666667,9.6,17.7,62.025,1007.5958333333333,1006.3,1009.3,5,wiosna,146,0.5877852522924732,-0.8090169943749473,3.0,-0.779166666666697,3.045833333333235,-1.8625000000000682,1006.8402777777779,1007.4791666666667,0.779166666666697,-1.0,spadek_cisnienia,180.0,1.2246467991473532e-16,-1.0,5.62,1.09,0.0,14.041666666666666,9.79,16.499999999999993,23.93,-0.01958333333333333,0.1
2022-05-27,1.0,12.799999999999999,9.3,15.5,58.27916666666667,1003.5583333333334,1001.7,1007.7,5,wiosna,147,0.5737722679043246,-0.8190148866680801,6.0,-4.037499999999909,-4.816666666666606,-0.9916666666666742,1006.5097222222224,1006.5083333333333,4.037499999999909,-1.0,spadek_cisnienia,180.0,1.2246467991473532e-16,-1.0,9.79,5.62,1.09,14.091666666666667,1.0,16.409999999999993,24.93,0.035416666666666666,0.25
2022-05-28,0.5,10.762500000000001,7.7,13.4,68.64166666666667,1001.1208333333334,1000.0,1003.0,5,wiosna,148,0.5595892624101765,-0.8287700871745037,3.0,-2.4375,-6.474999999999909,-7.254166666666606,1004.0916666666668,1006.1625000000001,2.4375,-1.0,spadek_cisnienia,180.0,1.2246467991473532e-16,-1.0,1.0,9.79,5.62,12.799999999999999,0.5,11.289999999999992,18.0,0.09958333333333334,0.19
2022-05-29,4.17,12.304166666666667,10.6,16.1,77.73333333333333,1005.5583333333334,1002.8,1007.8,5,wiosna,149,0.545240438540651,-0.8382797052177743,5.0,4.4375,2.0,-2.037499999999909,1003.4125000000003,1005.7452380952382,4.4375,1.0,wzrost_cisnienia,0.0,0.0,1.0,0.5,1.0,9.79,10.762500000000001,4.17,5.669999999999993,22.17,0.14875000000000002,0.2
2022-05-30,4.0,11.924999999999999,10.4,14.4,85.15833333333333,1007.0958333333333,1006.2,1008.5,5,wiosna,150,0.5307300481619334,-0.8475409228928311,2.2999999999999545,1.537499999999909,5.974999999999909,3.537499999999909,1004.5916666666668,1005.4077380952382,1.537499999999909,1.0,wzrost_cisnienia,0.0,0.0,1.0,4.17,0.5,1.0,12.304166666666667,4.0,8.669999999999993,26.17,0.17708333333333334,0.22
2022-05-31,0.0,12.658333333333333,8.1,17.2,70.77499999999999,1010.8625000000001,1008.7,1011.8,5,wiosna,151,0.5160623910158528,-0.8565509959010036,3.099999999999909,3.766666666666765,5.304166666666674,9.741666666666674,1007.8388888888891,1006.3095238095239,3.766666666666765,1.0,wzrost_cisnienia,0.0,0.0,1.0,4.0,4.17,0.5,11.924999999999999,0.0,8.169999999999993,25.08,0.12833333333333333,0.23
2022-06-01,3.3200000000000003,12.825000000000001,9.5,16.2,78.21666666666667,1008.6541666666667,1006.8,1011.4,6,lato,152,0.5012418134457758,-0.865307254363206,4.600000000000023,-2.2083333333333712,1.558333333333394,3.095833333333303,1008.8708333333335,1006.3494047619049,2.2083333333333712,-1.0,spadek_cisnienia,180.0,1.2246467991473532e-16,-1.0,0.0,4.0,4.17,12.658333333333333,3.3200000000000003,7.319999999999993,22.78,0.11375,0.16
2022-06-02,0.88,13.2875,8.4,17.9,66.29166666666667,1012.9458333333333,1009.5,1016.6,6,lato,153,0.48627270710869,-0.8738071036110808,7.100000000000023,4.291666666666629,2.0833333333332575,5.850000000000023,1010.8208333333336,1007.1136904761905,4.291666666666629,1.0,wzrost_cisnienia,0.0,0.0,1.0,3.3200000000000003,0.0,4.0,12.825000000000001,0.88,4.199999999999993,13.870000000000001,0.09041666666666666,0.13
2022-06-03,0.0,13.854166666666666,9.6,20.7,70.02083333333333,1017.7041666666668,1016.9,1018.4,6,lato,154,0.4711595076738638,-0.8820480249558537,1.5,4.758333333333439,9.050000000000068,6.841666666666697,1013.1013888888891,1009.1345238095238,4.758333333333439,1.0,wzrost_cisnienia,0.0,0.0,1.0,0.88,3.3200000000000003,0.0,13.2875,0.0,4.199999999999993,12.870000000000001,0.0675,0.12
2022-06-04,0.0,13.0,8.7,16.4,71.89583333333333,1017.1291666666666,1016.0,1018.6,6,lato,155,0.4559066935084588,-0.8900275764346767,2.6000000000000227,-0.5750000000001592,4.18333333333328,8.474999999999909,1015.926388888889,1011.4214285714286,0.5750000000001592,-1.0,spadek_cisnienia,180.0,1.2246467991473532e-16,-1.0,0.0,0.88,3.3200000000000003,13.854166666666666,0.0,0.8799999999999929,12.370000000000001,0.12208333333333334,0.16
2022-06-05,0.0,14.970833333333333,7.4,20.6,63.74583333333334,1017.8708333333334,1015.4,1019.2,6,lato,156,0.440518784350495,-0.8977433935342337,3.800000000000068,0.7416666666667879,0.16666666666662877,4.925000000000068,1017.5680555555558,1013.1803571428571,0.7416666666667879,1.0,wzrost_cisnienia,0.0,0.0,1.0,0.0,0.0,0.88,13.0,0.0,0.0,8.200000000000001,0.08791666666666666,0.12
2022-06-06,0.0,18.770833333333332,10.5,24.5,60.5375,1012.5416666666666,1009.9,1015.6,6,lato,157,0.42500033996955416,-0.9051931898913974,5.7000000000000455,-5.329166666666765,-4.587499999999977,-5.162500000000136,1015.8472222222223,1013.9583333333334,5.329166666666765,-1.0,spadek_cisnienia,180.0,1.2246467991473532e-16,-1.0,0.0,0.0,0.0,14.970833333333333,0.0,0.0,4.2,0.12541666666666668,0.17
2022-06-07,0.1,19.037499999999998,16.5,22.8,69.125,1008.4666666666667,1008.0,1009.9,6,lato,158,0.4093559588156213,-0.9123747579707273,1.8999999999999773,-4.074999999999932,-9.404166666666697,-8.662499999999909,1012.9597222222224,1013.6160714285714,4.074999999999932,-1.0,spadek_cisnienia,180.0,1.2246467991473532e-16,-1.0,0.0,0.0,0.0,18.770833333333332,0.1,0.0999999999999929,4.300000000000001,0.07625,0.13
2022-06-08,0.0,19.341666666666665,15.9,24.1,67.6875,1006.1208333333334,1004.8,1007.7,6,lato,159,0.39359027665646673,-0.9192859697186104,2.900000000000091,-2.345833333333303,-6.420833333333235,-11.75,1009.0430555555557,1013.2541666666666,2.345833333333303,-1.0,spadek_cisnienia,180.0,1.2246467991473532e-16,-1.0,0.1,0.0,0.0,19.037499999999998,0.0,0.0999999999999929,0.98,0.030833333333333334,0.07
2022-06-09,4.260000000000001,18.125,14.3,22.0,80.88333333333334,1007.0166666666668,1005.5,1010.1,6,lato,160,0.3777079652039649,-0.9259247771938498,4.600000000000023,0.8958333333333712,-1.4499999999999318,-5.524999999999864,1007.2013888888891,1012.407142857143,0.8958333333333712,1.0,wzrost_cisnienia,0.0,0.0,1.0,0.0,0.1,0.0,19.341666666666665,4.260000000000001,4.359999999999993,4.36,0.03375,0.08
2022-06-10,5.529999999999999,17.829166666666666,14.1,20.7,73.4375,1013.9499999999999,1010.2,1017.2,6,lato,161,0.36171373072976765,-0.9322892131745133,7.0,6.933333333333167,7.829166666666538,5.483333333333235,1009.0291666666668,1011.8708333333334,6.933333333333167,1.0,wzrost_cisnienia,0.0,0.0,1.0,4.260000000000001,0.0,0.1,18.125,5.529999999999999,9.789999999999992,9.89,0.055,0.1
2022-06-11,0.0,18.304166666666667,12.4,24.9,60.45416666666667,1017.0083333333333,1016.2,1018.0,6,lato,162,0.3456123126707335,-0.9383773917408641,1.7999999999999545,3.058333333333394,9.99166666666656,10.887499999999932,1012.6583333333334,1011.8535714285715,3.058333333333394,1.0,wzrost_cisnienia,0.0,0.0,1.0,5.529999999999999,4.260000000000001,0.0,17.829166666666666,0.0,9.789999999999992,9.89,-0.0020833333333333337,0.05
2022-06-12,3.2,18.05,14.1,22.4,67.28333333333333,1015.2708333333334,1013.0,1016.8,6,lato,163,0.3294084822245304,-0.9441875088341993,3.7999999999999545,-1.7374999999999545,1.3208333333334394,8.254166666666606,1015.4097222222223,1011.4821428571429,1.7374999999999545,-1.0,spadek_cisnienia,180.0,1.2246467991473532e-16,-1.0,0.0,5.529999999999999,4.260000000000001,18.304166666666667,3.2,8.729999999999993,13.09,-0.005416666666666667,0.05
2022-06-13,1.96,15.1,12.7,18.7,71.45416666666667,1010.6125000000001,1009.5,1012.6,6,lato,164,0.3131070409358269,-0.9497178427914316,3.1000000000000227,-4.658333333333303,-6.3958333333332575,-3.3374999999998636,1014.2972222222224,1011.2065476190476,4.658333333333303,-1.0,spadek_cisnienia,180.0,1.2246467991473532e-16,-1.0,3.2,0.0,5.529999999999999,18.05,1.96,5.159999999999993,15.05,0.04583333333333334,0.11
2022-06-14,0.0,14.958333333333334,11.3,18.1,61.6,1012.275,1010.8,1013.9,6,lato,165,0.29671281927349075,-0.9549667548552551,3.1000000000000227,1.662499999999909,-2.995833333333394,-4.7333333333333485,1012.7194444444445,1011.7505952380953,1.662499999999909,1.0,wzrost_cisnienia,0.0,0.0,1.0,1.96,3.2,0.0,15.1,0.0,5.159999999999993,14.95,0.13,0.19
2022-06-15,0.0,16.341666666666665,13.1,20.9,65.64583333333333,1014.8541666666666,1013.4,1015.8,6,lato,166,0.28023067519921585,-0.9599326896597447,2.3999999999999773,2.5791666666666515,4.241666666666561,-0.41666666666674246,1012.5805555555557,1012.9982142857143,2.5791666666666515,1.0,wzrost_cisnienia,0.0,0.0,1.0,0.0,1.96,3.2,14.958333333333334,0.0,1.9599999999999929,14.95,0.14416666666666667,0.19
2022-06-16,0.0,16.504166666666666,12.2,19.9,58.041666666666664,1013.8791666666666,1013.3,1015.1,6,lato,167,0.26366549272800704,-0.9646141756912435,1.8000000000000682,-0.9750000000000227,1.6041666666666288,3.266666666666538,1013.6694444444446,1013.9785714285714,0.9750000000000227,-1.0,spadek_cisnienia,180.0,1.2246467991473532e-16,-1.0,0.0,0.0,1.96,16.341666666666665,0.0,0.0,10.689999999999998,0.15833333333333335,0.2
2022-06-17,0.0,18.712500000000002,13.5,23.2,56.275,1015.9375,1014.5,1017.2,6,lato,168,0.24702218048093552,-0.9690098257244062,2.7000000000000455,2.058333333333394,1.0833333333333712,3.6625000000000227,1014.8902777777779,1014.2624999999999,2.058333333333394,1.0,wzrost_cisnienia,0.0,0.0,1.0,0.0,0.0,0.0,16.504166666666666,0.0,0.0,5.16,0.16541666666666668,0.2
2022-06-18,0.18,20.633333333333333,14.1,28.9,53.229166666666664,1011.3291666666668,1007.6,1016.6,6,lato,169,0.23030567023061221,-0.9731183372332619,9.0,-4.608333333333235,-2.549999999999841,-3.5249999999998636,1013.7152777777779,1013.4511904761904,4.608333333333235,-1.0,spadek_cisnienia,180.0,1.2246467991473532e-16,-1.0,0.0,0.0,0.0,18.712500000000002,0.18,0.1799999999999929,5.34,0.09708333333333334,0.14
2022-06-19,4.52,17.150000000000002,12.7,20.4,69.0125,1006.3833333333333,1003.4,1008.6,6,lato,170,0.21352091543979612,-0.9769384927771817,5.2000000000000455,-4.945833333333439,-9.554166666666674,-7.49583333333328,1011.2166666666668,1012.1815476190477,4.945833333333439,-1.0,spadek_cisnienia,180.0,1.2246467991473532e-16,-1.0,0.18,0.0,0.0,20.633333333333333,4.52,4.699999999999992,6.659999999999999,0.2225,0.32
2022-06-20,1.89,13.989473684210527,12.3,15.6,78.17368421052632,1005.5263157894736,1003.5,1007.5,6,lato,171,0.19667288979357647,-0.980469160361632,4.0,-0.8570175438596834,-5.802850877193123,-10.411184210526358,1007.7462719298247,1011.4549498746867,0.8570175438596834,-1.0,spadek_cisnienia,180.0,1.2246467991473532e-16,-1.0,4.52,0.18,0.0,17.150000000000002,1.89,6.589999999999992,6.589999999999999,0.22166666666666668,0.28
2022-06-21,6.5,15.0,10.6,18.9,70.21249999999999,1004.4625,1001.9,1007.3,6,lato,172,0.1797665857255624,-0.9837092937736097,5.399999999999977,-1.063815789473665,-1.9208333333333485,-6.866666666666788,1005.4573830409358,1010.3388784461151,1.063815789473665,-1.0,spadek_cisnienia,180.0,1.2246467991473532e-16,-1.0,1.89,4.52,0.18,13.989473684210527,6.5,12.909999999999993,13.09,0.24125,0.34
2022-06-22,0.0,17.0625,12.1,21.1,66.8,1008.2833333333333,1006.7,1010.0,6,lato,173,0.16280701293851715,-0.986657932891657,3.2999999999999545,3.8208333333333258,2.7570175438596607,1.8999999999999773,1006.0907163742692,1009.4001879699248,3.8208333333333258,1.0,wzrost_cisnienia,0.0,0.0,1.0,6.5,1.89,4.52,15.0,0.0,8.389999999999993,13.09,0.17916666666666667,0.21
2022-06-23,0.0,17.1125,11.5,21.0,70.26666666666667,1012.2166666666667,1010.3,1013.4,6,lato,174,0.1457991969198751,-0.9893142039703663,3.1000000000000227,3.933333333333394,7.75416666666672,6.690350877193055,1008.3208333333336,1009.1626879699248,3.933333333333394,1.0,wzrost_cisnienia,0.0,0.0,1.0,0.0,6.5,1.89,17.0625,0.0,6.499999999999993,13.09,0.155,0.21
2022-06-24,0.0,21.6125,13.8,26.9,58.162499999999994,1011.4208333333332,1009.2,1013.0,6,lato,175,0.12874817745258132,-0.99167731989929,3.7999999999999545,-0.7958333333334622,3.137499999999932,6.9583333333332575,1010.6402777777779,1008.5174498746867,0.7958333333334622,-1.0,spadek_cisnienia,180.0,1.2246467991473532e-16,-1.0,0.0,0.0,6.5,17.1125,0.0,0.0,13.09,0.12291666666666667,0.16
2022-06-25,0.0,22.933333333333334,16.3,28.8,54.862500000000004,1011.0124999999999,1009.6,1012.1,6,lato,176,0.11165900712169512,-0.993746580436178,2.5,-0.408333333333303,-1.2041666666667652,2.7291666666666288,1011.5500000000001,1008.4722117794485,0.408333333333303,-1.0,spadek_cisnienia,180.0,1.2246467991473532e-16,-1.0,0.0,0.0,0.0,21.6125,0.0,0.0,12.91,0.14125000000000001,0.17
2022-06-26,0.0,24.47083333333333,17.7,29.9,54.89166666666667,1013.6916666666666,1012.3,1014.5,6,lato,177,0.09453674981719912,-0.9955213724144752,2.2000000000000455,2.6791666666666742,2.2708333333333712,1.474999999999909,1012.0416666666666,1009.5162593984961,2.6791666666666742,1.0,wzrost_cisnienia,0.0,0.0,1.0,0.0,0.0,0.0,22.933333333333334,0.0,0.0,8.39,0.10833333333333334,0.15
2022-06-27,0.0,25.4875,18.2,30.8,52.85833333333333,1013.9499999999999,1012.5,1015.4,6,lato,178,0.07738647923346301,-0.9970011699250151,2.8999999999999773,0.25833333333332575,2.9375,2.529166666666697,1012.8847222222224,1010.7196428571427,0.25833333333332575,1.0,wzrost_cisnienia,0.0,0.0,1.0,0.0,0.0,0.0,24.47083333333333,0.0,0.0,6.5,0.08875,0.12
2022-06-28,9.23,21.166666666666668,17.9,24.8,73.39166666666667,1013.6374999999999,1011.5,1016.6,6,lato,179,0.06021327736579302,-0.9981855344718586,5.100000000000023,-0.3125,-0.054166666666674246,2.625,1013.7597222222224,1012.030357142857,0.3125,-1.0,spadek_cisnienia,180.0,1.2246467991473532e-16,-1.0,0.0,0.0,0.0,25.4875,9.23,9.229999999999993,9.23,0.13583333333333333,0.22
2022-06-29,0.0,18.9875,15.3,21.8,74.32083333333334,1014.5208333333334,1012.9,1016.3,6,lato,180,0.04302223300453059,-0.99907411510223,3.3999999999999773,0.8833333333334394,0.5708333333334394,0.8291666666667652,1014.0361111111112,1012.9214285714286,0.8833333333334394,1.0,wzrost_cisnienia,0.0,0.0,1.0,9.23,0.0,0.0,21.166666666666668,0.0,9.229999999999993,9.23,0.12625,0.18
2022-06-30,0.25,20.1125,16.1,24.1,79.31666666666666,1011.4958333333334,1009.3,1013.9,6,lato,181,0.02581844022713308,-0.9996666485105112,4.600000000000023,-3.0249999999999773,-2.141666666666538,-2.454166666666538,1013.2180555555557,1012.8184523809524,3.0249999999999773,-1.0,spadek_cisnienia,180.0,1.2246467991473532e-16,-1.0,0.0,9.23,0.0,18.9875,0.25,9.479999999999993,9.48,0.11958333333333333,0.17
2022-07-01,5.08,23.625,19.0,30.3,69.61666666666666,1009.5208333333334,1007.2,1011.3,7,lato,182,0.008606996888688698,-0.9999629591162655,4.099999999999909,-1.9750000000000227,-5.0,-4.116666666666561,1011.8458333333336,1012.5470238095238,1.9750000000000227,-1.0,spadek_cisnienia,180.0,1.2246467991473532e-16,-1.0,0.25,0.0,9.23,20.1125,5.08,5.329999999999993,14.56,0.13833333333333334,0.36
2022-07-02,4.71,18.970833333333335,15.2,23.1,69.73333333333333,1017.0708333333333,1011.7,1019.6,7,lato,183,-0.008606996888688009,-0.9999629591162655,7.899999999999977,7.5499999999999545,5.574999999999932,2.5499999999999545,1012.6958333333336,1013.4125,7.5499999999999545,1.0,wzrost_cisnienia,0.0,0.0,1.0,5.08,0.25,0.0,23.625,4.71,10.039999999999992,19.27,0.12166666666666666,0.36
2022-07-03,0.0,19.229166666666668,13.5,23.8,65.9875,1017.3249999999999,1014.3,1019.9,7,lato,184,-0.02581844022713239,-0.9996666485105112,5.600000000000023,0.25416666666660603,7.804166666666561,5.829166666666538,1014.638888888889,1013.9315476190476,0.25416666666660603,1.0,wzrost_cisnienia,0.0,0.0,1.0,4.71,5.08,0.25,18.970833333333335,0.0,9.789999999999992,19.27,0.023333333333333334,0.07
2022-07-04,5.76,19.883333333333333,15.4,26.2,69.64166666666667,1012.6166666666667,1011.8,1013.9,7,lato,185,-0.04302223300453034,-0.99907411510223,2.1000000000000227,-4.7083333333332575,-4.4541666666666515,3.095833333333303,1015.6708333333335,1013.7410714285714,4.7083333333332575,-1.0,spadek_cisnienia,180.0,1.2246467991473532e-16,-1.0,0.0,4.71,5.08,19.229166666666668,5.76,10.469999999999992,25.03,0.06875,0.14
2022-07-05,1.6,18.045833333333334,12.9,24.4,65.3875,1014.8041666666667,1014.2,1015.3,7,lato,186,-0.060213277365792774,-0.9981855344718586,1.099999999999909,2.1875,-2.5208333333332575,-2.2666666666666515,1014.915277777778,1013.9077380952382,2.1875,1.0,wzrost_cisnienia,0.0,0.0,1.0,5.76,0.0,4.71,19.883333333333333,1.6,7.359999999999992,17.4,0.024583333333333336,0.08
2022-07-06,0.3,16.458333333333332,12.3,20.3,62.17083333333333,1013.6833333333334,1012.5,1015.1,7,lato,187,-0.07738647923346322,-0.9970011699250151,2.6000000000000227,-1.1208333333332803,1.0666666666667197,-3.641666666666538,1013.7013888888891,1013.7880952380953,1.1208333333332803,-1.0,spadek_cisnienia,180.0,1.2246467991473532e-16,-1.0,1.6,5.76,0.0,18.045833333333334,0.3,7.659999999999993,17.7,0.07541666666666667,0.15
2022-07-07,0.0,17.45,14.8,20.0,60.67083333333333,1011.1291666666666,1010.4,1012.5,7,lato,188,-0.09453674981719933,-0.9955213724144752,2.1000000000000227,-2.554166666666788,-3.675000000000068,-1.4875000000000682,1013.2055555555557,1013.7357142857143,2.554166666666788,-1.0,spadek_cisnienia,180.0,1.2246467991473532e-16,-1.0,0.3,1.6,5.76,16.458333333333332,0.0,1.899999999999993,17.45,0.08875,0.14
2022-07-08,0.27,18.016666666666666,14.6,21.6,67.04166666666667,1015.0666666666666,1012.8,1016.9,7,lato,189,-0.11165900712169444,-0.9937465804361781,4.100000000000023,3.9375,1.383333333333212,0.2624999999999318,1013.2930555555557,1014.5279761904761,3.9375,1.0,wzrost_cisnienia,0.0,0.0,1.0,0.0,0.3,1.6,17.45,0.27,0.569999999999993,12.64,0.21333333333333335,0.29
2022-07-09,0.0,17.349999999999998,12.3,21.5,60.75416666666666,1012.975,1010.5,1016.2,7,lato,190,-0.12874817745258066,-0.99167731989929,5.7000000000000455,-2.0916666666665833,1.8458333333334167,-0.7083333333333712,1013.0569444444445,1013.9428571428572,2.0916666666665833,-1.0,spadek_cisnienia,180.0,1.2246467991473532e-16,-1.0,0.27,0.0,0.3,18.016666666666666,0.0,0.2699999999999929,7.93,0.20541666666666666,0.27
2022-07-10,6.82,15.658333333333333,11.9,19.1,70.44166666666666,1009.0916666666667,1007.8,1011.0,7,lato,191,-0.14579919691987442,-0.9893142039703664,3.2000000000000455,-3.8833333333333258,-5.974999999999909,-2.037499999999909,1012.3777777777779,1012.7666666666667,3.8833333333333258,-1.0,spadek_cisnienia,180.0,1.2246467991473532e-16,-1.0,0.0,0.27,0.0,17.349999999999998,6.82,7.089999999999993,14.75,0.3129166666666667,0.41
2022-07-11,3.3200000000000003,15.666666666666666,12.0,19.3,74.45,1012.15,1010.1,1014.2,7,lato,192,-0.16280701293851646,-0.9866579328916572,4.100000000000023,3.0583333333332803,-0.8250000000000455,-2.9166666666666288,1011.4055555555557,1012.7,3.0583333333332803,1.0,wzrost_cisnienia,0.0,0.0,1.0,6.82,0.0,0.27,15.658333333333333,3.3200000000000003,10.139999999999993,12.31,0.33791666666666664,0.37
2022-07-12,0.0,19.099999999999998,14.5,22.9,58.987500000000004,1012.9375,1011.2,1014.1,7,lato,193,-0.17976658572556214,-0.9837092937736098,2.8999999999999773,0.7875000000000227,3.845833333333303,-0.03750000000002274,1011.3930555555557,1012.4333333333334,0.7875000000000227,1.0,wzrost_cisnienia,0.0,0.0,1.0,3.3200000000000003,6.82,0.0,15.666666666666666,0.0,10.139999999999993,10.71,0.33958333333333335,0.42
2022-07-13,0.0,21.354166666666668,17.2,25.7,58.18333333333334,1009.4499999999999,1008.2,1010.7,7,lato,194,-0.19667288979357622,-0.9804691603616321,2.5,-3.487500000000068,-2.7000000000000455,0.3583333333332348,1011.5125000000002,1011.8285714285714,3.487500000000068,-1.0,spadek_cisnienia,180.0,1.2246467991473532e-16,-1.0,0.0,3.3200000000000003,6.82,19.099999999999998,0.0,3.319999999999993,10.41,0.22708333333333333,0.33
2022-07-14,0.0,17.954166666666666,15.2,20.4,56.15416666666667,1009.0583333333334,1007.7,1010.0,7,lato,195,-0.2135209154397959,-0.9769384927771817,2.2999999999999545,-0.3916666666665378,-3.879166666666606,-3.0916666666665833,1010.4819444444446,1011.5327380952382,0.3916666666665378,-1.0,spadek_cisnienia,180.0,1.2246467991473532e-16,-1.0,0.0,0.0,3.3200000000000003,21.354166666666668,0.0,0.0,10.41,0.25333333333333335,0.32
2022-07-15,0.52,15.8375,12.9,19.3,62.65416666666667,1009.0541666666667,1006.8,1011.4,7,lato,196,-0.23030567023061196,-0.973118337233262,4.600000000000023,-0.0041666666667197205,-0.39583333333325754,-3.8833333333333258,1009.1875000000001,1010.6738095238096,0.0041666666667197205,-1.0,spadek_cisnienia,180.0,1.2246467991473532e-16,-1.0,0.0,0.0,0.0,17.954166666666666,0.52,0.5199999999999929,10.66,0.29833333333333334,0.38
2022-07-16,10.66,13.516666666666666,11.7,17.0,79.16666666666667,1010.0708333333333,1007.4,1013.9,7,lato,197,-0.24702218048093527,-0.9690098257244063,6.5,1.0166666666666515,1.0124999999999318,0.620833333333394,1009.3944444444446,1010.2589285714286,1.0166666666666515,1.0,wzrost_cisnienia,0.0,0.0,1.0,0.52,0.0,0.0,15.8375,10.66,11.179999999999993,21.32,0.34791666666666665,0.44
2022-07-17,0.0,16.75,11.8,21.3,63.35,1017.4083333333333,1014.4,1019.3,7,lato,198,-0.2636654927280072,-0.9646141756912435,4.899999999999977,7.337499999999977,8.354166666666629,8.349999999999909,1012.1777777777779,1011.4470238095238,7.337499999999977,1.0,wzrost_cisnienia,0.0,0.0,1.0,10.66,0.52,0.0,13.516666666666666,0.0,11.179999999999993,14.5,0.36791666666666667,0.45
2022-07-18,0.0,17.708333333333332,13.2,22.1,71.92916666666666,1018.1666666666666,1016.7,1018.7,7,lato,199,-0.2802306751992161,-0.9599326896597445,2.0,0.7583333333333258,8.095833333333303,9.112499999999955,1015.2152777777778,1012.3065476190476,0.7583333333333258,1.0,wzrost_cisnienia,0.0,0.0,1.0,0.0,10.66,0.52,16.75,0.0,10.659999999999993,11.18,0.2808333333333333,0.33
2022-07-19,0.0,21.883333333333336,16.8,27.3,58.6625,1015.8249999999999,1015.1,1016.8,7,lato,200,-0.2967128192734901,-0.9549667548552553,1.6999999999999318,-2.341666666666697,-1.5833333333333712,5.754166666666606,1017.1333333333336,1012.7190476190475,2.341666666666697,-1.0,spadek_cisnienia,180.0,1.2246467991473532e-16,-1.0,0.0,0.0,10.66,17.708333333333332,0.0,0.0,11.18,0.2654166666666667,0.32
2022-07-20,0.0,22.28333333333333,15.3,27.7,56.854166666666664,1017.4333333333334,1016.1,1018.5,7,lato,201,-0.3131070409358267,-0.9497178427914317,2.3999999999999773,1.6083333333334622,-0.7333333333332348,0.02500000000009095,1017.1416666666668,1013.8595238095238,1.6083333333334622,1.0,wzrost_cisnienia,0.0,0.0,1.0,0.0,0.0,0.0,21.883333333333336,0.0,0.0,11.18,0.22583333333333333,0.3
2022-07-21,0.0,25.645833333333332,17.5,32.8,53.15833333333333,1013.8583333333332,1011.5,1016.0,7,lato,202,-0.3294084822245302,-0.9441875088341994,4.5,-3.575000000000159,-1.966666666666697,-4.308333333333394,1015.7055555555557,1014.5452380952381,3.575000000000159,-1.0,spadek_cisnienia,180.0,1.2246467991473532e-16,-1.0,0.0,0.0,0.0,22.28333333333333,0.0,0.0,11.18,0.1741666666666667,0.27
2022-07-22,2.15,22.0125,19.0,27.3,71.32916666666667,1012.5083333333333,1012.1,1013.2,7,lato,203,-0.3456123126707333,-0.9383773917408642,1.1000000000000227,-1.349999999999909,-4.925000000000068,-3.316666666666606,1014.6,1015.0386904761905,1.349999999999909,-1.0,spadek_cisnienia,180.0,1.2246467991473532e-16,-1.0,0.0,0.0,0.0,25.645833333333332,2.15,2.149999999999993,12.81,0.18958333333333333,0.27
2022-07-23,0.4,19.683333333333334,16.1,23.6,68.9875,1011.9416666666666,1011.0,1013.1,7,lato,204,-0.3617137307297674,-0.9322892131745134,2.1000000000000227,-0.5666666666667197,-1.9166666666666288,-5.491666666666788,1012.7694444444445,1015.3059523809524,0.5666666666667197,-1.0,spadek_cisnienia,180.0,1.2246467991473532e-16,-1.0,2.15,0.0,0.0,22.0125,0.4,2.5499999999999927,2.55,0.18166666666666667,0.26
2022-07-24,0.0,18.05,15.2,20.8,70.80833333333334,1013.4083333333333,1011.4,1015.0,7,lato,205,-0.37770796520396466,-0.9259247771938499,3.6000000000000227,1.466666666666697,0.8999999999999773,-0.4499999999999318,1012.6194444444445,1014.7345238095238,1.466666666666697,1.0,wzrost_cisnienia,0.0,0.0,1.0,0.4,2.15,0.0,19.683333333333334,0.0,2.5499999999999927,2.55,0.18666666666666668,0.24
2022-07-25,0.0,22.325,13.7,28.2,54.50833333333333,1009.8833333333333,1004.3,1014.1,7,lato,206,-0.39359027665646645,-0.9192859697186105,9.800000000000068,-3.5249999999999773,-2.0583333333332803,-2.625,1011.7444444444445,1013.5511904761904,3.5249999999999773,-1.0,spadek_cisnienia,180.0,1.2246467991473532e-16,-1.0,0.0,0.4,2.15,18.05,0.0,0.3999999999999929,2.55,0.09500000000000001,0.15
2022-07-26,3.67,20.425,15.8,24.0,62.79583333333333,1005.0083333333333,1002.1,1008.4,7,lato,207,-0.4093559588156211,-0.9123747579707274,6.2999999999999545,-4.875,-8.399999999999977,-6.93333333333328,1009.4333333333334,1012.0059523809523,4.875,-1.0,spadek_cisnienia,180.0,1.2246467991473532e-16,-1.0,0.0,0.0,0.4,22.325,3.67,3.669999999999993,6.22,0.13916666666666666,0.22
2022-07-27,0.0,15.891666666666666,12.2,18.7,62.574999999999996,1010.0416666666666,1008.6,1011.6,7,lato,208,-0.42500033996955394,-0.9051931898913975,3.0,5.033333333333303,0.15833333333330302,-3.3666666666666742,1008.3111111111112,1010.9499999999999,5.033333333333303,1.0,wzrost_cisnienia,0.0,0.0,1.0,3.67,0.0,0.0,20.425,0.0,3.669999999999993,6.22,0.16708333333333333,0.22
2022-07-28,0.0,17.5,14.6,20.8,66.14583333333333,1014.6625,1011.8,1018.1,7,lato,209,-0.4405187843504952,-0.8977433935342336,6.300000000000068,4.620833333333394,9.654166666666697,4.779166666666697,1009.9041666666668,1011.0648809523809,4.620833333333394,1.0,wzrost_cisnienia,0.0,0.0,1.0,0.0,3.67,0.0,15.891666666666666,0.0,3.669999999999993,6.22,0.28458333333333335,0.34
2022-07-29,0.0,17.479166666666668,12.3,21.9,64.375,1018.625,1017.7,1019.4,7,lato,210,-0.455906693508459,-0.8900275764346766,1.6999999999999318,3.9624999999999773,8.583333333333371,13.616666666666674,1014.4430555555558,1011.9386904761905,3.9624999999999773,1.0,wzrost_cisnienia,0.0,0.0,1.0,0.0,0.0,3.67,17.5,0.0,0.0,4.07,0.23208333333333334,0.27
2022-07-30,0.0,18.775000000000002,13.1,22.7,64.42916666666666,1015.0749999999999,1013.3,1017.5,7,lato,211,-0.47115950767386394,-0.8820480249558535,4.2000000000000455,-3.550000000000068,0.41249999999990905,5.033333333333303,1016.1208333333335,1012.3863095238095,3.550000000000068,-1.0,spadek_cisnienia,180.0,1.2246467991473532e-16,-1.0,0.0,0.0,0.0,17.479166666666668,0.0,0.0,3.67,0.18791666666666665,0.23
2022-07-31,0.0,18.558333333333334,14.5,20.3,65.24583333333334,1011.2083333333334,1009.2,1013.3,7,lato,212,-0.4862727071086902,-0.8738071036110807,4.099999999999909,-3.8666666666665606,-7.416666666666629,-3.4541666666666515,1014.9694444444445,1012.0720238095238,3.8666666666665606,-1.0,spadek_cisnienia,180.0,1.2246467991473532e-16,-1.0,0.0,0.0,0.0,18.775000000000002,0.0,0.0,3.67,0.13999999999999999,0.17
2022-08-01,0.0,18.341666666666665,12.6,23.0,69.8125,1009.1125000000001,1008.1,1011.3,8,lato,213,-0.5012418134457756,-0.8653072543632061,3.199999999999932,-2.095833333333303,-5.962499999999864,-9.512499999999932,1011.7986111111113,1011.9619047619047,2.095833333333303,-1.0,spadek_cisnienia,180.0,1.2246467991473532e-16,-1.0,0.0,0.0,0.0,18.558333333333334,0.0,0.0,3.67,0.12333333333333334,0.14
2022-08-02,0.0,19.154166666666665,15.2,23.1,60.237500000000004,1013.6458333333334,1011.7,1014.9,8,lato,214,-0.5160623910158526,-0.8565509959010037,3.199999999999932,4.533333333333303,2.4375,-1.4291666666665606,1011.3222222222224,1013.1958333333334,4.533333333333303,1.0,wzrost_cisnienia,0.0,0.0,1.0,0.0,0.0,0.0,18.341666666666665,0.0,0.0,0.0,0.10583333333333333,0.15
2022-08-03,0.0,22.566666666666666,14.5,30.9,54.395833333333336,1013.5833333333334,1012.3,1014.6,8,lato,215,-0.5307300481619331,-0.8475409228928312,2.300000000000068,-0.0625,4.470833333333303,2.375,1012.113888888889,1013.7017857142857,0.0625,-1.0,spadek_cisnienia,180.0,1.2246467991473532e-16,-1.0,0.0,0.0,0.0,19.154166666666665,0.0,0.0,0.0,0.042916666666666665,0.09
2022-08-04,0.0,26.208333333333332,19.5,32.0,42.34583333333334,1013.0208333333334,1011.6,1013.9,8,lato,216,-0.5452404385406507,-0.8382797052177745,2.2999999999999545,-0.5625,-0.625,3.908333333333303,1013.4166666666669,1013.4672619047618,0.5625,-1.0,spadek_cisnienia,180.0,1.2246467991473532e-16,-1.0,0.0,0.0,0.0,22.566666666666666,0.0,0.0,0.0,0.043750000000000004,0.08
2022-08-05,3.75,25.266666666666666,19.2,32.2,50.05416666666667,1009.9708333333333,1007.3,1012.1,8,lato,217,-0.5595892624101763,-0.828770087174504,4.800000000000068,-3.050000000000068,-3.612500000000068,-3.675000000000068,1012.191666666667,1012.2309523809524,3.050000000000068,-1.0,spadek_cisnienia,180.0,1.2246467991473532e-16,-1.0,0.0,0.0,0.0,26.208333333333332,3.75,3.749999999999993,3.75,0.09000000000000001,0.21
2022-08-06,0.0,18.416666666666668,14.3,21.1,59.800000000000004,1016.7624999999999,1011.0,1020.5,8,lato,218,-0.5737722679043243,-0.8190148866680802,9.5,6.791666666666629,3.7416666666665606,3.1791666666665606,1013.251388888889,1012.4720238095239,6.791666666666629,1.0,wzrost_cisnienia,0.0,0.0,1.0,3.75,0.0,0.0,25.266666666666666,0.0,3.749999999999993,3.75,0.13333333333333333,0.2
2022-08-07,0.0,17.191666666666666,13.7,20.8,59.5875,1020.7291666666666,1020.3,1021.4,8,lato,219,-0.5877852522924734,-0.8090169943749472,1.1000000000000227,3.966666666666697,10.758333333333326,7.7083333333332575,1015.8208333333336,1013.8321428571429,3.966666666666697,1.0,wzrost_cisnienia,0.0,0.0,1.0,0.0,3.75,0.0,18.416666666666668,0.0,3.749999999999993,3.75,0.13291666666666666,0.2
2022-08-08,0.0,17.695833333333333,13.5,20.8,62.57916666666667,1021.525,1020.3,1022.9,8,lato,220,-0.6016240632249227,-0.7987793728863648,2.6000000000000227,0.7958333333333485,4.7625000000000455,11.554166666666674,1019.6722222222223,1015.6053571428572,0.7958333333333485,1.0,wzrost_cisnienia,0.0,0.0,1.0,0.0,0.0,3.75,17.191666666666666,0.0,0.0,3.75,0.13458333333333333,0.19
2022-08-09,0.0,18.825,15.2,22.2,65.21249999999999,1024.0083333333334,1023.0,1024.6,8,lato,221,-0.6152845999633277,-0.7883050558305253,1.599999999999909,2.483333333333462,3.2791666666668107,7.245833333333508,1022.0875000000002,1017.0857142857143,2.483333333333462,1.0,wzrost_cisnienia,0.0,0.0,1.0,0.0,0.0,0.0,17.695833333333333,0.0,0.0,3.75,0.14125000000000001,0.19
2022-08-10,0.0,17.962500000000002,13.0,21.8,70.51666666666667,1024.2958333333333,1023.3,1025.1,8,lato,222,-0.6287628145958345,-0.7775971469736268,1.7999999999999545,0.28749999999990905,2.7708333333333712,3.5666666666667197,1023.2763888888891,1018.6160714285714,0.28749999999990905,1.0,wzrost_cisnienia,0.0,0.0,1.0,0.0,0.0,0.0,18.825,0.0,0.0,3.75,0.08166666666666667,0.15
2022-08-11,0.0,18.754166666666666,13.0,24.0,65.89583333333333,1022.2083333333334,1020.8,1023.2,8,lato,223,-0.6420547132365636,-0.7666588193001592,2.400000000000091,-2.0874999999999773,-1.8000000000000682,0.683333333333394,1023.504166666667,1019.9285714285714,2.0874999999999773,-1.0,spadek_cisnienia,180.0,1.2246467991473532e-16,-1.0,0.0,0.0,0.0,17.962500000000002,0.0,0.0,3.75,0.03625,0.09
2022-08-12,0.0,20.920833333333334,13.6,26.5,59.833333333333336,1020.1916666666666,1018.5,1021.2,8,lato,224,-0.655156357209085,-0.7554933140726804,2.7000000000000455,-2.016666666666765,-4.1041666666667425,-3.8166666666668334,1022.2319444444447,1021.3886904761904,2.016666666666765,-1.0,spadek_cisnienia,180.0,1.2246467991473532e-16,-1.0,0.0,0.0,0.0,18.754166666666666,0.0,0.0,0.0,0.06458333333333334,0.09
2022-08-13,0.0,22.445833333333336,18.2,26.6,66.31666666666666,1016.4499999999999,1014.2,1018.7,8,lato,225,-0.6680638642135333,-0.7441039398713608,4.5,-3.7416666666666742,-5.758333333333439,-7.845833333333417,1019.6166666666668,1021.3440476190475,3.7416666666666742,-1.0,spadek_cisnienia,180.0,1.2246467991473532e-16,-1.0,0.0,0.0,0.0,20.920833333333334,0.0,0.0,0.0,0.09749999999999999,0.14
2022-08-14,0.0,22.47083333333333,18.5,26.2,68.2625,1010.6,1007.8,1013.8,8,lato,226,-0.6807734094770159,-0.7324940716135792,6.0,-5.849999999999909,-9.591666666666583,-11.608333333333348,1015.7472222222224,1019.8970238095238,5.849999999999909,-1.0,spadek_cisnienia,180.0,1.2246467991473532e-16,-1.0,0.0,0.0,0.0,22.445833333333336,0.0,0.0,0.0,0.08791666666666666,0.13
2022-08-15,16.75,22.825,19.0,28.5,74.86666666666666,1005.5625,1004.1,1007.4,8,lato,227,-0.6932812268869771,-0.7206671495538615,3.2999999999999545,-5.037500000000023,-10.887499999999932,-14.629166666666606,1010.8708333333335,1017.6166666666667,5.037500000000023,-1.0,spadek_cisnienia,180.0,1.2246467991473532e-16,-1.0,0.0,0.0,0.0,22.47083333333333,16.75,16.749999999999993,16.75,0.10291666666666667,0.45
2022-08-16,12.91,22.608333333333334,18.3,30.6,79.02916666666667,1005.7208333333333,1004.7,1007.6,8,lato,228,-0.7055836101071774,-0.7086266782644601,2.8999999999999773,0.15833333333330302,-4.87916666666672,-10.729166666666629,1007.2944444444447,1015.0041666666666,0.15833333333330302,1.0,wzrost_cisnienia,0.0,0.0,1.0,16.75,0.0,0.0,22.825,12.91,29.659999999999993,29.66,0.05708333333333334,0.17
2022-08-17,0.0,22.358333333333334,18.5,26.2,78.54583333333333,1008.4958333333334,1007.2,1009.8,8,lato,229,-0.7176769136759615,-0.6963762255968726,2.599999999999909,2.775000000000091,2.933333333333394,-2.1041666666666288,1006.5930555555559,1012.7470238095237,2.775000000000091,1.0,wzrost_cisnienia,0.0,0.0,1.0,12.91,16.75,0.0,22.608333333333334,0.0,29.659999999999993,29.66,0.014583333333333332,0.06
2022-08-18,0.0,24.116666666666664,20.7,28.8,73.83749999999999,1009.4541666666668,1008.8,1010.1,8,lato,230,-0.7295575540864876,-0.6839194216246105,1.3000000000000682,0.9583333333333712,3.733333333333462,3.891666666666765,1007.8902777777781,1010.9250000000001,0.9583333333333712,1.0,wzrost_cisnienia,0.0,0.0,1.0,0.0,12.91,16.75,22.358333333333334,0.0,12.909999999999993,29.66,0.03833333333333334,0.08
2022-08-19,0.0,26.55,20.1,32.1,59.61666666666667,1007.2958333333332,1005.4,1008.7,8,lato,231,-0.7412220108485957,-0.6712599575675315,3.300000000000068,-2.1583333333335304,-1.2000000000001592,1.5749999999999318,1008.4152777777781,1009.082738095238,2.1583333333335304,-1.0,spadek_cisnienia,180.0,1.2246467991473532e-16,-1.0,0.0,0.0,12.91,24.116666666666664,0.0,0.0,29.66,0.05791666666666667,0.08
2022-08-20,13.15,23.729166666666668,21.2,28.2,75.30416666666666,1007.6541666666667,1006.2,1008.9,8,lato,232,-0.7526668275320083,-0.6584015846980489,2.699999999999932,0.3583333333334622,-1.8000000000000682,-0.841666666666697,1008.1347222222225,1007.8261904761905,0.3583333333334622,1.0,wzrost_cisnienia,0.0,0.0,1.0,0.0,0.0,0.0,26.55,13.15,13.149999999999993,42.81,0.0325,0.08
2022-08-21,19.28,18.925,15.4,21.1,91.16666666666667,1008.9458333333333,1007.3,1011.2,8,lato,233,-0.7638886127905429,-0.64534811322955,3.900000000000091,1.2916666666666288,1.650000000000091,-0.5083333333334394,1007.9652777777779,1007.5898809523809,1.2916666666666288,1.0,wzrost_cisnienia,0.0,0.0,1.0,13.15,0.0,0.0,23.729166666666668,19.28,32.42999999999999,62.09,0.06916666666666667,0.12
2022-08-22,0.33,19.533333333333335,15.9,22.2,78.67916666666666,1012.4416666666666,1011.2,1013.6,8,lato,234,-0.7748840413670406,-0.6321034111873488,2.3999999999999773,3.4958333333332803,4.787499999999909,5.145833333333371,1009.6805555555558,1008.572619047619,3.4958333333332803,1.0,wzrost_cisnienia,0.0,0.0,1.0,19.28,13.15,0.0,18.925,0.33,32.75999999999999,45.67,0.07125,0.14
2022-08-23,0.83,21.141666666666666,19.9,22.8,81.21249999999999,1013.4625,1012.4,1015.0,8,lato,235,-0.7856498550787144,-0.6186714032625032,2.6000000000000227,1.0208333333333712,4.5166666666666515,5.80833333333328,1011.6166666666669,1009.6785714285714,1.0208333333333712,1.0,wzrost_cisnienia,0.0,0.0,1.0,0.33,19.28,13.15,19.533333333333335,0.83,20.439999999999994,33.59,0.12625,0.15
2022-08-24,0.0,21.462500000000002,19.2,24.4,84.91250000000001,1016.4666666666667,1014.3,1018.4,8,lato,236,-0.7961828637826154,-0.6050560696488494,4.100000000000023,3.0041666666667197,4.025000000000091,7.520833333333371,1014.1236111111112,1010.817261904762,3.0041666666667197,1.0,wzrost_cisnienia,0.0,0.0,1.0,0.83,0.33,19.28,21.141666666666666,0.0,1.1599999999999928,33.59,0.11625,0.16
2022-08-25,0.0,21.4375,20.6,22.6,84.77499999999999,1016.8249999999999,1014.9,1018.3,8,lato,237,-0.8064799463209447,-0.5912614448635782,3.3999999999999773,0.3583333333332348,3.3624999999999545,4.383333333333326,1015.5847222222225,1011.870238095238,0.3583333333332348,1.0,wzrost_cisnienia,0.0,0.0,1.0,0.0,0.83,0.33,21.462500000000002,0.0,0.8299999999999927,33.59,0.0675,0.13
2022-08-26,0.0,24.316666666666666,21.0,29.9,72.35416666666667,1011.8583333333332,1009.9,1014.4,8,lato,238,-0.8165380514459157,-0.5772916165517278,4.5,-4.966666666666697,-4.608333333333462,-1.6041666666667425,1015.0500000000002,1012.5220238095238,4.966666666666697,-1.0,spadek_cisnienia,180.0,1.2246467991473532e-16,-1.0,0.0,0.0,0.83,21.4375,0.0,0.0,33.59,0.015416666666666667,0.06
2022-08-27,0.0,23.291666666666668,17.6,28.7,65.95416666666667,1008.9250000000001,1007.9,1010.2,8,lato,239,-0.8263541987239095,-0.5631507242749187,2.300000000000068,-2.9333333333331666,-7.899999999999864,-7.541666666666629,1012.5361111111112,1012.7035714285713,2.9333333333331666,-1.0,spadek_cisnienia,180.0,1.2246467991473532e-16,-1.0,0.0,0.0,0.0,24.316666666666666,0.0,0.0,20.44,-0.019583333333333335,0.0
2022-08-28,0.0,22.05,17.5,28.3,69.825,1008.1374999999999,1007.0,1009.8,8,lato,240,-0.8359254794186365,-0.5488429582847199,2.7999999999999545,-0.7875000000001364,-3.720833333333303,-8.6875,1009.640277777778,1012.5880952380952,0.7875000000001364,-1.0,spadek_cisnienia,180.0,1.2246467991473532e-16,-1.0,0.0,0.0,0.0,23.291666666666668,0.0,0.0,1.16,0.043333333333333335,0.12
2022-08-29,0.0,19.7625,17.1,23.3,71.54583333333333,1010.8291666666668,1009.4,1012.8,8,lato,241,-0.8452490573530634,-0.5343725582809785,3.3999999999999773,2.6916666666668334,1.904166666666697,-1.0291666666664696,1009.2972222222224,1012.3577380952381,2.6916666666668334,1.0,wzrost_cisnienia,0.0,0.0,1.0,0.0,0.0,0.0,22.05,0.0,0.0,0.8299999999999998,0.15291666666666667,0.27
2022-08-30,3.22,17.1125,15.6,19.0,74.64166666666667,1015.9083333333333,1013.1,1017.9,8,lato,242,-0.8543221697498269,-0.5197438121555157,4.7999999999999545,5.079166666666538,7.770833333333371,6.983333333333235,1011.6250000000003,1012.7071428571429,5.079166666666538,1.0,wzrost_cisnienia,0.0,0.0,1.0,0.0,0.0,0.0,19.7625,3.22,3.219999999999993,3.22,0.22041666666666668,0.32
2022-08-31,4.41,16.337500000000002,12.1,19.3,68.99166666666666,1018.9666666666667,1017.8,1020.0,8,lato,243,-0.8631421280499115,-0.5049610547215202,2.2000000000000455,3.058333333333394,8.137499999999932,10.829166666666765,1015.2347222222224,1013.0642857142857,3.058333333333394,1.0,wzrost_cisnienia,0.0,0.0,1.0,3.22,0.0,0.0,17.1125,4.41,7.629999999999994,7.630000000000001,0.12875,0.18
2022-09-01,1.39,14.791666666666666,11.7,17.7,66.96666666666667,1018.7166666666667,1018.0,1019.4,9,jesien,244,-0.8717063187093218,-0.4900286664290594,1.3999999999999773,-0.25,2.808333333333394,7.887499999999932,1017.863888888889,1013.3345238095238,0.25,-1.0,spadek_cisnienia,180.0,1.2246467991473532e-16,-1.0,4.41,3.22,0.0,16.337500000000002,1.39,9.019999999999994,9.020000000000001,0.05541666666666667,0.15
2022-09-02,0.0,14.720833333333333,10.8,18.3,63.53333333333333,1019.5541666666667,1019.2,1020.0,9,jesien,245,-0.8800122039735356,-0.4749510720670502,0.7999999999999545,0.8374999999999773,0.5874999999999773,3.6458333333333712,1019.0791666666669,1014.4339285714285,0.8374999999999773,1.0,wzrost_cisnienia,0.0,0.0,1.0,1.39,4.41,3.22,14.791666666666666,0.0,5.799999999999993,9.020000000000001,-0.01625,0.01
2022-09-03,0.55,13.995833333333332,11.1,17.0,63.73333333333333,1020.0583333333334,1019.4,1020.9,9,jesien,246,-0.888057322629493,-0.4597327394521046,1.5,0.5041666666667197,1.341666666666697,1.091666666666697,1019.4430555555558,1016.0244047619046,0.5041666666667197,1.0,wzrost_cisnienia,0.0,0.0,1.0,0.0,1.39,4.41,14.720833333333333,0.55,1.9399999999999928,9.57,-0.10375000000000001,-0.07
2022-09-04,0.0,14.466666666666667,9.1,18.6,58.5875,1022.5916666666667,1020.4,1025.2,9,jesien,247,-0.8958392907349089,-0.44437817810461344,4.800000000000068,2.533333333333303,3.0375000000000227,3.875,1020.7347222222224,1018.0892857142857,2.533333333333303,1.0,wzrost_cisnienia,0.0,0.0,1.0,0.55,0.0,1.39,13.995833333333332,0.0,0.5499999999999929,9.57,-0.14083333333333334,-0.11
2022-09-05,0.0,13.262500000000001,9.1,17.5,68.17916666666666,1025.7666666666667,1024.5,1027.0,9,jesien,248,-0.9033558023246842,-0.4288919379124841,2.5,3.1749999999999545,5.7083333333332575,6.212499999999977,1022.8055555555558,1020.2232142857143,3.1749999999999545,1.0,wzrost_cisnienia,0.0,0.0,1.0,0.0,0.55,0.0,14.466666666666667,0.0,0.5499999999999929,9.57,-0.18375,-0.16
2022-09-06,0.0,13.695833333333333,9.7,18.0,61.59583333333333,1022.2416666666667,1019.4,1024.3,9,jesien,249,-0.9106046300942162,-0.41327860778290443,4.899999999999977,-3.5249999999999773,-0.35000000000002274,2.1833333333332803,1023.5333333333336,1021.1279761904763,3.5249999999999773,-1.0,spadek_cisnienia,180.0,1.2246467991473532e-16,-1.0,0.0,0.0,0.55,13.262500000000001,0.0,0.0,6.35,-0.26875,-0.21
2022-09-07,0.0,12.879166666666668,6.4,18.7,64.92083333333333,1016.8166666666666,1015.2,1019.3,9,jesien,250,-0.9175836260593934,-0.3975428142825566,4.099999999999909,-5.425000000000068,-8.950000000000045,-5.775000000000091,1021.6083333333336,1020.8208333333333,5.425000000000068,-1.0,spadek_cisnienia,180.0,1.2246467991473532e-16,-1.0,0.0,0.0,0.0,13.695833333333333,0.0,0.0,1.94,-0.2525,-0.21
2022-09-08,0.0,15.35,8.8,20.4,56.8375,1013.2208333333333,1010.7,1015.3,9,jesien,251,-0.9242907221930934,-0.3816892202666586,4.599999999999909,-3.595833333333303,-9.020833333333371,-12.545833333333348,1017.4263888888892,1020.0357142857143,3.595833333333303,-1.0,spadek_cisnienia,180.0,1.2246467991473532e-16,-1.0,0.0,0.0,0.0,12.879166666666668,0.0,0.0,0.55,-0.27791666666666665,-0.19
2022-09-09,10.120000000000001,12.558333333333332,10.7,15.4,83.64999999999999,1010.9708333333333,1009.5,1012.0,9,jesien,252,-0.9307239310379793,-0.3657225234972692,2.5,-2.25,-5.845833333333303,-11.270833333333371,1013.6694444444447,1018.8095238095239,2.25,-1.0,spadek_cisnienia,180.0,1.2246467991473532e-16,-1.0,0.0,0.0,0.0,15.35,10.120000000000001,10.119999999999994,10.670000000000002,-0.30541666666666667,-0.15
2022-09-10,0.17,13.25,12.4,14.2,89.47083333333335,1010.2208333333333,1009.0,1011.9,9,jesien,253,-0.9368813462954315,-0.34964745525122826,2.8999999999999773,-0.75,-3.0,-6.595833333333303,1011.4708333333336,1017.4041666666666,0.75,-1.0,spadek_cisnienia,180.0,1.2246467991473532e-16,-1.0,10.120000000000001,0.0,0.0,12.558333333333332,0.17,10.289999999999994,10.290000000000001,-0.30833333333333335,-0.21
2022-09-11,0.0,14.7125,12.7,17.5,69.7,1008.8208333333333,1007.9,1009.8,9,jesien,254,-0.9427611433904206,-0.33346877891818705,1.8999999999999773,-1.3999999999999773,-2.1499999999999773,-4.399999999999977,1010.004166666667,1015.4369047619047,1.3999999999999773,-1.0,spadek_cisnienia,180.0,1.2246467991473532e-16,-1.0,0.17,10.120000000000001,0.0,13.25,0.0,10.289999999999994,10.290000000000001,-0.22333333333333336,-0.16
2022-09-12,0.0,14.395833333333334,11.1,18.0,65.22500000000001,1010.9958333333334,1009.8,1011.9,9,jesien,255,-0.9483615800121716,-0.31719128858910595,2.1000000000000227,2.175000000000068,0.775000000000091,0.02500000000009095,1010.0125000000003,1013.3267857142857,2.175000000000068,1.0,wzrost_cisnienia,0.0,0.0,1.0,0.0,0.17,10.120000000000001,14.7125,0.0,0.1699999999999929,10.290000000000001,-0.2383333333333333,-0.17
2022-09-13,0.0,13.299999999999999,9.3,17.8,80.47916666666667,1004.375,999.6,1010.3,9,jesien,256,-0.9536809966304455,-0.300819807635668,10.699999999999932,-6.620833333333394,-4.445833333333326,-5.845833333333303,1008.0638888888892,1010.7744047619047,6.620833333333394,-1.0,spadek_cisnienia,180.0,1.2246467991473532e-16,-1.0,0.0,0.0,0.17,14.395833333333334,0.0,0.0,10.290000000000001,-0.3491666666666667,-0.27
2022-09-14,0.0,14.854166666666666,11.8,17.7,69.00416666666666,997.7958333333332,996.8,999.2,9,jesien,257,-0.9587178169872964,-0.2843591872810036,2.400000000000091,-6.579166666666765,-13.20000000000016,-11.025000000000091,1004.3888888888891,1008.0571428571428,6.579166666666765,-1.0,spadek_cisnienia,180.0,1.2246467991473532e-16,-1.0,0.0,0.0,0.0,13.299999999999999,0.0,0.0,10.290000000000001,-0.28125,-0.22
2022-09-15,1.18,14.495833333333332,11.2,17.9,64.14166666666667,994.35,993.7,996.4,9,jesien,258,-0.9634705485641486,-0.26781430516217486,2.699999999999932,-3.445833333333212,-10.024999999999977,-16.64583333333337,998.8402777777779,1005.3613095238096,3.445833333333212,-1.0,spadek_cisnienia,180.0,1.2246467991473532e-16,-1.0,0.0,0.0,0.0,14.854166666666666,1.18,1.1799999999999928,11.47,-0.18541666666666667,-0.08
2022-09-16,0.68,12.658333333333333,10.5,15.6,66.77083333333333,993.9083333333333,993.4,994.3,9,jesien,259,-0.9679377830240642,-0.25119006388481957,0.8999999999999773,-0.4416666666667197,-3.887499999999932,-10.466666666666697,995.3513888888892,1002.9238095238095,0.4416666666667197,-1.0,spadek_cisnienia,180.0,1.2246467991473532e-16,-1.0,1.18,0.0,0.0,14.495833333333332,0.68,1.8599999999999928,2.03,-0.09625,-0.04
2022-09-17,1.0699999999999998,12.720833333333333,10.4,16.8,76.94583333333334,995.3958333333334,993.5,997.4,9,jesien,260,-0.9721181966290612,-0.23449138957041052,3.8999999999999773,1.4875000000000682,1.0458333333333485,-2.3999999999998636,994.5513888888892,1000.8059523809525,1.4875000000000682,1.0,wzrost_cisnienia,0.0,0.0,1.0,0.68,1.18,0.0,12.658333333333333,1.0699999999999998,2.9299999999999926,2.9299999999999997,-0.005000000000000001,0.08
2022-09-18,0.12,12.508333333333333,10.4,17.1,78.47916666666667,997.6416666666668,996.4,998.9,9,jesien,261,-0.9760105506323682,-0.21772323039653224,2.5,2.245833333333394,3.733333333333462,3.2916666666667425,995.6486111111113,999.2089285714285,2.245833333333394,1.0,wzrost_cisnienia,0.0,0.0,1.0,1.0699999999999998,0.68,1.18,12.720833333333333,0.12,1.8699999999999926,3.05,0.06916666666666667,0.11
2022-09-19,1.69,12.316666666666668,10.5,15.5,75.95833333333333,1001.8083333333334,998.7,1005.9,9,jesien,262,-0.9796136916454901,-0.20089055513063528,7.199999999999932,4.166666666666629,6.412500000000023,7.900000000000091,998.2819444444449,997.8964285714286,4.166666666666629,1.0,wzrost_cisnienia,0.0,0.0,1.0,0.12,1.0699999999999998,0.68,12.508333333333333,1.69,2.8799999999999923,4.74,0.1775,0.26
2022-09-20,10.61,11.441666666666668,9.5,14.8,85.00833333333334,1010.3541666666666,1006.3,1015.3,9,jesien,263,-0.9829265519799822,-0.18399835165767986,9.0,8.545833333333235,12.712499999999864,14.958333333333258,1003.2680555555559,998.7505952380952,8.545833333333235,1.0,wzrost_cisnienia,0.0,0.0,1.0,1.69,0.12,1.0699999999999998,12.316666666666668,10.61,12.419999999999991,15.35,0.2404166666666667,0.31
2022-09-21,3.7800000000000002,11.791666666666666,9.7,14.6,78.89999999999999,1017.8166666666666,1015.5,1019.4,9,jesien,264,-0.9859481499638303,-0.1670516255021195,3.8999999999999773,7.462499999999977,16.008333333333212,20.17499999999984,1009.9930555555558,1001.6107142857144,7.462499999999977,1.0,wzrost_cisnienia,0.0,0.0,1.0,10.61,1.69,0.12,11.441666666666668,3.7800000000000002,16.07999999999999,19.13,0.17916666666666667,0.27
2022-09-22,4.27,11.0875,7.5,14.0,81.96666666666667,1019.1541666666667,1018.3,1019.8,9,jesien,265,-0.9886775902323404,-0.15005539834465262,1.5,1.337500000000091,8.800000000000068,17.345833333333303,1015.7750000000002,1005.1541666666666,1.337500000000091,1.0,wzrost_cisnienia,0.0,0.0,1.0,3.7800000000000002,10.61,1.69,11.791666666666666,4.27,18.65999999999999,22.22,0.065,0.15
2022-09-23,0.0,10.554166666666667,6.1,15.5,75.08749999999999,1015.5416666666666,1013.3,1018.1,9,jesien,266,-0.9911140639934546,-0.13301470653419636,4.800000000000068,-3.612500000000068,-2.2749999999999773,5.1875,1017.504166666667,1008.2446428571429,3.612500000000068,-1.0,spadek_cisnienia,180.0,1.2246467991473532e-16,-1.0,4.27,3.7800000000000002,10.61,11.0875,0.0,8.04999999999999,21.54,-0.001666666666666667,0.03
2022-09-24,0.0,11.375,7.2,16.2,72.6875,1011.6041666666666,1010.9,1013.2,9,jesien,267,-0.9932568492674143,-0.11593459959550066,2.300000000000068,-3.9375,-7.550000000000068,-6.212499999999977,1015.4333333333337,1010.560119047619,3.9375,-1.0,spadek_cisnienia,180.0,1.2246467991473532e-16,-1.0,0.0,4.27,3.7800000000000002,10.554166666666667,0.0,4.269999999999991,20.47,-0.00375,0.03
2022-09-25,0.0,11.970833333333333,8.7,16.3,74.25416666666666,1008.3791666666666,1004.5,1011.1,9,jesien,268,-0.9951053111006974,-0.09882013873287211,6.600000000000023,-3.2250000000000227,-7.162500000000023,-10.775000000000091,1011.841666666667,1012.0940476190475,3.2250000000000227,-1.0,spadek_cisnienia,180.0,1.2246467991473532e-16,-1.0,0.0,0.0,4.27,11.375,0.0,0.0,20.349999999999998,-0.001666666666666667,0.03
2022-09-26,3.15,11.950000000000001,7.7,16.1,74.97083333333333,1000.6666666666666,998.6,1004.0,9,jesien,269,-0.99665890175417,-0.08167639533042288,5.399999999999977,-7.712499999999977,-10.9375,-14.875,1006.8833333333336,1011.9309523809524,7.712499999999977,-1.0,spadek_cisnienia,180.0,1.2246467991473532e-16,-1.0,0.0,0.0,0.0,11.970833333333333,3.15,3.149999999999991,21.810000000000002,-0.029583333333333333,0.02
2022-09-27,0.0,12.279166666666667,9.0,15.7,82.875,995.4833333333332,993.6,998.3,9,jesien,270,-0.9979171608653922,-0.06450844944931625,4.699999999999932,-5.183333333333394,-12.895833333333371,-16.120833333333394,1001.5097222222225,1009.8065476190476,5.183333333333394,-1.0,spadek_cisnienia,180.0,1.2246467991473532e-16,-1.0,3.15,0.0,0.0,11.950000000000001,0.0,3.149999999999991,11.2,-0.05125,-0.01
2022-09-28,14.43,10.566666666666666,7.4,13.0,85.625,992.7083333333334,991.8,993.9,9,jesien,271,-0.9988797155850335,-0.04732138832243232,2.1000000000000227,-2.7749999999998636,-7.9583333333332575,-15.670833333333235,996.2861111111115,1006.2196428571427,2.7749999999998636,-1.0,spadek_cisnienia,180.0,1.2246467991473532e-16,-1.0,0.0,3.15,0.0,12.279166666666667,14.43,17.57999999999999,21.849999999999998,0.04833333333333333,0.09
2022-09-29,0.0,10.191666666666666,7.1,13.9,77.19583333333334,998.1374999999999,994.1,1003.8,9,jesien,272,-0.9995462806873573,-0.03012030484690836,9.699999999999932,5.429166666666561,2.654166666666697,-2.529166666666697,995.4430555555558,1003.2172619047618,5.429166666666561,1.0,wzrost_cisnienia,0.0,0.0,1.0,14.43,0.0,3.15,10.566666666666666,0.0,14.42999999999999,17.58,0.052083333333333336,0.09
2022-09-30,0.0,10.804166666666667,6.2,15.2,70.35833333333333,1007.7875,1004.3,1009.6,9,jesien,273,-0.9999166586547379,-0.012910296075008843,5.300000000000068,9.650000000000091,15.079166666666652,12.304166666666788,999.5444444444447,1002.1095238095238,9.650000000000091,1.0,wzrost_cisnienia,0.0,0.0,1.0,0.0,14.43,0.0,10.191666666666666,0.0,14.42999999999999,17.58,-0.005833333333333334,0.04
2022-10-01,0.0,11.233333333333334,6.1,15.7,76.03750000000001,1004.6625,1000.1,1009.2,10,jesien,274,-0.9999907397361901,0.004303538296243821,9.100000000000023,-3.125,6.525000000000091,11.954166666666652,1003.529166666667,1001.1178571428571,3.125,-1.0,spadek_cisnienia,180.0,1.2246467991473532e-16,-1.0,0.0,0.0,14.43,10.804166666666667,0.0,0.0,17.58,-0.09250000000000001,-0.06
2022-10-02,2.73,11.866666666666667,10.8,14.4,79.33333333333333,1002.225,1000.3,1003.3,10,jesien,275,-0.9997685019798909,0.021516097436222233,3.0,-2.4375,-5.5625,4.087500000000091,1004.891666666667,1000.2386904761905,2.4375,-1.0,spadek_cisnienia,180.0,1.2246467991473532e-16,-1.0,0.0,0.0,0.0,11.233333333333334,2.73,2.729999999999991,20.31,0.00875,0.1
2022-10-03,1.01,12.424999999999999,10.9,14.1,75.34583333333333,1007.0291666666667,1002.4,1010.2,10,jesien,276,-0.9992500112396835,0.03872228089217399,7.800000000000068,4.804166666666674,2.3666666666666742,-0.7583333333333258,1004.6388888888893,1001.147619047619,4.804166666666674,1.0,wzrost_cisnienia,0.0,0.0,1.0,2.73,0.0,0.0,11.866666666666667,1.01,3.7399999999999913,18.169999999999998,0.19208333333333336,0.27
2022-10-04,0.0,12.108333333333334,9.1,15.7,72.37916666666666,1012.2666666666668,1009.1,1015.2,10,jesien,277,-0.9984354211555643,0.05591699010060302,6.100000000000023,5.237500000000068,10.041666666666742,7.6041666666667425,1007.1736111111114,1003.5452380952381,5.237500000000068,1.0,wzrost_cisnienia,0.0,0.0,1.0,1.01,2.73,0.0,12.424999999999999,0.0,3.7399999999999913,18.169999999999998,0.1675,0.28
2022-10-05,0.0,11.9125,8.6,16.2,80.37083333333332,1012.4666666666667,1010.8,1015.0,10,jesien,278,-0.9973249731081555,0.07309512989807776,4.2000000000000455,0.1999999999999318,5.4375,10.241666666666674,1010.5875000000004,1006.3678571428571,0.1999999999999318,1.0,wzrost_cisnienia,0.0,0.0,1.0,0.0,1.01,2.73,12.108333333333334,0.0,1.0099999999999911,3.7399999999999984,0.012083333333333335,0.08
2022-10-06,0.0,12.933333333333332,8.5,17.1,70.66666666666667,1016.6374999999999,1010.6,1023.7,10,jesien,279,-0.9959189961471792,0.0902516100310407,13.100000000000023,4.170833333333235,4.370833333333167,9.608333333333235,1013.7902777777781,1009.0107142857144,4.170833333333235,1.0,wzrost_cisnienia,0.0,0.0,1.0,0.0,0.0,1.01,11.9125,0.0,0.0,3.7399999999999984,-0.021666666666666667,0.13
2022-10-07,0.0,11.65,6.2,17.4,67.95416666666667,1020.3041666666667,1014.5,1023.7,10,jesien,280,-0.994217906893952,0.10738134666416306,9.200000000000045,3.6666666666667425,7.837499999999977,8.037499999999909,1016.4694444444448,1010.7988095238095,3.6666666666667425,1.0,wzrost_cisnienia,0.0,0.0,1.0,0.0,0.0,0.0,12.933333333333332,0.0,0.0,3.7399999999999984,-0.022500000000000003,0.07
2022-10-08,0.0,11.029166666666667,5.1,16.9,76.84166666666667,1010.9083333333333,1009.2,1013.7,10,jesien,281,-0.9922222094179324,0.12447926388678869,4.5,-9.395833333333371,-5.729166666666629,-1.558333333333394,1015.9500000000003,1011.6910714285715,9.395833333333371,-1.0,spadek_cisnienia,180.0,1.2246467991473532e-16,-1.0,0.0,0.0,0.0,11.65,0.0,0.0,3.7399999999999984,0.022083333333333333,0.16
2022-10-09,0.0,10.737499999999999,6.1,15.0,72.29166666666667,1018.8833333333333,1013.2,1022.2,10,jesien,282,-0.989932495087353,0.141540295217043,9.0,7.975000000000023,-1.4208333333333485,2.245833333333394,1016.6986111111114,1014.0708333333333,7.975000000000023,1.0,wzrost_cisnienia,0.0,0.0,1.0,0.0,0.0,0.0,11.029166666666667,0.0,0.0,1.0099999999999982,0.16625,0.25
2022-10-10,0.0,9.491666666666665,3.6,15.1,73.8,1017.3708333333334,1011.2,1022.0,10,jesien,283,-0.9873494423939864,0.15855938510313475,10.799999999999955,-1.5124999999999318,6.462500000000091,-2.9333333333332803,1015.7208333333336,1015.5482142857144,1.5124999999999318,-1.0,spadek_cisnienia,180.0,1.2246467991473532e-16,-1.0,0.0,0.0,0.0,10.737499999999999,0.0,0.0,0.0,0.044583333333333336,0.13
2022-10-11,0.0,11.691666666666668,9.4,15.0,67.41666666666667,1015.5375,1010.6,1019.6,10,jesien,284,-0.9844738167520923,0.17553149042142777,9.0,-1.8333333333333712,-3.345833333333303,4.62916666666672,1017.2638888888891,1016.0154761904762,1.8333333333333712,-1.0,spadek_cisnienia,180.0,1.2246467991473532e-16,-1.0,0.0,0.0,0.0,9.491666666666665,0.0,0.0,0.0,0.11166666666666668,0.19
2022-10-12,0.0,11.433333333333332,8.7,15.4,72.70416666666667,1021.1083333333332,1019.7,1021.7,10,jesien,285,-0.9813064702716093,0.19245158197082995,2.0,5.570833333333212,3.737499999999841,2.224999999999909,1018.0055555555558,1017.25,5.570833333333212,1.0,wzrost_cisnienia,0.0,0.0,1.0,0.0,0.0,0.0,11.691666666666668,0.0,0.0,0.0,0.1825,0.26
2022-10-13,0.0,11.299999999999999,8.7,15.4,67.81666666666666,1018.1,1014.5,1021.5,10,jesien,286,-0.9778483415056568,0.20931464596304888,7.0,-3.008333333333212,2.5625,0.7291666666666288,1018.2486111111115,1017.4589285714285,3.008333333333212,-1.0,spadek_cisnienia,180.0,1.2246467991473532e-16,-1.0,0.0,0.0,0.0,11.433333333333332,0.0,0.0,0.0,0.12,0.16
2022-10-14,0.0,10.299999999999999,6.9,15.3,78.22500000000001,1011.6791666666667,1009.7,1014.3,10,jesien,287,-0.9741004551724206,0.22611568550828803,4.599999999999909,-6.4208333333333485,-9.42916666666656,-3.8583333333333485,1016.9625000000002,1016.2267857142858,6.4208333333333485,-1.0,spadek_cisnienia,180.0,1.2246467991473532e-16,-1.0,0.0,0.0,0.0,11.299999999999999,0.0,0.0,0.0,0.11416666666666668,0.17
2022-10-15,0.0,11.741666666666667,7.3,15.0,86.50416666666666,1007.2208333333333,1006.1,1009.4,10,jesien,288,-0.970063921851507,0.2428497220959358,3.2999999999999545,-4.458333333333371,-10.87916666666672,-13.887499999999932,1012.3333333333336,1015.6999999999999,4.458333333333371,-1.0,spadek_cisnienia,180.0,1.2246467991473532e-16,-1.0,0.0,0.0,0.0,10.299999999999999,0.0,0.0,0.0,0.09500000000000001,0.14
2022-10-16,0.93,14.154166666666667,11.6,17.9,86.46666666666665,1011.6083333333332,1008.4,1017.4,10,jesien,289,-0.965739937654855,0.25951179706979943,9.0,4.387499999999932,-0.07083333333343944,-6.491666666666788,1010.1694444444447,1014.6607142857143,4.387499999999932,1.0,wzrost_cisnienia,0.0,0.0,1.0,0.0,0.0,0.0,11.741666666666667,0.93,0.9299999999999912,0.9299999999999983,0.08291666666666667,0.12
2022-10-17,0.0,14.5,9.6,18.9,81.75833333333334,1019.5166666666668,1016.8,1022.0,10,jesien,290,-0.9611297838723007,0.27609697309746883,5.2000000000000455,7.90833333333353,12.295833333333462,7.837500000000091,1012.7819444444448,1014.9672619047618,7.90833333333353,1.0,wzrost_cisnienia,0.0,0.0,1.0,0.93,0.0,0.0,14.154166666666667,0.0,0.9299999999999912,0.9299999999999983,0.08666666666666667,0.26
2022-10-18,0.0,15.516666666666666,12.1,18.5,71.58333333333333,1017.4499999999999,1015.5,1019.1,10,jesien,291,-0.9562348265919058,0.2926003356333479,3.6000000000000227,-2.0666666666668334,5.841666666666697,10.229166666666629,1016.191666666667,1015.2404761904761,2.0666666666668334,-1.0,spadek_cisnienia,180.0,1.2246467991473532e-16,-1.0,0.0,0.93,0.0,14.5,0.0,0.9299999999999912,0.9299999999999983,0.1991666666666667,0.31
2022-10-19,4.19,9.954166666666667,7.4,13.1,74.20833333333333,1018.7166666666667,1014.7,1022.9,10,jesien,292,-0.9510565162951536,0.30901699437494723,8.199999999999932,1.2666666666667652,-0.8000000000000682,7.108333333333462,1018.5611111111115,1014.8988095238095,1.2666666666667652,1.0,wzrost_cisnienia,0.0,0.0,1.0,0.0,0.0,0.93,15.516666666666666,4.19,4.1899999999999915,5.119999999999998,0.3620833333333333,0.47
2022-10-20,0.0,8.245833333333334,4.7,11.9,64.63333333333334,1021.9708333333333,1018.9,1023.4,10,jesien,293,-0.9455963874271428,0.3253420847119795,4.5,3.254166666666606,4.520833333333371,2.454166666666538,1019.379166666667,1015.4517857142856,3.254166666666606,1.0,wzrost_cisnienia,0.0,0.0,1.0,4.19,0.0,0.0,9.954166666666667,0.0,4.1899999999999915,5.119999999999998,0.17,0.28
2022-10-21,0.0,5.820833333333333,2.7,8.2,79.57083333333334,1012.475,1008.3,1018.6,10,jesien,294,-0.9398560579418953,0.341570769167856,10.300000000000068,-9.49583333333328,-6.241666666666674,-4.974999999999909,1017.7208333333338,1015.5654761904761,9.49583333333328,-1.0,spadek_cisnienia,180.0,1.2246467991473532e-16,-1.0,0.0,4.19,0.0,8.245833333333334,0.0,4.1899999999999915,5.119999999999998,0.09583333333333333,0.13
2022-10-22,0.16,10.487499999999999,7.5,13.6,87.75,1007.2666666666668,1006.4,1009.3,10,jesien,295,-0.9338372288229252,0.35769823883312546,2.8999999999999773,-5.2083333333332575,-14.704166666666538,-11.449999999999932,1013.904166666667,1015.5720238095238,5.2083333333332575,-1.0,spadek_cisnienia,180.0,1.2246467991473532e-16,-1.0,0.0,0.0,4.19,5.820833333333333,0.16,0.15999999999999112,5.2799999999999985,0.12208333333333334,0.18
2022-10-23,0.0,12.612499999999999,8.6,15.7,85.15833333333333,1010.8833333333333,1009.5,1011.6,10,jesien,296,-0.9275416835791965,0.3737197147904692,2.1000000000000227,3.6166666666665606,-1.591666666666697,-11.087499999999977,1010.2083333333336,1015.4684523809525,3.6166666666665606,1.0,wzrost_cisnienia,0.0,0.0,1.0,0.16,0.0,0.0,10.487499999999999,0.0,0.15999999999999112,4.349999999999999,0.08,0.13
2022-10-24,0.18,11.345833333333333,8.7,13.6,92.24166666666667,1007.5916666666667,1005.7,1010.7,10,jesien,297,-0.9209712877166346,0.38963044953078774,5.0,-3.2916666666666288,0.3249999999999318,-4.883333333333326,1008.5805555555559,1013.764880952381,3.2916666666666288,-1.0,spadek_cisnienia,180.0,1.2246467991473532e-16,-1.0,0.0,0.16,0.0,12.612499999999999,0.18,0.3399999999999911,4.5299999999999985,0.09166666666666667,0.19
2022-10-25,0.0,13.6625,11.8,16.5,80.06666666666668,1008.0749999999999,1006.2,1010.9,10,jesien,298,-0.9141279881853337,0.4054257283599973,4.699999999999932,0.4833333333332348,-2.808333333333394,0.8083333333331666,1008.8500000000003,1012.4255952380953,0.4833333333332348,1.0,wzrost_cisnienia,0.0,0.0,1.0,0.18,0.0,0.16,11.345833333333333,0.0,0.1799999999999911,4.5299999999999985,0.05833333333333333,0.13
2022-10-26,0.0,12.700000000000001,9.8,15.3,76.6375,1014.2458333333334,1011.1,1018.2,10,jesien,299,-0.9070138128026362,0.42110087079608916,7.100000000000023,6.170833333333462,6.654166666666697,3.362500000000068,1009.9708333333336,1011.7869047619048,6.170833333333462,1.0,wzrost_cisnienia,0.0,0.0,1.0,0.0,0.18,0.0,13.6625,0.0,0.1799999999999911,0.3399999999999982,0.052083333333333336,0.12
2022-10-27,0.0,11.65,7.7,17.3,85.90833333333335,1019.8583333333332,1018.3,1021.0,10,jesien,300,-0.8996308696522434,0.4366512319560638,2.7000000000000455,5.612499999999841,11.783333333333303,12.266666666666538,1014.0597222222226,1011.4851190476192,5.612499999999841,1.0,wzrost_cisnienia,0.0,0.0,1.0,0.0,0.0,0.18,12.700000000000001,0.0,0.0,0.3399999999999982,0.06958333333333334,0.14
2022-10-28,0.0,12.674999999999999,9.1,18.1,87.41250000000001,1016.4208333333332,1012.9,1020.5,10,jesien,301,-0.8919813464595487,0.45207220393230374,7.600000000000023,-3.4375,2.174999999999841,8.345833333333303,1016.841666666667,1012.0488095238095,3.4375,-1.0,spadek_cisnienia,180.0,1.2246467991473532e-16,-1.0,0.0,0.0,0.0,11.65,0.0,0.0,0.3399999999999982,0.04083333333333333,0.12
2022-10-29,0.0,13.845833333333333,10.7,16.2,73.42083333333333,1012.7624999999999,1010.6,1014.6,10,jesien,302,-0.8840675099433637,0.46735921715800205,4.0,-3.658333333333303,-7.095833333333303,-1.4833333333334622,1016.3472222222225,1012.8339285714285,3.658333333333303,-1.0,spadek_cisnienia,180.0,1.2246467991473532e-16,-1.0,0.0,0.0,0.0,12.674999999999999,0.0,0.0,0.17999999999999822,0.07625,0.15
2022-10-30,0.0,11.728,7.9,14.2,76.024,1014.832,1014.3,1015.3,10,jesien,303,-0.8758917051442433,0.48250774176121763,1.0,2.069500000000062,-1.5888333333332412,-5.026333333333241,1014.6717777777781,1013.3980238095238,2.069500000000062,1.0,wzrost_cisnienia,0.0,0.0,1.0,0.0,0.0,0.0,13.845833333333333,0.0,0.0,0.17999999999999822,0.1664,0.24
2022-10-31,0.0,11.120833333333332,7.1,13.4,91.53333333333335,1015.8166666666666,1014.8,1016.3,10,jesien,304,-0.867456354729597,0.4975132889071803,1.5,0.9846666666666124,3.0541666666666742,-0.6041666666666288,1014.4703888888893,1014.5730238095238,0.9846666666666124,1.0,wzrost_cisnienia,0.0,0.0,1.0,0.0,0.0,0.0,11.728,0.0,0.0,0.0,0.14541666666666667,0.19
2022-11-01,1.99,12.029166666666667,11.4,12.6,89.25833333333333,1013.1458333333334,1011.6,1015.7,11,jesien,305,-0.858763958275803,0.5123714121284235,4.100000000000023,-2.670833333333235,-1.6861666666666224,0.38333333333343944,1014.598166666667,1015.2974285714287,2.670833333333235,-1.0,spadek_cisnienia,180.0,1.2246467991473532e-16,-1.0,0.0,0.0,0.0,11.120833333333332,1.99,1.989999999999991,1.9899999999999982,0.14041666666666666,0.28
2022-11-02,0.0,11.820833333333333,9.3,15.1,80.42083333333333,1013.3208333333333,1012.4,1014.5,11,jesien,306,-0.8498170915275277,0.5270777086423724,2.1000000000000227,0.17499999999995453,-2.4958333333332803,-1.5111666666666679,1014.0944444444448,1015.1652857142857,0.17499999999995453,1.0,wzrost_cisnienia,0.0,0.0,1.0,1.99,0.0,0.0,12.029166666666667,0.0,1.989999999999991,1.9899999999999982,0.12958333333333333,0.25
2022-11-03,0.0,9.270833333333334,5.4,13.2,76.36666666666666,1014.3708333333334,1009.9,1016.6,11,jesien,307,-0.8406184056344783,0.5416278206559811,6.7000000000000455,1.0500000000000682,1.2250000000000227,-1.445833333333212,1013.6125000000003,1014.3813571428572,1.0500000000000682,1.0,wzrost_cisnienia,0.0,0.0,1.0,0.0,1.99,0.0,11.820833333333333,0.0,1.989999999999991,1.9899999999999982,0.09416666666666668,0.16
2022-11-04,0.0,8.5625,4.7,10.8,77.12083333333334,1005.2375000000001,1004.1,1009.1,11,jesien,308,-0.8311706263658079,0.5560174366570446,5.0,-9.133333333333326,-8.083333333333258,-7.908333333333303,1010.9763888888892,1012.7837380952382,9.133333333333326,-1.0,spadek_cisnienia,180.0,1.2246467991473532e-16,-1.0,0.0,0.0,1.99,9.270833333333334,0.0,0.0,1.9899999999999982,0.04833333333333334,0.14
2022-11-05,8.44,8.383333333333333,7.3,10.6,88.25833333333333,1007.8000000000001,1003.7,1013.2,11,jesien,309,-0.8214765533024145,0.5702422926917867,9.5,2.5625,-6.570833333333326,-5.5208333333332575,1009.1361111111115,1012.0748095238094,2.5625,1.0,wzrost_cisnienia,0.0,0.0,1.0,0.0,0.0,0.0,8.5625,8.44,8.43999999999999,10.429999999999998,0.05958333333333333,0.12
2022-11-06,0.0,7.333333333333333,3.9,11.3,78.37916666666666,1012.975,1011.3,1014.3,11,jesien,310,-0.8115390590073611,0.5842981736283683,3.0,5.1749999999999545,7.7374999999999545,-1.3958333333333712,1008.6708333333337,1011.8095238095239,5.1749999999999545,1.0,wzrost_cisnienia,0.0,0.0,1.0,8.44,0.0,0.0,8.383333333333333,0.0,8.43999999999999,10.429999999999998,-0.02791666666666667,0.06
2022-11-07,0.0,7.3625,4.1,9.9,80.73333333333333,1008.2875,1007.2,1011.1,11,jesien,311,-0.8013610881746769,0.5981809144059159,3.8999999999999773,-4.6875,0.4874999999999545,3.0499999999999545,1009.6875000000003,1010.7339285714287,4.6875,-1.0,spadek_cisnienia,180.0,1.2246467991473532e-16,-1.0,0.0,8.44,0.0,7.333333333333333,0.0,8.43999999999999,10.429999999999998,-0.020833333333333332,0.1
2022-11-08,0.0,11.020833333333334,8.8,14.5,79.18333333333334,1008.5791666666668,1007.6,1009.0,11,jesien,312,-0.7909456567567774,0.6118864012687242,1.3999999999999773,0.29166666666674246,-4.3958333333332575,0.779166666666697,1009.9472222222225,1010.0815476190476,0.29166666666674246,1.0,wzrost_cisnienia,0.0,0.0,1.0,0.0,0.0,8.44,7.3625,0.0,0.0,8.439999999999998,0.042916666666666665,0.16
2022-11-09,0.0,10.629166666666666,9.0,12.5,77.77499999999999,1006.8666666666667,1006.2,1007.8,11,jesien,313,-0.780295851070776,0.6254105729852457,1.599999999999909,-1.712500000000091,-1.4208333333333485,-6.1083333333333485,1007.9111111111115,1009.1595238095239,1.712500000000091,-1.0,spadek_cisnienia,180.0,1.2246467991473532e-16,-1.0,0.0,0.0,0.0,11.020833333333334,0.0,0.0,8.439999999999998,0.07083333333333333,0.12
2022-11-10,0.0,10.341666666666667,7.6,12.5,78.79583333333333,1014.025,1008.0,1020.1,11,jesien,314,-0.7694148268839381,0.6387494220515268,12.100000000000023,7.158333333333303,5.445833333333212,5.7374999999999545,1009.8236111111115,1009.110119047619,7.158333333333303,1.0,wzrost_cisnienia,0.0,0.0,1.0,0.0,0.0,0.0,10.629166666666666,0.0,0.0,8.439999999999998,0.14333333333333334,0.23
2022-11-11,0.0,11.387500000000001,8.7,12.7,78.98333333333333,1021.1333333333333,1019.7,1023.4,11,jesien,315,-0.7583058084785625,0.6518989958787125,3.699999999999932,7.1083333333333485,14.266666666666652,12.55416666666656,1014.0083333333337,1011.3809523809523,7.1083333333333485,1.0,wzrost_cisnienia,0.0,0.0,1.0,0.0,0.0,0.0,10.341666666666667,0.0,0.0,8.439999999999998,0.11416666666666665,0.18
2022-11-12,0.0,12.954166666666666,12.1,13.7,76.72916666666667,1025.4166666666667,1023.4,1027.2,11,jesien,316,-0.7469720876965551,0.6648553979642867,3.800000000000068,4.283333333333417,11.391666666666765,18.550000000000068,1020.191666666667,1013.8976190476191,4.283333333333417,1.0,wzrost_cisnienia,0.0,0.0,1.0,0.0,0.0,0.0,11.387500000000001,0.0,0.0,0.0,0.17875,0.28
2022-11-13,0.0,12.612499999999999,11.2,13.9,73.8125,1026.5125,1025.1,1027.4,11,jesien,317,-0.7354170229639858,0.6776147890466887,2.300000000000182,1.095833333333303,5.37916666666672,12.487500000000068,1024.354166666667,1015.8315476190476,1.095833333333303,1.0,wzrost_cisnienia,0.0,0.0,1.0,0.0,0.0,0.0,12.954166666666666,0.0,0.0,0.0,0.3,0.4
2022-11-14,0.0,9.016666666666667,7.1,11.1,75.425,1020.0124999999999,1015.1,1024.6,11,jesien,318,-0.7236440382959123,0.690173388242972,9.499999999999886,-6.500000000000114,-5.404166666666811,-1.120833333333394,1023.9805555555558,1017.5065476190475,6.500000000000114,-1.0,spadek_cisnienia,180.0,1.2246467991473532e-16,-1.0,0.0,0.0,0.0,12.612499999999999,0.0,0.0,0.0,0.22541666666666668,0.28
2022-11-15,0.0,6.258333333333333,5.9,6.9,88.2375,1011.3333333333334,1009.5,1014.6,11,jesien,319,-0.7116566222817751,0.7025274741691566,5.100000000000023,-8.67916666666656,-15.179166666666674,-14.083333333333371,1019.2861111111114,1017.9,8.67916666666656,-1.0,spadek_cisnienia,180.0,1.2246467991473532e-16,-1.0,0.0,0.0,0.0,9.016666666666667,0.0,0.0,0.0,0.2629166666666667,0.36
2022-11-16,0.0,4.383333333333334,2.3,7.4,73.11666666666666,1009.275,1008.8,1009.6,11,jesien,320,-0.6994583270516471,0.7146733860429608,0.8000000000000682,-2.058333333333394,-10.737499999999955,-17.237500000000068,1013.540277777778,1018.2440476190476,2.058333333333394,-1.0,spadek_cisnienia,180.0,1.2246467991473532e-16,-1.0,0.0,0.0,0.0,6.258333333333333,0.0,0.0,0.0,0.19708333333333336,0.28
2022-11-17,0.98,1.5374999999999999,-0.2,2.8,67.875,1007.2125000000001,1005.1,1009.5,11,jesien,321,-0.6870527672236675,0.726607524768565,4.399999999999977,-2.0624999999998863,-4.12083333333328,-12.79999999999984,1009.2736111111113,1017.2708333333334,2.0624999999998863,-1.0,spadek_cisnienia,180.0,1.2246467991473532e-16,-1.0,0.0,0.0,0.0,4.383333333333334,0.98,0.9799999999999911,0.9799999999999982,0.12166666666666666,0.21
2022-11-18,0.33999999999999997,0.7083333333333334,-1.6,1.9,64.60416666666667,1006.4291666666667,1004.6,1008.5,11,jesien,322,-0.6744436188329457,0.7383263540031063,3.8999999999999773,-0.7833333333334167,-2.845833333333303,-4.904166666666697,1007.6388888888891,1015.1702380952382,0.7833333333334167,-1.0,spadek_cisnienia,180.0,1.2246467991473532e-16,-1.0,0.98,0.0,0.0,1.5374999999999999,0.33999999999999997,1.319999999999991,1.319999999999998,0.13208333333333333,0.18
2022-11-19,3.36,-2.3249999999999997,-2.7,-1.9,88.25,1007.475,1006.8,1008.4,11,jesien,323,-0.661634618242279,0.749826401204568,1.6000000000000227,1.0458333333333485,0.2624999999999318,-1.7999999999999545,1007.0388888888891,1012.6071428571429,1.0458333333333485,1.0,wzrost_cisnienia,0.0,0.0,1.0,0.33999999999999997,0.98,0.0,0.7083333333333334,3.36,4.679999999999991,4.679999999999998,0.09333333333333334,0.19
2022-11-20,0.8200000000000001,-1.7958333333333334,-3.4,-0.8,87.95,1005.2916666666666,1001.8,1008.2,11,jesien,324,-0.6486295610349818,0.7611042586607742,6.400000000000091,-2.183333333333394,-1.1375000000000455,-1.9208333333334622,1006.3986111111113,1009.5755952380953,2.183333333333394,-1.0,spadek_cisnienia,180.0,1.2246467991473532e-16,-1.0,3.36,0.33999999999999997,0.98,-2.3249999999999997,0.8200000000000001,4.519999999999991,5.499999999999998,0.01875,0.08
2022-11-21,0.0,-1.3291666666666668,-2.2,-0.6,86.39583333333333,1002.0916666666667,1001.3,1002.7,11,jesien,325,-0.6354323008901775,0.7721565844991641,1.400000000000091,-3.199999999999932,-5.383333333333326,-4.337499999999977,1004.952777777778,1007.0154761904762,3.199999999999932,-1.0,spadek_cisnienia,180.0,1.2246467991473532e-16,-1.0,0.8200000000000001,3.36,0.33999999999999997,-1.7958333333333334,0.0,4.179999999999991,5.499999999999998,-0.002916666666666667,0.04
2022-11-22,0.0,0.4875,-1.0,1.7,85.6375,1003.6916666666666,1002.4,1005.1,11,jesien,326,-0.622046748440868,0.7829801036770625,2.7000000000000455,1.599999999999909,-1.6000000000000227,-3.7833333333334167,1003.691666666667,1005.9238095238095,1.599999999999909,1.0,wzrost_cisnienia,0.0,0.0,1.0,0.0,0.8200000000000001,3.36,-1.3291666666666668,0.0,0.8199999999999912,5.499999999999998,-0.022500000000000003,0.06
2022-11-23,0.05,0.5166666666666667,-0.3,1.2,87.8,1005.3416666666667,1004.7,1006.5,11,jesien,327,-0.6084768701151264,0.7935716089521472,1.7999999999999545,1.650000000000091,3.25,0.05000000000006821,1003.7083333333336,1005.3619047619048,1.650000000000091,1.0,wzrost_cisnienia,0.0,0.0,1.0,0.0,0.0,0.8200000000000001,0.4875,0.05,0.04999999999999112,5.549999999999998,-0.01958333333333333,0.07
2022-11-24,0.0,-0.7041666666666667,-1.2,0.4,91.5625,1008.9041666666667,1006.4,1011.9,11,jesien,328,-0.594726686960764,0.8039279618328208,5.5,3.5625,5.212500000000091,6.8125,1005.979166666667,1005.6035714285714,3.5625,1.0,wzrost_cisnienia,0.0,0.0,1.0,0.05,0.0,0.0,0.5166666666666667,0.0,0.04999999999999112,4.5699999999999985,-0.075,-0.03
2022-11-25,0.0,0.5666666666666667,0.0,1.1,86.77499999999999,1014.8249999999999,1012.0,1018.1,11,jesien,329,-0.5808002734538014,0.8140460935082175,6.100000000000023,5.920833333333235,9.483333333333235,11.133333333333326,1009.6902777777781,1006.8029761904762,5.920833333333235,1.0,wzrost_cisnienia,0.0,0.0,1.0,0.0,0.05,0.0,-0.7041666666666667,0.0,0.04999999999999112,4.229999999999998,-0.08875,-0.03
2022-11-26,0.0,1.9124999999999999,0.0,4.3,88.60416666666667,1021.9333333333334,1018.4,1024.3,11,jesien,330,-0.5667017562911184,0.8239230057575536,5.899999999999977,7.108333333333462,13.029166666666697,16.591666666666697,1015.2208333333336,1008.8684523809524,7.108333333333462,1.0,wzrost_cisnienia,0.0,0.0,1.0,0.0,0.0,0.05,0.5666666666666667,0.0,0.0,0.8699999999999983,-0.11083333333333334,-0.06
2022-11-27,0.0,4.441666666666666,3.0,6.8,85.72500000000001,1023.5916666666667,1022.1,1024.4,11,jesien,331,-0.5524353131676203,0.8335557718385695,2.300000000000068,1.658333333333303,8.766666666666765,14.6875,1020.1166666666669,1011.4827380952381,1.658333333333303,1.0,wzrost_cisnienia,0.0,0.0,1.0,0.0,0.0,0.0,1.9124999999999999,0.0,0.0,0.049999999999998226,-0.1075,-0.06
2022-11-28,0.0,1.7791666666666668,1.0,2.7,93.8625,1020.5666666666666,1019.8,1022.0,11,jesien,332,-0.5380051715382992,0.8429415373547832,2.2000000000000455,-3.025000000000091,-1.366666666666788,5.741666666666674,1022.0305555555559,1014.1220238095239,3.025000000000091,-1.0,spadek_cisnienia,180.0,1.2246467991473532e-16,-1.0,0.0,0.0,0.0,4.441666666666666,0.0,0.0,0.049999999999998226,-0.1625,-0.11
2022-11-29,0.0,1.9583333333333333,1.2,2.8,80.45,1021.7708333333334,1019.7,1024.1,11,jesien,333,-0.5234156073655503,0.8520775211013093,4.399999999999864,1.2041666666667652,-1.8208333333333258,-0.16250000000002274,1021.9763888888892,1016.7047619047619,1.2041666666667652,1.0,wzrost_cisnienia,0.0,0.0,1.0,0.0,0.0,0.0,1.7791666666666668,0.0,0.0,0.049999999999998226,-0.19041666666666668,-0.16
2022-11-30,0.0,1.4124999999999999,1.2,1.8,79.42083333333333,1026.1791666666666,1024.2,1028.1,11,jesien,334,-0.5086709438521042,0.8609610158889945,3.8999999999998636,4.408333333333189,5.6124999999999545,2.5874999999998636,1022.8388888888891,1019.6815476190476,4.408333333333189,1.0,wzrost_cisnienia,0.0,0.0,1.0,0.0,0.0,0.0,1.9583333333333333,0.0,0.0,0.0,-0.20375,-0.18
2022-12-01,0.0,2.316666666666667,1.6,2.6,73.10833333333333,1027.2333333333333,1026.4,1028.1,12,zima,335,-0.4937755501599774,0.8695893893466109,1.699999999999818,1.054166666666788,5.462499999999977,6.6666666666667425,1025.0611111111114,1022.3000000000001,1.054166666666788,1.0,wzrost_cisnienia,0.0,0.0,1.0,0.0,0.0,0.0,1.4124999999999999,0.0,0.0,0.0,-0.17125,-0.11
2022-12-02,0.0,-0.19999999999999998,-2.0,2.2,81.425,1026.0166666666667,1025.5,1026.5,12,zima,336,-0.4787338401157883,0.8779600847008883,1.0,-1.216666666666697,-0.16249999999990905,4.24583333333328,1026.476388888889,1023.8988095238095,1.216666666666697,-1.0,spadek_cisnienia,180.0,1.2246467991473532e-16,-1.0,0.0,0.0,0.0,2.316666666666667,0.0,0.0,0.0,-0.15041666666666667,-0.12
2022-12-03,2.63,-2.4291666666666667,-3.2,-1.7,85.96666666666665,1024.4624999999999,1023.3,1026.3,12,zima,337,-0.4635502709028512,0.8860706215341377,3.0,-1.554166666666788,-2.770833333333485,-1.716666666666697,1025.904166666667,1024.2601190476191,1.554166666666788,-1.0,spadek_cisnienia,180.0,1.2246467991473532e-16,-1.0,0.0,0.0,0.0,-0.19999999999999998,2.63,2.629999999999991,2.629999999999998,-0.15458333333333332,-0.12
2022-12-04,0.6,0.5458333333333334,-1.6,1.3,90.42083333333333,1022.2333333333332,1021.4,1023.3,12,zima,338,-0.4482293417404106,0.893918596519257,1.8999999999999773,-2.2291666666666288,-3.7833333333334167,-5.000000000000114,1024.2375000000002,1024.0660714285714,2.2291666666666288,-1.0,spadek_cisnienia,180.0,1.2246467991473532e-16,-1.0,2.63,0.0,0.0,-2.4291666666666667,0.6,3.229999999999991,3.229999999999998,-0.18375,-0.13
2022-12-05,0.33,0.4458333333333333,0.3,0.8,90.5,1018.4791666666666,1014.3,1021.5,12,zima,339,-0.4327755925504317,0.9015016841318838,7.2000000000000455,-3.754166666666606,-5.983333333333235,-7.537500000000023,1021.725,1023.7678571428571,3.754166666666606,-1.0,spadek_cisnienia,180.0,1.2246467991473532e-16,-1.0,0.6,2.63,0.0,0.5458333333333334,0.33,3.559999999999991,3.5599999999999983,-0.20875,-0.16
2022-12-06,0.0,1.6583333333333332,0.4,2.5,91.00416666666666,1008.9333333333334,1004.3,1013.6,12,zima,340,-0.41719360261231697,0.9088176373395028,9.300000000000068,-9.545833333333235,-13.29999999999984,-15.52916666666647,1016.5486111111113,1021.9339285714286,9.545833333333235,-1.0,spadek_cisnienia,180.0,1.2246467991473532e-16,-1.0,0.33,0.6,2.63,0.4458333333333333,0.0,0.9299999999999911,3.5599999999999983,-0.2354166666666667,-0.15
2022-12-07,0.0,2.5625,1.4,3.4,81.60000000000001,999.6166666666667,997.3,1003.8,12,zima,341,-0.4014879892059737,0.9158642882672868,6.5,-9.31666666666672,-18.862499999999955,-22.61666666666656,1009.0097222222225,1018.1392857142856,9.31666666666672,-1.0,spadek_cisnienia,180.0,1.2246467991473532e-16,-1.0,0.0,0.33,0.6,1.6583333333333332,0.0,0.32999999999999113,3.5599999999999983,-0.12,-0.02
2022-12-08,1.55,0.2833333333333333,-1.5,1.2,83.92916666666666,1001.5500000000001,998.8,1003.2,12,zima,342,-0.38566340624360745,0.9226395488404875,4.400000000000091,1.933333333333394,-7.383333333333326,-16.92916666666656,1003.3666666666669,1014.470238095238,1.933333333333394,1.0,wzrost_cisnienia,0.0,0.0,1.0,0.0,0.0,0.33,2.5625,1.55,1.5499999999999912,5.109999999999998,-0.09666666666666666,0.02
2022-12-09,0.0,-2.0,-4.4,-0.1,84.85833333333333,1005.2083333333334,1003.5,1006.0,12,zima,343,-0.3697245428906732,0.9291414114031743,2.5,3.658333333333303,5.591666666666697,-3.7250000000000227,1002.1250000000003,1011.4976190476191,3.658333333333303,1.0,wzrost_cisnienia,0.0,0.0,1.0,1.55,0.0,0.0,0.2833333333333333,0.0,1.5499999999999912,5.109999999999998,-0.12916666666666668,-0.08
2022-12-10,0.0,-1.3833333333333335,-4.3,0.8,76.59583333333333,1006.2875,1005.7,1006.9,12,zima,344,-0.3536761221763721,0.935367949313148,1.1999999999999318,1.0791666666666515,4.7374999999999545,6.6708333333333485,1004.3486111111114,1008.9011904761904,1.0791666666666515,1.0,wzrost_cisnienia,0.0,0.0,1.0,0.0,1.55,0.0,-2.0,0.0,1.5499999999999912,2.479999999999998,-0.115,-0.04
2022-12-11,0.0,-0.02500000000000004,-4.4,2.1,75.61666666666666,1003.6416666666668,999.6,1006.5,12,zima,345,-0.33752289959411347,0.941317317512847,6.899999999999977,-2.6458333333332575,-1.566666666666606,2.091666666666697,1005.0458333333336,1006.2452380952382,2.6458333333332575,-1.0,spadek_cisnienia,180.0,1.2246467991473532e-16,-1.0,0.0,0.0,1.55,-1.3833333333333335,0.0,0.0,1.8799999999999981,-0.017083333333333332,0.09
2022-12-12,0.8200000000000001,1.825,-0.1,3.1,71.52083333333333,997.7708333333334,996.7,999.2,12,zima,346,-0.32126966169236515,0.946987753076075,2.5,-5.870833333333394,-8.516666666666652,-7.4375,1002.566666666667,1003.2869047619049,5.870833333333394,-1.0,spadek_cisnienia,180.0,1.2246467991473532e-16,-1.0,0.0,0.0,0.0,-0.02500000000000004,0.8200000000000001,0.8199999999999912,2.3699999999999983,0.2704166666666667,0.39
2022-12-13,0.0,-1.0166666666666666,-2.6,0.0,68.10000000000001,1002.5166666666668,999.2,1006.2,12,zima,347,-0.3049212246562894,0.9523775757303973,7.0,4.745833333333394,-1.125,-3.7708333333332575,1001.3097222222226,1002.3702380952382,4.745833333333394,1.0,wzrost_cisnienia,0.0,0.0,1.0,0.8200000000000001,0.0,0.0,1.825,0.0,0.8199999999999912,2.3699999999999983,0.09791666666666667,0.34
2022-12-14,0.0,-5.4375,-7.9,-2.6,76.75,1004.0083333333333,1001.4,1006.0,12,zima,348,-0.2884824328806098,0.9574851883550389,4.600000000000023,1.4916666666665606,6.2374999999999545,0.36666666666656056,1001.4319444444446,1002.9976190476191,1.4916666666665606,1.0,wzrost_cisnienia,0.0,0.0,1.0,0.0,0.8200000000000001,0.0,-1.0166666666666666,0.0,0.8199999999999912,2.3699999999999983,-0.24583333333333335,-0.11
2022-12-15,0.0,-7.216666666666666,-9.8,-4.8,80.6875,1003.8083333333334,1000.8,1008.5,12,zima,349,-0.27195815753410524,0.9623090774541487,7.7000000000000455,-0.1999999999999318,1.2916666666666288,6.037500000000023,1003.4444444444447,1003.3202380952381,0.1999999999999318,-1.0,spadek_cisnienia,180.0,1.2246467991473532e-16,-1.0,0.0,0.0,0.8200000000000001,-5.4375,0.0,0.0,0.8199999999999983,-0.17458333333333334,-0.11
2022-12-16,0.0,-3.595833333333333,-5.1,-0.8,88.10000000000001,1012.0333333333333,1008.7,1015.8,12,zima,350,-0.2553532951161881,0.9668478136052773,7.099999999999909,8.224999999999909,8.024999999999977,9.516666666666538,1006.6166666666668,1004.2952380952381,8.224999999999909,1.0,wzrost_cisnienia,0.0,0.0,1.0,0.0,0.0,0.0,-7.216666666666666,0.0,0.0,0.8199999999999983,-0.12333333333333334,-0.05
2022-12-17,0.0,-1.1291666666666667,-2.8,0.8,81.55416666666666,1020.3583333333332,1015.9,1025.1,12,zima,351,-0.23867276600594997,0.9711000518829505,9.199999999999932,8.324999999999932,16.54999999999984,16.34999999999991,1012.066666666667,1006.3053571428572,8.324999999999932,1.0,wzrost_cisnienia,0.0,0.0,1.0,0.0,0.0,0.0,-3.595833333333333,0.0,0.0,0.8199999999999983,-0.13125,-0.07
2022-12-18,0.0,-2.9583333333333335,-7.1,0.5,71.57083333333334,1029.5625,1025.5,1031.7,12,zima,352,-0.22192151300416674,0.9750645322571945,6.2000000000000455,9.204166666666765,17.529166666666697,25.754166666666606,1020.6513888888891,1010.0083333333332,9.204166666666765,1.0,wzrost_cisnienia,0.0,0.0,1.0,0.0,0.0,0.0,-1.1291666666666667,0.0,0.0,0.8199999999999983,-0.26125000000000004,-0.18
2022-12-19,0.73,-4.008333333333334,-7.3,0.2,75.77916666666667,1022.7833333333333,1013.1,1031.0,12,zima,353,-0.20510449986861926,0.9787400799669153,17.899999999999977,-6.779166666666697,2.425000000000068,10.75,1024.2347222222224,1013.5815476190476,6.779166666666697,-1.0,spadek_cisnienia,180.0,1.2246467991473532e-16,-1.0,0.0,0.0,0.0,-2.9583333333333335,0.73,0.7299999999999911,0.7299999999999982,-0.31666666666666665,-0.25
2022-12-20,1.0899999999999999,4.266666666666667,1.0,5.6,84.3,1010.0875,1007.5,1012.4,12,zima,354,-0.1882267098432439,0.9821256058680006,4.899999999999977,-12.695833333333326,-19.475000000000023,-10.270833333333258,1020.8111111111115,1014.6630952380953,12.695833333333326,-1.0,spadek_cisnienia,180.0,1.2246467991473532e-16,-1.0,0.73,0.0,0.0,-4.008333333333334,1.0899999999999999,1.819999999999991,1.819999999999998,-0.2070833333333333,-0.14
2022-12-21,0.54,4.491666666666666,3.8,5.3,86.15833333333335,1005.0958333333333,1003.5,1006.9,12,zima,355,-0.1712931441814778,0.9852201067560606,3.3999999999999773,-4.991666666666674,-17.6875,-24.466666666666697,1012.6555555555559,1014.8184523809524,4.991666666666674,-1.0,spadek_cisnienia,180.0,1.2246467991473532e-16,-1.0,1.0899999999999999,0.73,0.0,4.266666666666667,0.54,2.359999999999991,2.359999999999998,-0.13458333333333333,-0.03
2022-12-22,0.31,5.258333333333334,4.1,6.4,90.3875,999.8958333333334,996.7,1003.4,12,zima,356,-0.154308820664281,0.9880226656636976,6.699999999999932,-5.199999999999932,-10.191666666666606,-22.887499999999932,1005.0263888888891,1014.2595238095238,5.199999999999932,-1.0,spadek_cisnienia,180.0,1.2246467991473532e-16,-1.0,0.54,1.0899999999999999,0.73,4.491666666666666,0.31,1.939999999999991,2.669999999999998,-0.08958333333333333,0.01
2022-12-23,0.24,5.120833333333334,1.2,6.5,82.32083333333334,998.4666666666667,997.3,1001.4,12,zima,357,-0.13727877211326517,0.9905324521322227,4.100000000000023,-1.4291666666666742,-6.629166666666606,-11.62083333333328,1001.1527777777779,1012.3214285714286,1.4291666666666742,-1.0,spadek_cisnienia,180.0,1.2246467991473532e-16,-1.0,0.31,0.54,1.0899999999999999,5.258333333333334,0.24,1.0899999999999912,2.909999999999998,0.011250000000000001,0.09
2022-12-24,0.0,0.3541666666666667,-0.9,3.7,89.53333333333335,1007.4250000000001,1001.8,1013.0,12,zima,358,-0.12020804489935275,0.9927487224577402,11.200000000000045,8.958333333333371,7.529166666666697,2.329166666666765,1001.9291666666669,1010.4738095238096,8.958333333333371,1.0,wzrost_cisnienia,0.0,0.0,1.0,0.24,0.31,0.54,5.120833333333334,0.0,0.5499999999999912,2.909999999999998,0.03416666666666667,0.1
2022-12-25,0.0,0.5791666666666667,-0.7,2.4,94.375,1015.2916666666666,1012.7,1016.8,12,zima,359,-0.10310169744743544,0.9946708199115211,4.099999999999909,7.866666666666561,16.824999999999932,15.395833333333258,1007.0611111111115,1008.4351190476191,7.866666666666561,1.0,wzrost_cisnienia,0.0,0.0,1.0,0.0,0.24,0.31,0.3541666666666667,0.0,0.2399999999999911,2.909999999999998,-0.019583333333333335,0.04
2022-12-26,10.87,5.5874999999999995,2.7,7.7,92.30833333333334,1004.6166666666667,1001.5,1012.1,12,zima,360,-0.0859647987374467,0.9962981749346077,10.600000000000023,-10.674999999999955,-2.808333333333394,6.149999999999977,1009.1111111111114,1005.8398809523809,10.674999999999955,-1.0,spadek_cisnienia,180.0,1.2246467991473532e-16,-1.0,0.0,0.0,0.24,0.5791666666666667,10.87,10.86999999999999,13.049999999999997,-0.05541666666666667,0.08
2022-12-27,0.0,4.05,2.7,5.6,76.8625,1010.3208333333333,1005.1,1014.8,12,zima,361,-0.06880242680232064,0.9976303053065857,9.699999999999932,5.7041666666666515,-4.970833333333303,2.8958333333332575,1010.0763888888891,1005.8732142857143,5.7041666666666515,1.0,wzrost_cisnienia,0.0,0.0,1.0,10.87,0.0,0.0,5.5874999999999995,0.0,10.86999999999999,11.959999999999997,-0.003333333333333334,0.18
2022-12-28,0.0,4.058333333333334,2.2,6.8,80.05833333333334,1008.9250000000001,1004.1,1014.9,12,zima,362,-0.05161966722325418,0.9986668162884759,10.799999999999955,-1.3958333333332575,4.308333333333394,-6.366666666666561,1007.954166666667,1006.4202380952381,1.3958333333332575,-1.0,spadek_cisnienia,180.0,1.2246467991473532e-16,-1.0,0.0,10.87,0.0,4.05,0.0,10.86999999999999,11.419999999999998,0.015833333333333335,0.08
2022-12-29,1.9699999999999998,7.629166666666666,5.8,9.1,82.97500000000001,1000.7041666666668,999.1,1003.6,12,zima,363,-0.034421611622745804,0.9994074007397048,4.5,-8.220833333333303,-9.61666666666656,-3.912499999999909,1006.6500000000002,1006.5357142857143,8.220833333333303,-1.0,spadek_cisnienia,180.0,1.2246467991473532e-16,-1.0,0.0,0.0,10.87,4.058333333333334,1.9699999999999998,1.9699999999999909,13.079999999999998,0.02666666666666667,0.08
2022-12-30,0.33,6.379166666666666,2.4,8.4,74.1875,1005.7166666666667,1001.7,1009.3,12,zima,364,-0.01721335615583528,0.9998518392091162,7.599999999999909,5.012499999999932,-3.2083333333333712,-4.604166666666629,1005.1152777777783,1007.5714285714286,5.012499999999932,1.0,wzrost_cisnienia,0.0,0.0,1.0,1.9699999999999998,0.0,0.0,7.629166666666666,0.33,2.299999999999991,13.169999999999996,-0.015416666666666667,0.12
2022-12-31,0.41000000000000003,9.475,4.4,13.7,80.71249999999999,1002.5541666666667,1001.2,1004.4,12,zima,365,6.432490598706546e-16,1.0,3.199999999999932,-3.1625000000000227,1.849999999999909,-6.370833333333394,1002.9916666666669,1006.8755952380952,3.1625000000000227,-1.0,spadek_cisnienia,180.0,1.2246467991473532e-16,-1.0,0.33,1.9699999999999998,0.0,6.379166666666666,0.41000000000000003,2.709999999999991,13.579999999999997,-0.052083333333333336,0.12
2023-01-01,0.0,13.758333333333333,8.6,16.2,59.612500000000004,1006.7166666666667,1002.1,1014.2,1,zima,1,0.017213356155834685,0.9998518392091162,12.100000000000023,4.162500000000023,1.0,6.012499999999932,1004.9958333333337,1005.6505952380952,4.162500000000023,1.0,wzrost_cisnienia,0.0,0.0,1.0,0.41000000000000003,0.33,1.9699999999999998,9.475,0.0,0.7399999999999911,13.579999999999997,0.12666666666666668,0.25
2023-01-02,1.23,9.970833333333333,8.0,12.5,77.72500000000001,1010.2291666666666,1007.3,1014.4,1,zima,2,0.03442161162274574,0.9994074007397048,7.100000000000023,3.512499999999932,7.6749999999999545,4.512499999999932,1006.5000000000003,1006.452380952381,3.512499999999932,1.0,wzrost_cisnienia,0.0,0.0,1.0,0.0,0.41000000000000003,0.33,13.758333333333333,1.23,1.639999999999991,3.9399999999999977,0.15875,0.35
2023-01-03,0.9600000000000001,6.429166666666667,4.5,8.8,73.02499999999999,1016.9541666666668,1011.3,1021.8,1,zima,3,0.051619667223253764,0.998666816288476,10.5,6.725000000000136,10.237500000000068,14.400000000000091,1011.3000000000003,1007.4,6.725000000000136,1.0,wzrost_cisnienia,0.0,0.0,1.0,1.23,0.0,0.41000000000000003,9.970833333333333,0.9600000000000001,2.189999999999991,4.899999999999998,0.22666666666666666,0.31
2023-01-04,2.9299999999999997,4.045833333333333,1.1,8.9,86.90416666666665,1009.7541666666666,995.3,1021.9,1,zima,4,0.06880242680231986,0.9976303053065857,26.600000000000023,-7.200000000000159,-0.47500000000002274,3.037499999999909,1012.3125000000003,1007.5184523809523,7.200000000000159,-1.0,spadek_cisnienia,180.0,1.2246467991473532e-16,-1.0,0.9600000000000001,1.23,0.0,6.429166666666667,2.9299999999999997,5.11999999999999,7.829999999999998,0.19708333333333336,0.33
2023-01-05,4.1,5.658333333333334,1.4,8.9,84.03750000000001,1000.2916666666666,993.9,1014.3,1,zima,5,0.08596479873744647,0.9962981749346078,20.399999999999977,-9.462499999999977,-16.662500000000136,-9.9375,1009.0000000000003,1007.4595238095237,9.462499999999977,-1.0,spadek_cisnienia,180.0,1.2246467991473532e-16,-1.0,2.9299999999999997,0.9600000000000001,1.23,4.045833333333333,4.1,7.9899999999999896,9.959999999999997,0.4083333333333334,0.51
2023-01-06,4.37,-0.05833333333333333,-1.2,1.1,79.50833333333334,1014.9250000000001,1010.8,1018.1,1,zima,6,0.10310169744743485,0.9946708199115211,7.300000000000068,14.63333333333344,5.170833333333462,-2.029166666666697,1008.3236111111114,1008.775,14.63333333333344,1.0,wzrost_cisnienia,0.0,0.0,1.0,4.1,2.9299999999999997,0.9600000000000001,5.658333333333334,4.37,11.39999999999999,13.999999999999998,0.19583333333333333,0.41
2023-01-07,0.0,2.9416666666666664,1.1,5.4,91.14999999999999,1013.0458333333332,1011.5,1014.2,1,zima,7,0.1202080448993527,0.9927487224577402,2.7000000000000455,-1.8791666666668334,12.754166666666606,3.2916666666666288,1009.4208333333336,1010.2738095238094,1.8791666666668334,-1.0,spadek_cisnienia,180.0,1.2246467991473532e-16,-1.0,4.37,4.1,2.9299999999999997,-0.05833333333333333,0.0,8.46999999999999,13.589999999999998,0.05375,0.1
2023-01-08,0.0,4.954166666666667,3.3,5.8,89.83749999999999,1005.5124999999999,1000.6,1011.2,1,zima,8,0.13727877211326478,0.9905324521322229,10.600000000000023,-7.533333333333303,-9.412500000000136,5.220833333333303,1011.1611111111114,1010.1017857142858,7.533333333333303,-1.0,spadek_cisnienia,180.0,1.2246467991473532e-16,-1.0,0.0,4.37,4.1,2.9416666666666664,0.0,4.36999999999999,13.589999999999998,-0.021666666666666667,0.04
2023-01-09,3.18,4.583333333333333,4.3,5.1,89.94166666666666,998.2416666666667,996.7,1000.2,1,zima,9,0.15430882066428117,0.9880226656636976,3.5,-7.2708333333332575,-14.80416666666656,-16.683333333333394,1005.6000000000003,1008.3892857142857,7.2708333333332575,-1.0,spadek_cisnienia,180.0,1.2246467991473532e-16,-1.0,0.0,0.0,4.37,4.954166666666667,3.18,3.1799999999999904,15.539999999999997,0.06375,0.19
2023-01-10,0.0,5.395833333333333,4.0,7.4,84.93333333333334,1009.1083333333332,1000.5,1014.1,1,zima,10,0.1712931441814776,0.9852201067560606,13.600000000000023,10.86666666666656,3.595833333333303,-3.9375,1004.2875000000003,1007.2684523809523,10.86666666666656,1.0,wzrost_cisnienia,0.0,0.0,1.0,3.18,0.0,0.0,4.583333333333333,0.0,3.1799999999999904,14.579999999999998,0.14375000000000002,0.2
2023-01-11,2.37,4.366666666666666,2.4,5.7,79.18333333333334,1008.8208333333333,1005.5,1013.9,1,zima,11,0.1882267098432442,0.9821256058680006,8.399999999999977,-0.28749999999990905,10.579166666666652,3.308333333333394,1005.3902777777781,1007.135119047619,0.28749999999990905,-1.0,spadek_cisnienia,180.0,1.2246467991473532e-16,-1.0,0.0,3.18,0.0,5.395833333333333,2.37,5.54999999999999,14.02,-0.03291666666666667,0.09
2023-01-12,0.18,7.1875,4.9,8.7,80.34583333333333,1003.4625,1000.4,1006.2,1,zima,12,0.2051044998686192,0.9787400799669153,5.800000000000068,-5.3583333333333485,-5.6458333333332575,5.220833333333303,1007.1305555555558,1007.5880952380952,5.3583333333333485,-1.0,spadek_cisnienia,180.0,1.2246467991473532e-16,-1.0,2.37,0.0,3.18,4.366666666666666,0.18,2.5499999999999905,10.1,0.03916666666666667,0.13
2023-01-13,5.890000000000001,8.345833333333333,6.3,10.7,82.57916666666667,999.9375,998.2,1001.9,1,zima,13,0.22192151300416552,0.9750645322571948,3.699999999999932,-3.5249999999999773,-8.883333333333326,-9.170833333333235,1004.0736111111114,1005.4470238095238,3.5249999999999773,-1.0,spadek_cisnienia,180.0,1.2246467991473532e-16,-1.0,0.18,2.37,0.0,7.1875,5.890000000000001,8.43999999999999,11.620000000000001,0.09416666666666668,0.21
2023-01-14,0.0,6.8625,5.7,8.5,71.8,1004.1875,998.4,1007.3,1,zima,14,0.2386727660059501,0.9711000518829505,8.899999999999977,4.25,0.7250000000000227,-4.633333333333326,1002.529166666667,1004.1815476190477,4.25,1.0,wzrost_cisnienia,0.0,0.0,1.0,5.890000000000001,0.18,2.37,8.345833333333333,0.0,6.0699999999999905,11.620000000000001,0.10291666666666667,0.24
2023-01-15,1.77,5.929166666666667,5.0,7.3,77.69166666666666,993.0749999999999,991.4,996.4,1,zima,15,0.255353295116187,0.9668478136052775,5.0,-11.112500000000068,-6.862500000000068,-10.387500000000045,999.066666666667,1002.4047619047618,11.112500000000068,-1.0,spadek_cisnienia,180.0,1.2246467991473532e-16,-1.0,0.0,5.890000000000001,0.18,6.8625,1.77,7.659999999999991,13.39,0.08166666666666667,0.22
2023-01-16,0.0,3.016666666666667,1.0,4.9,77.10416666666667,992.7583333333333,988.2,995.1,1,zima,16,0.2719581575341055,0.9623090774541486,6.899999999999977,-0.31666666666660603,-11.429166666666674,-7.179166666666674,996.6736111111113,1001.6214285714286,0.31666666666660603,-1.0,spadek_cisnienia,180.0,1.2246467991473532e-16,-1.0,1.77,0.0,5.890000000000001,5.929166666666667,0.0,1.7699999999999902,10.21,0.005000000000000001,0.17
2023-01-17,0.39,3.5375,1.0,5.0,83.10000000000001,983.8083333333334,981.2,988.5,1,zima,17,0.288482432880609,0.9574851883550393,7.2999999999999545,-8.949999999999932,-9.266666666666538,-20.379166666666606,989.8805555555558,998.0071428571429,8.949999999999932,-1.0,spadek_cisnienia,180.0,1.2246467991473532e-16,-1.0,0.0,1.77,0.0,3.016666666666667,0.39,2.1599999999999904,10.6,0.20666666666666667,0.3
2023-01-18,0.0,1.45,-1.3,3.5,85.52916666666665,991.1125000000001,989.2,995.5,1,zima,18,0.30492122465628907,0.9523775757303974,6.2999999999999545,7.304166666666674,-1.6458333333332575,-1.9624999999998636,989.2263888888892,995.477380952381,7.304166666666674,1.0,wzrost_cisnienia,0.0,0.0,1.0,0.39,0.0,1.77,3.5375,0.0,0.38999999999999024,8.229999999999999,0.16,0.25
2023-01-19,0.0,1.375,-0.6,2.7,82.0625,1001.5333333333333,996.4,1004.6,1,zima,19,0.3212696616923644,0.9469877530760753,8.200000000000045,10.420833333333235,17.72499999999991,8.774999999999977,992.1513888888893,995.2017857142856,10.420833333333235,1.0,wzrost_cisnienia,0.0,0.0,1.0,0.0,0.39,0.0,1.45,0.0,0.38999999999999024,8.049999999999999,0.1575,0.2
2023-01-20,0.0,-1.0166666666666666,-2.2,0.8,82.10833333333333,1012.7666666666668,1005.0,1020.4,1,zima,20,0.3375228995941133,0.9413173175128471,15.399999999999977,11.233333333333462,21.654166666666697,28.95833333333337,1001.8041666666671,997.0345238095239,11.233333333333462,1.0,wzrost_cisnienia,0.0,0.0,1.0,0.0,0.0,0.39,1.375,0.0,0.0,2.1599999999999993,0.18791666666666665,0.27
2023-01-21,6.61,2.466666666666667,0.5,3.6,75.9875,1022.0916666666667,1020.4,1025.6,1,zima,21,0.3536761221763716,0.9353679493131483,5.199999999999932,9.324999999999932,20.558333333333394,30.97916666666663,1012.1305555555559,999.5922619047618,9.324999999999932,1.0,wzrost_cisnienia,0.0,0.0,1.0,0.0,0.0,0.0,-1.0166666666666666,6.61,6.6099999999999905,8.77,0.32166666666666666,0.45
2023-01-22,0.0,1.3916666666666666,1.1,1.9,78.90416666666667,1029.1208333333334,1025.8,1032.5,1,zima,22,0.3697245428906731,0.9291414114031743,6.7000000000000455,7.029166666666697,16.35416666666663,27.58750000000009,1021.3263888888893,1004.7416666666667,7.029166666666697,1.0,wzrost_cisnienia,0.0,0.0,1.0,6.61,0.0,0.0,2.466666666666667,0.0,6.6099999999999905,7.0,0.19833333333333333,0.26
2023-01-23,0.0,0.7666666666666666,0.6,1.0,67.53333333333333,1035.1458333333333,1032.8,1036.6,1,zima,23,0.38566340624360707,0.9226395488404876,3.7999999999999545,6.024999999999864,13.05416666666656,22.379166666666492,1028.7861111111115,1010.7970238095238,6.024999999999864,1.0,wzrost_cisnienia,0.0,0.0,1.0,0.0,6.61,0.0,1.3916666666666666,0.0,6.6099999999999905,7.0,0.0725,0.16
2023-01-24,0.0,-0.037500000000000006,-0.9,0.8,68.45416666666667,1035.8125,1033.9,1037.6,1,zima,24,0.401487989205973,0.9158642882672872,3.699999999999818,0.6666666666667425,6.691666666666606,13.720833333333303,1033.3597222222224,1018.2261904761905,0.6666666666667425,1.0,wzrost_cisnienia,0.0,0.0,1.0,0.0,0.0,6.61,0.7666666666666666,0.0,0.0,6.609999999999999,0.029166666666666664,0.13
2023-01-25,0.0,-0.9833333333333334,-1.8,0.6,76.825,1027.1000000000001,1020.9,1033.6,1,zima,25,0.4171936026123168,0.9088176373395029,12.699999999999932,-8.712499999999864,-8.045833333333121,-2.0208333333332575,1032.6861111111114,1023.3672619047619,8.712499999999864,-1.0,spadek_cisnienia,180.0,1.2246467991473532e-16,-1.0,0.0,0.0,0.0,-0.037500000000000006,0.0,0.0,6.609999999999999,-0.03333333333333333,0.12
2023-01-26,0.0,-0.32916666666666666,-1.4,0.8,85.55,1017.3333333333334,1016.0,1020.2,1,zima,26,0.4327755925504312,0.901501684131884,4.2000000000000455,-9.766666666666765,-18.47916666666663,-17.812499999999886,1026.7486111111116,1025.6244047619048,9.766666666666765,-1.0,spadek_cisnienia,180.0,1.2246467991473532e-16,-1.0,0.0,0.0,0.0,-0.9833333333333334,0.0,0.0,6.609999999999999,0.07458333333333333,0.2
2023-01-27,1.35,1.9416666666666667,0.0,3.4,75.93333333333334,1020.3874999999999,1016.4,1023.0,1,zima,27,0.4482293417404106,0.893918596519257,6.600000000000023,3.0541666666665606,-6.712500000000205,-15.425000000000068,1021.6069444444447,1026.7130952380953,3.0541666666665606,1.0,wzrost_cisnienia,0.0,0.0,1.0,0.0,0.0,0.0,-0.32916666666666666,1.35,1.3499999999999903,7.959999999999999,0.18416666666666667,0.28
2023-01-28,0.0,0.4583333333333333,-0.3,1.5,66.13333333333334,1021.1291666666666,1018.1,1022.6,1,zima,28,0.4635502709028509,0.886070621534138,4.5,0.7416666666666742,3.795833333333235,-5.97083333333353,1019.6166666666669,1026.5755952380953,0.7416666666666742,1.0,wzrost_cisnienia,0.0,0.0,1.0,1.35,0.0,0.0,1.9416666666666667,0.0,1.3499999999999903,1.3499999999999992,-0.020416666666666666,0.07
2023-01-29,0.1,2.6916666666666664,0.9,3.9,80.82083333333334,1011.8041666666667,1003.6,1017.2,1,zima,29,0.47873384011578846,0.8779600847008882,13.600000000000023,-9.324999999999932,-8.583333333333258,-5.529166666666697,1017.7736111111113,1024.1017857142856,9.324999999999932,-1.0,spadek_cisnienia,180.0,1.2246467991473532e-16,-1.0,0.0,1.35,0.0,0.4583333333333333,0.1,1.4499999999999904,1.4499999999999993,0.0008333333333333338,0.07
2023-01-30,1.02,3.6166666666666667,2.3,5.2,78.24166666666666,993.3625000000001,989.5,1001.9,1,zima,30,0.4937755501599772,0.869589389346611,12.399999999999977,-18.441666666666606,-27.766666666666538,-27.024999999999864,1008.7652777777781,1018.1327380952381,18.441666666666606,-1.0,spadek_cisnienia,180.0,1.2246467991473532e-16,-1.0,0.1,0.0,1.35,2.6916666666666664,1.02,1.1199999999999903,2.4699999999999993,0.014166666666666668,0.27
2023-01-31,0.7999999999999999,3.8083333333333336,2.6,4.8,70.45,999.4791666666666,993.4,1003.8,1,zima,31,0.5086709438521044,0.8609610158889943,10.399999999999977,6.116666666666561,-12.325000000000045,-21.649999999999977,1001.5486111111114,1012.942261904762,6.116666666666561,1.0,wzrost_cisnienia,0.0,0.0,1.0,1.02,0.1,0.0,3.6166666666666667,0.7999999999999999,1.9199999999999902,3.269999999999999,0.2575,0.41
2023-02-01,4.9399999999999995,3.766666666666667,2.8,5.6,79.74166666666666,994.5041666666666,993.3,995.6,2,zima,32,0.5234156073655503,0.8520775211013093,2.300000000000068,-4.975000000000023,1.1416666666665378,-17.300000000000068,995.7819444444448,1008.2857142857143,4.975000000000023,-1.0,spadek_cisnienia,180.0,1.2246467991473532e-16,-1.0,0.7999999999999999,1.02,0.1,3.8083333333333336,4.9399999999999995,6.759999999999989,8.209999999999999,0.29541666666666666,0.39
2023-02-02,3.4,2.1999999999999997,0.2,3.9,81.54583333333333,1004.1541666666667,994.8,1015.3,2,zima,33,0.5380051715382996,0.8429415373547828,20.5,9.650000000000091,4.675000000000068,10.791666666666629,999.379166666667,1006.4029761904761,9.650000000000091,1.0,wzrost_cisnienia,0.0,0.0,1.0,4.9399999999999995,0.7999999999999999,1.02,3.766666666666667,3.4,9.13999999999999,11.61,0.42,0.52
2023-02-03,3.49,-0.5666666666666667,-1.7,0.4,88.06666666666666,1007.4333333333334,1000.0,1015.7,2,zima,34,0.5524353131676196,0.8335557718385699,15.700000000000045,3.279166666666697,12.929166666666788,7.954166666666765,1002.0305555555559,1004.5523809523809,3.279166666666697,1.0,wzrost_cisnienia,0.0,0.0,1.0,3.4,4.9399999999999995,0.7999999999999999,2.1999999999999997,3.49,11.82999999999999,13.75,0.31,0.45
2023-02-04,5.12,0.25416666666666665,-0.5,1.2,74.8125,1025.3125,1013.7,1032.5,2,zima,35,0.5667017562911176,0.8239230057575542,18.799999999999955,17.879166666666606,21.158333333333303,30.808333333333394,1012.3000000000003,1005.1499999999999,17.879166666666606,1.0,wzrost_cisnienia,0.0,0.0,1.0,3.49,3.4,4.9399999999999995,-0.5666666666666667,5.12,12.00999999999999,18.869999999999997,0.55125,0.7
2023-02-05,0.0,-0.5708333333333333,-4.0,2.4,70.3,1033.5958333333333,1032.8,1034.8,2,zima,36,0.5808002734538009,0.8140460935082178,2.0,8.283333333333303,26.16249999999991,29.441666666666606,1022.1138888888892,1008.2630952380953,8.283333333333303,1.0,wzrost_cisnienia,0.0,0.0,1.0,5.12,3.49,3.4,0.25416666666666665,0.0,8.609999999999989,18.769999999999996,0.18125000000000002,0.33
2023-02-06,0.61,0.5499999999999999,-1.2,2.6,70.10416666666667,1034.7375,1033.0,1036.7,2,zima,37,0.5947266869607634,0.8039279618328213,3.7000000000000455,1.1416666666666515,9.424999999999955,27.30416666666656,1031.215277777778,1014.1738095238096,1.1416666666666515,1.0,wzrost_cisnienia,0.0,0.0,1.0,0.0,5.12,3.49,-0.5708333333333333,0.61,5.729999999999989,18.36,0.21625000000000003,0.31
2023-02-07,0.0,1.1083333333333332,-1.8,3.0,73.99166666666666,1036.5333333333333,1035.4,1037.9,2,zima,38,0.6084768701151261,0.7935716089521474,2.5,1.7958333333333485,2.9375,11.220833333333303,1034.955555555556,1019.4672619047618,1.7958333333333485,1.0,wzrost_cisnienia,0.0,0.0,1.0,0.61,0.0,5.12,0.5499999999999999,0.0,0.6099999999999893,17.56,0.12666666666666668,0.18
2023-02-08,0.0,-0.44166666666666665,-2.4,0.8,70.59166666666667,1038.5,1035.5,1040.1,2,zima,39,0.6220467484408675,0.7829801036770629,4.599999999999909,1.966666666666697,3.7625000000000455,4.904166666666697,1036.590277777778,1025.752380952381,1.966666666666697,1.0,wzrost_cisnienia,0.0,0.0,1.0,0.0,0.61,0.0,1.1083333333333332,0.0,0.6099999999999893,12.62,0.03,0.09
2023-02-09,0.0,-0.9666666666666667,-4.4,1.8,62.979166666666664,1027.575,1021.6,1034.8,2,zima,40,0.6354323008901774,0.7721565844991642,13.199999999999932,-10.924999999999955,-8.958333333333258,-7.162499999999909,1034.202777777778,1029.0982142857142,10.924999999999955,-1.0,spadek_cisnienia,180.0,1.2246467991473532e-16,-1.0,0.0,0.0,0.61,-0.44166666666666665,0.0,0.0,9.219999999999999,-0.12875,0.0
2023-02-10,0.0,3.5041666666666664,0.4,5.1,70.44583333333334,1022.0708333333333,1019.8,1023.9,2,zima,41,0.6486295610349814,0.7611042586607747,4.100000000000023,-5.50416666666672,-16.429166666666674,-14.462499999999977,1029.3819444444446,1031.189285714286,5.50416666666672,-1.0,spadek_cisnienia,180.0,1.2246467991473532e-16,-1.0,0.0,0.0,0.0,-0.9666666666666667,0.0,0.0,5.7299999999999995,0.07625,0.22
2023-02-11,0.36,5.075,2.9,8.0,76.82083333333334,1015.8291666666668,1009.9,1025.9,2,zima,42,0.6616346182422783,0.7498264012045686,16.000000000000114,-6.241666666666561,-11.74583333333328,-22.670833333333235,1021.8250000000003,1029.834523809524,6.241666666666561,-1.0,spadek_cisnienia,180.0,1.2246467991473532e-16,-1.0,0.0,0.0,0.0,3.5041666666666664,0.36,0.35999999999998933,0.9699999999999982,0.24166666666666667,0.38
2023-02-12,0.0,3.4458333333333333,-0.6,6.6,75.85416666666667,1028.7083333333333,1026.6,1030.5,2,zima,43,0.6744436188329455,0.7383263540031065,3.900000000000091,12.879166666666492,6.637499999999932,1.133333333333212,1022.2027777777781,1029.1363095238096,12.879166666666492,1.0,wzrost_cisnienia,0.0,0.0,1.0,0.36,0.0,0.0,5.075,0.0,0.35999999999998933,0.9699999999999982,0.18208333333333335,0.35
2023-02-13,0.0,6.504166666666666,4.7,8.8,70.00833333333334,1026.6499999999999,1025.8,1027.7,2,zima,44,0.6870527672236669,0.7266075247685656,1.900000000000091,-2.058333333333394,10.820833333333098,4.579166666666538,1023.729166666667,1027.9809523809524,2.058333333333394,-1.0,spadek_cisnienia,180.0,1.2246467991473532e-16,-1.0,0.0,0.36,0.0,3.4458333333333333,0.0,0.35999999999998933,0.3599999999999982,0.18166666666666667,0.23
2023-02-14,0.0,4.591666666666667,3.4,7.2,80.10416666666667,1029.6791666666666,1027.9,1030.5,2,zima,45,0.6994583270516471,0.7146733860429609,2.599999999999909,3.029166666666697,0.970833333333303,13.849999999999795,1028.3458333333335,1027.0017857142857,3.029166666666697,1.0,wzrost_cisnienia,0.0,0.0,1.0,0.0,0.0,0.36,6.504166666666666,0.0,0.0,0.3599999999999982,0.18458333333333332,0.28
2023-02-15,0.0,3.591666666666667,2.8,5.3,76.95416666666667,1025.0291666666667,1020.1,1029.7,2,zima,46,0.7116566222817746,0.702527474169157,9.600000000000023,-4.649999999999864,-1.6208333333331666,-3.6791666666665606,1027.1194444444448,1025.077380952381,4.649999999999864,-1.0,spadek_cisnienia,180.0,1.2246467991473532e-16,-1.0,0.0,0.0,0.0,4.591666666666667,0.0,0.0,0.3599999999999982,0.10083333333333333,0.14
2023-02-16,0.0,4.729166666666667,2.0,8.7,77.92916666666666,1015.35,1012.5,1019.5,2,zima,47,0.7236440382959124,0.6901733882429719,7.0,-9.679166666666674,-14.329166666666538,-11.29999999999984,1023.3527777777781,1023.3309523809523,9.679166666666674,-1.0,spadek_cisnienia,180.0,1.2246467991473532e-16,-1.0,0.0,0.0,0.0,3.591666666666667,0.0,0.0,0.3599999999999982,0.08666666666666667,0.14
2023-02-17,6.2,7.370833333333334,6.2,9.7,79.96249999999999,1003.3458333333333,993.4,1012.3,2,zima,48,0.7354170229639855,0.6776147890466889,18.899999999999977,-12.00416666666672,-21.683333333333394,-26.333333333333258,1014.5750000000003,1020.6559523809523,12.00416666666672,-1.0,spadek_cisnienia,180.0,1.2246467991473532e-16,-1.0,0.0,0.0,0.0,4.729166666666667,6.2,6.1999999999999895,6.559999999999999,0.10958333333333332,0.36
2023-02-18,0.0,6.204166666666667,4.2,7.2,60.2875,998.6291666666666,993.4,1003.4,2,zima,49,0.7469720876965552,0.6648553979642865,10.0,-4.716666666666697,-16.720833333333417,-26.40000000000009,1005.7750000000002,1018.1988095238095,4.716666666666697,-1.0,spadek_cisnienia,180.0,1.2246467991473532e-16,-1.0,6.2,0.0,0.0,7.370833333333334,0.0,6.1999999999999895,6.199999999999998,0.23958333333333334,0.43
2023-02-19,0.54,3.970833333333333,2.4,6.5,61.25416666666666,1006.7416666666667,1003.5,1010.3,2,zima,50,0.7583058084785625,0.6518989958787126,6.7999999999999545,8.112500000000068,3.3958333333333712,-8.608333333333348,1002.9055555555559,1015.0607142857143,8.112500000000068,1.0,wzrost_cisnienia,0.0,0.0,1.0,0.0,6.2,0.0,6.204166666666667,0.54,6.7399999999999896,6.739999999999998,0.34208333333333335,0.45
2023-02-20,8.56,5.704166666666667,2.1,8.5,75.22083333333333,999.7958333333332,993.1,1010.0,2,zima,51,0.7694148268839378,0.6387494220515272,16.899999999999977,-6.945833333333439,1.1666666666666288,-3.550000000000068,1001.7222222222225,1011.2244047619046,6.945833333333439,-1.0,spadek_cisnienia,180.0,1.2246467991473532e-16,-1.0,0.54,0.0,6.2,3.970833333333333,8.56,9.09999999999999,15.299999999999999,0.2870833333333333,0.47
2023-02-21,0.0,6.533333333333334,2.9,8.2,65.55416666666666,1001.4291666666667,994.5,1011.5,2,zima,52,0.7802958510707755,0.6254105729852463,17.0,1.6333333333334394,-5.3125,2.800000000000068,1002.6555555555559,1007.1886904761905,1.6333333333334394,1.0,wzrost_cisnienia,0.0,0.0,1.0,8.56,0.54,0.0,5.704166666666667,0.0,9.099999999999989,15.299999999999999,0.42333333333333334,0.48
2023-02-22,0.08,2.3125,1.3,3.3,66.90833333333333,1015.4333333333334,1012.2,1017.1,2,zima,53,0.7909456567567772,0.6118864012687243,4.899999999999977,14.00416666666672,15.63750000000016,8.69166666666672,1005.552777777778,1005.8178571428571,14.00416666666672,1.0,wzrost_cisnienia,0.0,0.0,1.0,0.0,8.56,0.54,6.533333333333334,0.08,8.639999999999988,15.379999999999999,0.3229166666666667,0.45
2023-02-23,0.0,2.0875,-1.3,5.4,68.225,1010.4958333333334,1002.1,1016.6,2,zima,54,0.8013610881746766,0.5981809144059164,14.5,-4.9375,9.06666666666672,10.70000000000016,1009.1194444444449,1005.1244047619048,4.9375,-1.0,spadek_cisnienia,180.0,1.2246467991473532e-16,-1.0,0.08,0.0,8.56,2.3125,0.0,0.07999999999998934,15.379999999999999,0.11208333333333333,0.22
2023-02-24,0.0,4.158333333333333,2.7,5.5,71.1875,994.4958333333334,987.6,1001.2,2,zima,55,0.8115390590073611,0.5842981736283683,13.600000000000023,-16.0,-20.9375,-6.93333333333328,1006.8083333333337,1003.860119047619,16.0,-1.0,spadek_cisnienia,180.0,1.2246467991473532e-16,-1.0,0.0,0.08,0.0,2.0875,0.0,0.07999999999998934,9.18,0.22958333333333333,0.29
2023-02-25,2.3,2.457142857142857,1.1,3.1,82.68571428571428,985.6428571428571,985.0,987.1,2,zima,56,0.8214765533024142,0.5702422926917871,2.1000000000000227,-8.852976190476284,-24.852976190476284,-29.790476190476284,996.8781746031749,1002.004931972789,8.852976190476284,-1.0,spadek_cisnienia,180.0,1.2246467991473532e-16,-1.0,0.0,0.0,0.08,4.158333333333333,2.3,2.299999999999989,11.48,0.2671428571428572,0.34
2023-02-26,2.5,1.1764705882352942,0.3,2.5,74.39411764705882,1013.7882352941177,1007.6,1018.3,2,zima,57,0.8311706263658079,0.5560174366570446,10.699999999999932,28.145378151260616,19.292401960784332,3.292401960784332,997.9756419234363,1003.0115846338534,28.145378151260616,1.0,wzrost_cisnienia,0.0,0.0,1.0,2.3,0.0,0.0,2.457142857142857,2.5,4.799999999999989,13.439999999999998,0.4464705882352941,0.59
2023-02-27,0.73,0.8291666666666667,-2.8,3.6,71.2,1023.8958333333334,1019.0,1027.8,2,zima,58,0.8406184056344782,0.5416278206559814,8.799999999999955,10.107598039215645,38.25297619047626,29.399999999999977,1007.7756419234364,1006.4544417767108,10.107598039215645,1.0,wzrost_cisnienia,0.0,0.0,1.0,2.5,2.3,0.0,1.1764705882352942,0.73,5.529999999999989,5.609999999999998,0.23124999999999998,0.33
2023-02-28,0.0,0.7583333333333333,-4.0,5.2,66.55833333333334,1026.7125,1024.3,1028.0,2,zima,59,0.8498170915275278,0.5270777086423722,3.7000000000000455,2.8166666666667197,12.924264705882365,41.06964285714298,1021.4655228758174,1010.0663465386154,2.8166666666667197,1.0,wzrost_cisnienia,0.0,0.0,1.0,0.73,2.5,2.3,0.8291666666666667,0.0,3.2299999999999893,5.609999999999998,0.16666666666666666,0.24
2023-03-01,0.0,3.5541666666666667,1.2,6.6,76.1875,1022.7291666666666,1021.7,1024.2,3,wiosna,60,0.8587639582758029,0.5123714121284237,2.5,-3.983333333333462,-1.1666666666667425,8.940931372548903,1024.4458333333337,1011.1086084433774,3.983333333333462,-1.0,spadek_cisnienia,180.0,1.2246467991473532e-16,-1.0,0.0,0.73,2.5,0.7583333333333333,0.0,0.7299999999999893,5.529999999999998,0.1625,0.22
2023-03-02,0.0,2.7125,-0.1,7.8,73.91250000000001,1019.5916666666667,1015.8,1022.4,3,wiosna,61,0.8674563547295968,0.49751328890718066,6.600000000000023,-3.137499999999932,-7.120833333333394,-4.304166666666674,1023.0111111111114,1012.4080132052821,3.137499999999932,-1.0,spadek_cisnienia,180.0,1.2246467991473532e-16,-1.0,0.0,0.0,0.73,3.5541666666666667,0.0,0.0,5.529999999999998,0.10708333333333335,0.17
2023-03-03,0.0,3.6041666666666665,0.0,7.7,70.925,1011.6208333333334,1005.8,1015.1,3,wiosna,62,0.8758917051442429,0.48250774176121847,9.300000000000068,-7.970833333333303,-11.108333333333235,-15.091666666666697,1017.9805555555558,1014.8544417767107,7.970833333333303,-1.0,spadek_cisnienia,180.0,1.2246467991473532e-16,-1.0,0.0,0.0,0.0,2.7125,0.0,0.0,5.529999999999998,0.14416666666666667,0.22
2023-03-04,0.0,2.3625000000000003,-0.4,4.4,48.574999999999996,1004.9250000000001,1003.1,1006.9,3,wiosna,63,0.8840675099433636,0.46735921715800227,3.7999999999999545,-6.695833333333326,-14.666666666666629,-17.80416666666656,1012.0458333333337,1017.6090336134454,6.695833333333326,-1.0,spadek_cisnienia,180.0,1.2246467991473532e-16,-1.0,0.0,0.0,0.0,3.6041666666666665,0.0,0.0,3.229999999999998,0.3870833333333333,0.64
2023-03-05,0.1,0.7000000000000001,-2.2,3.3,51.083333333333336,1001.3249999999999,998.9,1005.3,3,wiosna,64,0.8919813464595485,0.45207220393230435,6.399999999999977,-3.6000000000001364,-10.295833333333462,-18.266666666666765,1005.9569444444447,1015.8285714285714,3.6000000000001364,-1.0,spadek_cisnienia,180.0,1.2246467991473532e-16,-1.0,0.0,0.0,0.0,2.3625000000000003,0.1,0.09999999999998935,0.8299999999999982,0.1825,0.25
2023-03-06,0.12,-0.20000000000000004,-3.5,3.0,66.925,997.75,997.2,998.6,3,wiosna,65,0.8996308696522433,0.43665123195606403,1.3999999999999773,-3.574999999999932,-7.175000000000068,-13.870833333333394,1001.3333333333336,1012.0934523809523,3.574999999999932,-1.0,spadek_cisnienia,180.0,1.2246467991473532e-16,-1.0,0.1,0.0,0.0,0.7000000000000001,0.12,0.21999999999998934,0.21999999999999822,0.15416666666666667,0.2
2023-03-07,0.28,-0.4958333333333333,-4.6,3.4,76.70833333333333,989.3249999999999,984.3,997.0,3,wiosna,66,0.9070138128026359,0.4211008707960896,12.700000000000045,-8.425000000000068,-12.0,-15.600000000000136,996.1333333333336,1006.7523809523809,8.425000000000068,-1.0,spadek_cisnienia,180.0,1.2246467991473532e-16,-1.0,0.12,0.1,0.0,-0.20000000000000004,0.28,0.49999999999998934,0.4999999999999982,0.11458333333333333,0.34
2023-03-08,0.0,0.6916666666666668,-2.8,3.7,55.4375,990.6791666666667,985.3,994.2,3,wiosna,67,0.9141279881853337,0.40542572835999735,8.900000000000091,1.3541666666667425,-7.070833333333326,-10.645833333333258,992.5847222222225,1002.1738095238095,1.3541666666667425,1.0,wzrost_cisnienia,0.0,0.0,1.0,0.28,0.12,0.1,-0.4958333333333333,0.0,0.39999999999998936,0.4999999999999982,0.1575,0.23
2023-03-09,0.0,-0.6416666666666667,-4.8,2.4,58.699999999999996,996.4625,994.0,998.7,3,wiosna,68,0.9209712877166346,0.38963044953078796,4.7000000000000455,5.783333333333303,7.1375000000000455,-1.2875000000000227,992.1555555555559,998.8696428571429,5.783333333333303,1.0,wzrost_cisnienia,0.0,0.0,1.0,0.0,0.28,0.12,0.6916666666666668,0.0,0.27999999999998937,0.4999999999999982,0.13375,0.22
2023-03-10,3.04,-0.2125,-1.7,0.8,84.175,990.0875,985.6,997.1,3,wiosna,69,0.9275416835791966,0.37371971479046906,11.5,-6.375,-0.591666666666697,0.7625000000000455,992.4097222222225,995.7934523809524,6.375,-1.0,spadek_cisnienia,180.0,1.2246467991473532e-16,-1.0,0.0,0.0,0.28,-0.6416666666666667,3.04,3.0399999999999894,3.5399999999999983,0.07916666666666666,0.16
2023-03-11,1.33,0.65,-0.4,1.9,74.1125,991.5124999999999,984.7,998.2,3,wiosna,70,0.9338372288229252,0.35769823883312546,13.5,1.4249999999999545,-4.9500000000000455,0.8333333333332575,992.6875000000003,993.8773809523809,1.4249999999999545,1.0,wzrost_cisnienia,0.0,0.0,1.0,3.04,0.0,0.0,-0.2125,1.33,4.3699999999999894,4.869999999999998,0.22375,0.34
2023-03-12,2.01,0.9708333333333333,-0.5,3.5,60.7875,1001.8458333333333,996.8,1005.5,3,wiosna,71,0.9398560579418954,0.3415707691678556,8.700000000000045,10.333333333333371,11.758333333333326,5.383333333333326,994.4819444444447,993.9517857142857,10.333333333333371,1.0,wzrost_cisnienia,0.0,0.0,1.0,1.33,3.04,0.0,0.65,2.01,6.379999999999989,6.7799999999999985,0.14958333333333332,0.26
2023-03-13,2.1599999999999997,4.908333333333333,-0.9,10.8,82.54166666666667,994.7583333333333,987.8,1003.8,3,wiosna,72,0.9455963874271426,0.3253420847119801,16.0,-7.087499999999977,3.245833333333394,4.6708333333333485,996.0388888888891,993.5244047619047,7.087499999999977,-1.0,spadek_cisnienia,180.0,1.2246467991473532e-16,-1.0,2.01,1.33,3.04,0.9708333333333333,2.1599999999999997,5.499999999999989,8.819999999999999,-0.023750000000000004,0.06
2023-03-14,1.27,10.304166666666667,3.1,14.1,76.10833333333333,986.8125,985.1,992.7,3,wiosna,73,0.9510565162951535,0.30901699437494745,7.600000000000023,-7.945833333333326,-15.033333333333303,-4.699999999999932,994.4722222222225,993.1654761904762,7.945833333333326,-1.0,spadek_cisnienia,180.0,1.2246467991473532e-16,-1.0,2.1599999999999997,2.01,1.33,4.908333333333333,1.27,5.439999999999989,9.809999999999999,-0.018333333333333333,0.28
2023-03-15,0.0,3.5708333333333333,-0.7,7.0,63.69583333333333,1005.1083333333332,994.4,1012.4,3,wiosna,74,0.9562348265919056,0.29260033563334836,18.0,18.295833333333235,10.349999999999909,3.262499999999932,995.5597222222226,995.2267857142857,18.295833333333235,1.0,wzrost_cisnienia,0.0,0.0,1.0,1.27,2.1599999999999997,2.01,10.304166666666667,0.0,3.429999999999989,9.809999999999999,0.13958333333333334,0.25
2023-03-16,0.44,1.6583333333333332,-1.5,5.1,77.64166666666667,1016.3166666666666,1012.7,1020.5,3,wiosna,75,0.9611297838723007,0.27609697309746883,7.7999999999999545,11.208333333333371,29.504166666666606,21.55833333333328,1002.7458333333337,998.0630952380951,11.208333333333371,1.0,wzrost_cisnienia,0.0,0.0,1.0,0.0,1.27,2.1599999999999997,3.5708333333333333,0.44,1.7099999999999893,10.249999999999998,0.15,0.22
2023-03-17,0.01,3.725,-1.5,8.4,67.79583333333333,1016.9333333333334,1013.4,1020.2,3,wiosna,76,0.9657399376548549,0.2595117970697999,6.800000000000068,0.6166666666667879,11.82500000000016,30.120833333333394,1012.7861111111115,1001.8982142857143,0.6166666666667879,1.0,wzrost_cisnienia,0.0,0.0,1.0,0.44,0.0,1.27,1.6583333333333332,0.01,0.44999999999998935,7.219999999999998,0.03833333333333334,0.11
2023-03-18,0.0,7.058333333333334,2.8,10.9,51.45416666666667,1011.3708333333334,1010.1,1013.2,3,wiosna,77,0.970063921851507,0.2428497220959356,3.1000000000000227,-5.5625,-4.945833333333212,6.262500000000159,1014.8736111111115,1004.7351190476192,5.5625,-1.0,spadek_cisnienia,180.0,1.2246467991473532e-16,-1.0,0.01,0.44,0.0,3.725,0.0,0.44999999999998935,5.889999999999998,-0.05416666666666667,0.05
2023-03-19,0.34,9.166666666666666,2.7,17.1,61.574999999999996,1011.4375,1010.8,1012.1,3,wiosna,78,0.9741004551724205,0.22611568550828828,1.3000000000000682,0.06666666666660603,-5.495833333333394,-4.879166666666606,1013.2472222222226,1006.1053571428571,0.06666666666660603,1.0,wzrost_cisnienia,0.0,0.0,1.0,0.0,0.01,0.44,7.058333333333334,0.34,0.3499999999999894,4.219999999999998,0.08166666666666667,0.16
2023-03-20,1.13,9.004166666666666,7.2,13.6,79.71666666666667,1009.5666666666666,1009.0,1011.0,3,wiosna,79,0.9778483415056568,0.20931464596304847,2.0,-1.870833333333394,-1.804166666666788,-7.366666666666788,1010.791666666667,1008.2208333333334,1.870833333333394,-1.0,spadek_cisnienia,180.0,1.2246467991473532e-16,-1.0,0.34,0.0,0.01,9.166666666666666,1.13,1.4699999999999893,3.189999999999998,0.06041666666666667,0.11
2023-03-21,0.0,7.004166666666666,5.6,9.1,70.18333333333334,1010.6541666666667,1009.2,1012.1,3,wiosna,80,0.9813064702716093,0.19245158197082998,2.8999999999999773,1.087500000000091,-0.783333333333303,-0.716666666666697,1010.552777777778,1011.6267857142857,1.087500000000091,1.0,wzrost_cisnienia,0.0,0.0,1.0,1.13,0.34,0.0,9.004166666666666,0.0,1.4699999999999893,1.9199999999999982,0.075,0.16
2023-03-22,0.8800000000000001,10.395833333333334,5.8,13.4,73.13333333333334,1004.9125,1002.2,1009.0,3,wiosna,81,0.9844738167520922,0.1755314904214282,6.7999999999999545,-5.741666666666674,-4.654166666666583,-6.524999999999977,1008.3777777777781,1011.5988095238097,5.741666666666674,-1.0,spadek_cisnienia,180.0,1.2246467991473532e-16,-1.0,0.0,1.13,0.34,7.004166666666666,0.8800000000000001,2.009999999999989,2.799999999999998,-0.02625,0.01
2023-03-23,5.91,11.070833333333333,7.8,13.6,74.0125,999.8958333333334,998.5,1001.9,3,wiosna,82,0.9873494423939864,0.15855938510313478,3.3999999999999773,-5.0166666666666515,-10.758333333333326,-9.670833333333235,1005.154166666667,1009.2529761904761,5.0166666666666515,-1.0,spadek_cisnienia,180.0,1.2246467991473532e-16,-1.0,0.8800000000000001,0.0,1.13,10.395833333333334,5.91,6.789999999999989,8.269999999999998,0.006666666666666668,0.1
2023-03-24,1.1900000000000002,9.858333333333333,6.4,14.7,81.99583333333334,997.4708333333333,994.1,1001.6,3,wiosna,83,0.989932495087353,0.141540295217043,7.5,-2.425000000000068,-7.44166666666672,-13.183333333333394,1000.7597222222225,1006.4726190476189,2.425000000000068,-1.0,spadek_cisnienia,180.0,1.2246467991473532e-16,-1.0,5.91,0.8800000000000001,0.0,11.070833333333333,1.1900000000000002,7.97999999999999,9.449999999999998,0.03916666666666667,0.21
2023-03-25,2.26,8.674999999999999,6.2,12.5,75.625,996.2791666666667,995.4,997.5,3,wiosna,84,0.9922222094179323,0.12447926388678915,2.1000000000000227,-1.191666666666606,-3.6166666666666742,-8.633333333333326,997.8819444444448,1004.3166666666667,1.191666666666606,-1.0,spadek_cisnienia,180.0,1.2246467991473532e-16,-1.0,1.1900000000000002,5.91,0.8800000000000001,9.858333333333333,2.26,9.359999999999989,11.709999999999997,0.0525,0.14
2023-03-26,1.73,6.972727272727273,4.3,9.2,72.71363636363637,995.1363636363636,993.7,997.1,3,wiosna,85,0.994217906893952,0.10738134666416309,3.3999999999999773,-1.142803030303071,-2.334469696969677,-4.759469696969745,996.2954545454548,1001.9879329004331,1.142803030303071,-1.0,spadek_cisnienia,180.0,1.2246467991473532e-16,-1.0,2.26,1.1900000000000002,5.91,8.674999999999999,1.73,5.179999999999989,13.099999999999998,0.18409090909090908,0.23
2023-03-27,0.5800000000000001,1.7958333333333334,-1.2,4.3,63.458333333333336,1002.3166666666666,996.6,1007.8,3,wiosna,86,0.995918996147179,0.09025161003104117,11.199999999999932,7.18030303030298,6.037499999999909,4.845833333333303,997.9107323232325,1000.9522186147186,7.18030303030298,1.0,wzrost_cisnienia,0.0,0.0,1.0,1.73,2.26,1.1900000000000002,6.972727272727273,0.5800000000000001,4.56999999999999,12.549999999999997,0.26416666666666666,0.34
2023-03-28,1.35,-0.05416666666666665,-1.5,1.7,62.475,1011.125,1005.7,1015.8,3,wiosna,87,0.9973249731081555,0.07309512989807777,10.099999999999909,8.808333333333394,15.988636363636374,14.845833333333303,1002.8593434343437,1001.0194805194806,8.808333333333394,1.0,wzrost_cisnienia,0.0,0.0,1.0,0.5800000000000001,1.73,2.26,1.7958333333333334,1.35,3.6599999999999895,13.899999999999999,0.30791666666666667,0.39
2023-03-29,0.0,4.308333333333334,-1.2,8.5,49.166666666666664,1013.4083333333333,1009.2,1015.9,3,wiosna,88,0.9984354211555643,0.055916990100603484,6.699999999999932,2.283333333333303,11.091666666666697,18.271969696969677,1008.9500000000003,1002.2331709956709,2.283333333333303,1.0,wzrost_cisnienia,0.0,0.0,1.0,1.35,0.5800000000000001,1.73,-0.05416666666666665,0.0,1.9299999999999895,13.02,0.15208333333333332,0.24
2023-03-30,0.43999999999999995,8.549999999999999,5.9,12.0,67.96666666666667,1003.5958333333333,997.4,1008.8,3,wiosna,89,0.9992500112396835,0.03872228089217446,11.399999999999977,-9.8125,-7.529166666666697,1.279166666666697,1009.3763888888892,1002.7617424242425,9.8125,-1.0,spadek_cisnienia,180.0,1.2246467991473532e-16,-1.0,0.0,1.35,0.5800000000000001,4.308333333333334,0.43999999999999995,1.7899999999999894,7.549999999999997,0.12875,0.18
2023-03-31,3.95,9.679166666666667,5.5,13.5,79.78750000000001,995.4625,993.9,997.4,3,wiosna,90,0.9997685019798909,0.021516097436222254,3.5,-8.133333333333326,-17.945833333333326,-15.662500000000023,1004.1555555555559,1002.4748376623377,8.133333333333326,-1.0,spadek_cisnienia,180.0,1.2246467991473532e-16,-1.0,0.43999999999999995,0.0,1.35,8.549999999999999,3.95,4.38999999999999,10.309999999999997,0.15041666666666667,0.19
2023-04-01,1.7,3.595833333333333,2.7,4.8,91.35416666666667,998.5958333333333,993.8,1006.2,4,wiosna,91,0.9999907397361901,0.004303538296244289,12.400000000000091,3.1333333333333258,-5.0,-14.8125,999.2180555555559,1002.8057900432899,3.1333333333333258,1.0,wzrost_cisnienia,0.0,0.0,1.0,3.95,0.43999999999999995,0.0,9.679166666666667,1.7,6.089999999999989,9.749999999999998,0.23583333333333334,0.31
2023-04-02,0.0,3.7541666666666664,2.5,5.5,64.1125,1015.35,1006.8,1023.6,4,wiosna,92,0.9999166586547379,-0.01291029607500882,16.800000000000068,16.75416666666672,19.887500000000045,11.75416666666672,1003.1361111111114,1005.6934523809523,16.75416666666672,1.0,wzrost_cisnienia,0.0,0.0,1.0,1.7,3.95,0.43999999999999995,3.595833333333333,0.0,5.64999999999999,8.019999999999998,0.2966666666666667,0.37
2023-04-03,0.0,2.970833333333333,1.8,4.7,50.62916666666666,1025.6791666666666,1024.0,1026.9,4,wiosna,93,0.9995462806873573,-0.030120304846908114,2.900000000000091,10.329166666666538,27.083333333333258,30.216666666666583,1013.2083333333336,1009.0309523809523,10.329166666666538,1.0,wzrost_cisnienia,0.0,0.0,1.0,0.0,1.7,3.95,3.7541666666666664,0.0,1.6999999999999893,7.439999999999997,0.17625000000000002,0.3
2023-04-04,0.0,2.2958333333333334,1.4,4.2,48.824999999999996,1021.8125,1019.7,1024.9,4,wiosna,94,0.9988797155850336,-0.04732138832243185,5.2000000000000455,-3.8666666666665606,6.462499999999977,23.216666666666697,1020.9472222222225,1010.557738095238,3.8666666666665606,-1.0,spadek_cisnienia,180.0,1.2246467991473532e-16,-1.0,0.0,0.0,1.7,2.970833333333333,0.0,0.0,6.089999999999997,0.0525,0.15
2023-04-05,0.0,1.8041666666666665,-0.5,3.7,59.04583333333333,1018.6458333333334,1017.9,1019.9,4,wiosna,95,0.9979171608653922,-0.06450844944931623,2.0,-3.1666666666666288,-7.033333333333189,3.2958333333333485,1022.0458333333337,1011.3059523809524,3.1666666666666288,-1.0,spadek_cisnienia,180.0,1.2246467991473532e-16,-1.0,0.0,0.0,0.0,2.2958333333333334,0.0,0.0,6.089999999999997,0.005416666666666667,0.05
2023-04-06,0.0,2.1041666666666665,-2.1,4.6,71.89999999999999,1019.5416666666666,1017.7,1020.4,4,wiosna,96,0.9966589017541702,-0.08167639533042241,2.699999999999932,0.8958333333332575,-2.2708333333333712,-6.137499999999932,1020.0000000000003,1013.5839285714285,0.8958333333332575,1.0,wzrost_cisnienia,0.0,0.0,1.0,0.0,0.0,0.0,1.8041666666666665,0.0,0.0,5.649999999999997,-0.03291666666666667,0.0
2023-04-07,0.24,5.3999999999999995,3.7,7.6,86.92083333333333,1016.15,1015.5,1017.4,4,wiosna,97,0.9951053111006976,-0.09882013873287143,1.8999999999999773,-3.3916666666666515,-2.495833333333394,-5.662500000000023,1018.1125000000003,1016.5392857142857,3.3916666666666515,-1.0,spadek_cisnienia,180.0,1.2246467991473532e-16,-1.0,0.0,0.0,0.0,2.1041666666666665,0.24,0.23999999999998933,1.9399999999999973,-0.017916666666666668,0.02
2023-04-08,0.39999999999999997,8.183333333333334,5.7,14.0,80.64999999999999,1020.5333333333333,1017.6,1022.4,4,wiosna,98,0.9932568492674143,-0.11593459959550041,4.7999999999999545,4.383333333333326,0.9916666666666742,1.8874999999999318,1018.7416666666669,1019.6732142857144,4.383333333333326,1.0,wzrost_cisnienia,0.0,0.0,1.0,0.24,0.0,0.0,5.3999999999999995,0.39999999999999997,0.6399999999999892,0.6399999999999972,-0.043333333333333335,0.01
2023-04-09,0.0,6.829166666666667,4.1,9.3,74.60833333333333,1022.3375,1021.7,1023.3,4,wiosna,99,0.9911140639934547,-0.1330147065341959,1.599999999999909,1.8041666666666742,6.1875,2.7958333333333485,1019.6736111111113,1020.6714285714286,1.8041666666666742,1.0,wzrost_cisnienia,0.0,0.0,1.0,0.39999999999999997,0.24,0.0,8.183333333333334,0.0,0.6399999999999892,0.6399999999999972,-0.08166666666666667,-0.05
2023-04-10,0.0,6.8999999999999995,1.4,12.3,68.20416666666667,1020.8208333333333,1015.8,1023.0,4,wiosna,100,0.9886775902323405,-0.1500553983446526,7.2000000000000455,-1.5166666666666515,0.28750000000002274,4.6708333333333485,1021.2305555555558,1019.9773809523809,1.5166666666666515,-1.0,spadek_cisnienia,180.0,1.2246467991473532e-16,-1.0,0.0,0.39999999999999997,0.24,6.829166666666667,0.0,0.3999999999999893,0.6399999999999972,-0.1425,-0.08
2023-04-11,3.24,10.133333333333333,4.3,16.5,67.28750000000001,1007.5291666666667,1003.2,1014.9,4,wiosna,101,0.9859481499638304,-0.16705162550211924,11.699999999999932,-13.291666666666629,-14.80833333333328,-13.004166666666606,1016.8958333333336,1017.9369047619048,13.291666666666629,-1.0,spadek_cisnienia,180.0,1.2246467991473532e-16,-1.0,0.0,0.0,0.39999999999999997,6.8999999999999995,3.24,3.2399999999999896,3.8799999999999972,-0.17041666666666666,-0.11
2023-04-12,0.04,8.833333333333334,6.3,11.9,78.35833333333333,1004.4708333333333,1002.5,1005.8,4,wiosna,102,0.9829265519799822,-0.18399835165768005,3.2999999999999545,-3.058333333333394,-16.350000000000023,-17.866666666666674,1010.9402777777781,1015.9119047619048,3.058333333333394,-1.0,spadek_cisnienia,180.0,1.2246467991473532e-16,-1.0,3.24,0.0,0.0,10.133333333333333,0.04,3.2799999999999896,3.9199999999999973,-0.15708333333333332,-0.13
2023-04-13,0.0,10.129166666666666,5.6,15.1,69.35833333333333,1002.6416666666668,1001.2,1005.0,4,wiosna,103,0.9796136916454901,-0.20089055513063506,3.7999999999999545,-1.8291666666665378,-4.887499999999932,-18.17916666666656,1004.8805555555559,1013.4976190476191,1.8291666666665378,-1.0,spadek_cisnienia,180.0,1.2246467991473532e-16,-1.0,0.04,3.24,0.0,8.833333333333334,0.0,3.2799999999999896,3.9199999999999973,-0.12375000000000001,-0.05
2023-04-14,0.7,10.683333333333332,8.4,13.2,79.14166666666667,1006.1833333333334,1005.3,1007.1,4,wiosna,104,0.9760105506323683,-0.21772323039653177,1.8000000000000682,3.5416666666666288,1.712500000000091,-1.345833333333303,1004.4319444444449,1012.0738095238096,3.5416666666666288,1.0,wzrost_cisnienia,0.0,0.0,1.0,0.0,0.04,3.24,10.129166666666666,0.7,0.7399999999999893,4.379999999999997,-0.1025,-0.05
2023-04-15,0.16,10.104166666666666,8.8,12.1,73.7375,1008.975,1007.1,1012.7,4,wiosna,105,0.9721181966290613,-0.23449138957040985,5.600000000000023,2.7916666666666288,6.3333333333332575,4.50416666666672,1005.9333333333337,1010.422619047619,2.7916666666666288,1.0,wzrost_cisnienia,0.0,0.0,1.0,0.7,0.0,0.04,10.683333333333332,0.16,0.8599999999999893,4.139999999999997,-0.11208333333333333,-0.08
2023-04-16,1.54,7.229166666666667,6.0,8.5,81.20833333333333,1016.1458333333334,1013.2,1019.3,4,wiosna,106,0.9679377830240642,-0.25119006388481935,6.099999999999909,7.1708333333333485,9.962499999999977,13.504166666666606,1010.4347222222226,1009.5380952380954,7.1708333333333485,1.0,wzrost_cisnienia,0.0,0.0,1.0,0.16,0.7,0.0,10.104166666666666,1.54,2.3999999999999893,5.679999999999997,-0.13208333333333333,-0.09
2023-04-17,0.47000000000000003,7.1125,5.9,8.6,80.1125,1022.3708333333334,1019.3,1024.7,4,wiosna,107,0.9634705485641488,-0.2678143051621742,5.400000000000091,6.225000000000023,13.395833333333371,16.1875,1015.8305555555559,1009.7595238095239,6.225000000000023,1.0,wzrost_cisnienia,0.0,0.0,1.0,1.54,0.16,0.7,7.229166666666667,0.47000000000000003,2.1699999999999893,6.149999999999997,-0.15666666666666668,-0.12
2023-04-18,0.0,7.895833333333333,5.8,10.1,78.07916666666667,1025.0291666666667,1022.9,1026.0,4,wiosna,108,0.9587178169872964,-0.2843591872810034,3.1000000000000227,2.658333333333303,8.883333333333326,16.054166666666674,1021.1819444444449,1012.2595238095238,2.658333333333303,1.0,wzrost_cisnienia,0.0,0.0,1.0,0.47000000000000003,1.54,0.16,7.1125,0.0,2.009999999999989,2.909999999999997,-0.12041666666666667,0.02
2023-04-19,2.75,7.075,4.8,9.1,70.82916666666667,1019.3874999999999,1018.1,1022.1,4,wiosna,109,0.9536809966304457,-0.30081980763566735,4.0,-5.641666666666765,-2.983333333333462,3.2416666666665606,1022.2625000000003,1014.3904761904762,5.641666666666765,-1.0,spadek_cisnienia,180.0,1.2246467991473532e-16,-1.0,0.0,0.47000000000000003,1.54,7.895833333333333,2.75,3.219999999999989,5.619999999999997,-0.06874999999999999,0.05
2023-04-20,0.0,9.904166666666667,7.0,12.8,61.987500000000004,1020.0041666666666,1018.9,1020.9,4,wiosna,110,0.9483615800121715,-0.3171912885891061,2.0,0.6166666666666742,-5.025000000000091,-2.366666666666788,1021.4736111111114,1016.8708333333333,0.6166666666666742,1.0,wzrost_cisnienia,0.0,0.0,1.0,2.75,0.0,0.47000000000000003,7.075,0.0,2.749999999999989,5.619999999999997,-0.18375,-0.07
2023-04-21,0.0,9.629166666666666,6.6,12.9,52.67083333333333,1018.2208333333333,1014.8,1020.3,4,wiosna,111,0.9427611433904207,-0.3334687789181868,5.5,-1.783333333333303,-1.1666666666666288,-6.808333333333394,1019.2041666666669,1018.5904761904761,1.783333333333303,-1.0,spadek_cisnienia,180.0,1.2246467991473532e-16,-1.0,0.0,2.75,0.0,9.904166666666667,0.0,2.749999999999989,4.919999999999996,-0.2783333333333333,-0.22
2023-04-22,0.0,9.670833333333333,3.8,14.8,57.362500000000004,1011.8125,1008.5,1014.5,4,wiosna,112,0.9368813462954315,-0.3496474552512284,6.0,-6.408333333333303,-8.191666666666606,-7.574999999999932,1016.6791666666669,1018.9958333333334,6.408333333333303,-1.0,spadek_cisnienia,180.0,1.2246467991473532e-16,-1.0,0.0,0.0,2.75,9.629166666666666,0.0,0.0,4.759999999999996,-0.32708333333333334,-0.29
2023-04-23,0.0,14.620833333333332,6.0,22.7,54.61666666666667,1004.5625,1001.3,1008.3,4,wiosna,113,0.9307239310379795,-0.36572252349726897,7.0,-7.25,-13.658333333333303,-15.441666666666606,1011.5319444444448,1017.3410714285714,7.25,-1.0,spadek_cisnienia,180.0,1.2246467991473532e-16,-1.0,0.0,0.0,0.0,9.670833333333333,0.0,0.0,3.219999999999997,-0.28375,-0.18
2023-04-24,3.62,13.470833333333333,9.3,20.1,72.80833333333334,1000.2791666666667,997.6,1002.8,4,wiosna,114,0.9242907221930934,-0.3816892202666588,5.199999999999932,-4.283333333333303,-11.533333333333303,-17.941666666666606,1005.5513888888892,1014.185119047619,4.283333333333303,-1.0,spadek_cisnienia,180.0,1.2246467991473532e-16,-1.0,0.0,0.0,0.0,14.620833333333332,3.62,3.619999999999989,6.369999999999997,-0.2508333333333333,-0.15
2023-04-25,0.65,9.770833333333334,6.5,11.3,70.29166666666667,1000.65,997.7,1003.9,4,wiosna,115,0.9175836260593937,-0.39754281428255595,6.199999999999932,0.3708333333332803,-3.9125000000000227,-11.162500000000023,1001.8305555555559,1010.702380952381,0.3708333333332803,1.0,wzrost_cisnienia,0.0,0.0,1.0,3.62,0.0,0.0,13.470833333333333,0.65,4.269999999999989,7.019999999999997,-0.20583333333333334,-0.06
2023-04-26,0.18,6.8999999999999995,5.0,9.3,56.46666666666667,1006.0541666666667,1003.5,1009.9,4,wiosna,116,0.9106046300942163,-0.4132786077829042,6.399999999999977,5.404166666666697,5.774999999999977,1.4916666666666742,1002.3277777777781,1008.7976190476192,5.404166666666697,1.0,wzrost_cisnienia,0.0,0.0,1.0,0.65,3.62,0.0,9.770833333333334,0.18,4.449999999999989,4.449999999999997,-0.19833333333333333,-0.16
2023-04-27,0.0,6.879166666666666,3.9,10.0,54.166666666666664,1012.7791666666667,1010.2,1015.3,4,wiosna,117,0.9033558023246845,-0.4288919379124835,5.099999999999909,6.725000000000023,12.12916666666672,12.5,1006.4944444444449,1007.7654761904762,6.725000000000023,1.0,wzrost_cisnienia,0.0,0.0,1.0,0.18,0.65,3.62,6.8999999999999995,0.0,0.829999999999989,4.449999999999997,-0.17833333333333334,-0.11
2023-04-28,0.0,8.025,3.9,12.1,53.458333333333336,1014.7041666666668,1012.5,1016.0,4,wiosna,118,0.895839290734909,-0.4443781781046132,3.5,1.9250000000000682,8.650000000000091,14.054166666666788,1011.1791666666671,1007.2630952380953,1.9250000000000682,1.0,wzrost_cisnienia,0.0,0.0,1.0,0.0,0.18,0.65,6.879166666666666,0.0,0.1799999999999889,4.449999999999997,-0.15416666666666667,-0.11
2023-04-29,0.0,10.504166666666666,5.0,14.5,55.07916666666667,1009.6333333333333,1008.1,1012.3,4,wiosna,119,0.8880573226294932,-0.45973273945210397,4.199999999999932,-5.070833333333439,-3.1458333333333712,3.5791666666666515,1012.3722222222226,1006.9517857142857,5.070833333333439,-1.0,spadek_cisnienia,180.0,1.2246467991473532e-16,-1.0,0.0,0.0,0.18,8.025,0.0,0.0,4.449999999999997,-0.12125000000000001,-0.05
2023-04-30,0.0,8.745833333333334,5.0,12.3,50.9375,1015.1916666666666,1010.8,1017.8,4,wiosna,120,0.8800122039735357,-0.47495107206704995,7.0,5.55833333333328,0.48749999999984084,2.412499999999909,1013.1763888888892,1008.4702380952382,5.55833333333328,1.0,wzrost_cisnienia,0.0,0.0,1.0,0.0,0.0,0.0,10.504166666666666,0.0,0.0,4.449999999999997,-0.09458333333333334,-0.06
2023-05-01,0.0,10.570833333333335,3.9,16.6,46.925000000000004,1014.8458333333333,1010.2,1017.9,5,wiosna,121,0.8717063187093218,-0.49002866642905923,7.699999999999932,-0.345833333333303,5.212499999999977,0.14166666666653782,1013.2236111111114,1010.5511904761905,0.345833333333303,-1.0,spadek_cisnienia,180.0,1.2246467991473532e-16,-1.0,0.0,0.0,0.0,8.745833333333334,0.0,0.0,0.829999999999997,-0.10958333333333332,-0.05
2023-05-02,0.0,10.320833333333333,4.0,17.4,57.53333333333333,1012.5958333333333,1007.8,1019.6,5,wiosna,122,0.8631421280499114,-0.5049610547215204,11.800000000000068,-2.25,-2.595833333333303,2.9624999999999773,1014.2111111111113,1012.2577380952381,2.25,-1.0,spadek_cisnienia,180.0,1.2246467991473532e-16,-1.0,0.0,0.0,0.0,10.570833333333335,0.0,0.0,0.17999999999999688,-0.05875,0.07
2023-05-03,0.0,8.049999999999999,2.5,12.8,62.35833333333333,1021.8125,1019.7,1023.6,5,wiosna,123,0.854322169749827,-0.5197438121555155,3.8999999999999773,9.216666666666697,6.966666666666697,6.620833333333394,1016.4180555555558,1014.5089285714286,9.216666666666697,1.0,wzrost_cisnienia,0.0,0.0,1.0,0.0,0.0,0.0,10.320833333333333,0.0,0.0,0.0,-0.02416666666666667,0.02
2023-05-04,0.0,8.383333333333333,3.3,14.0,62.48333333333333,1022.1999999999999,1020.9,1023.5,5,wiosna,124,0.8452490573530633,-0.5343725582809787,2.6000000000000227,0.3874999999999318,9.604166666666629,7.354166666666629,1018.8694444444449,1015.854761904762,0.3874999999999318,1.0,wzrost_cisnienia,0.0,0.0,1.0,0.0,0.0,0.0,8.049999999999999,0.0,0.0,0.0,0.013333333333333334,0.05
2023-05-05,0.0,7.1625000000000005,5.9,8.5,58.18333333333334,1023.4541666666668,1022.1,1024.9,5,wiosna,125,0.835925479418637,-0.548842958284719,2.800000000000068,1.2541666666668334,1.6416666666667652,10.858333333333462,1022.4888888888892,1017.104761904762,1.2541666666668334,1.0,wzrost_cisnienia,0.0,0.0,1.0,0.0,0.0,0.0,8.383333333333333,0.0,0.0,0.0,-0.01375,0.05
2023-05-06,0.0,7.529166666666668,4.4,10.1,58.8125,1021.5041666666666,1020.2,1022.8,5,wiosna,126,0.8263541987239096,-0.5631507242749186,2.599999999999909,-1.9500000000001592,-0.6958333333333258,-0.30833333333339397,1022.3861111111114,1018.8005952380952,1.9500000000001592,-1.0,spadek_cisnienia,180.0,1.2246467991473532e-16,-1.0,0.0,0.0,0.0,7.1625000000000005,0.0,0.0,0.0,-0.08625,-0.03
2023-05-07,0.0,9.370833333333334,2.6,14.0,52.65833333333333,1023.6916666666666,1021.0,1026.0,5,wiosna,127,0.8165380514459161,-0.5772916165517272,5.0,2.1875,0.23749999999984084,1.4916666666666742,1022.8833333333337,1020.0148809523808,2.1875,1.0,wzrost_cisnienia,0.0,0.0,1.0,0.0,0.0,0.0,7.529166666666668,0.0,0.0,0.0,-0.15375,-0.09
2023-05-08,0.0,10.725,3.1,16.6,52.0,1026.2666666666667,1025.3,1027.3,5,wiosna,128,0.8064799463209448,-0.5912614448635781,2.0,2.5750000000000455,4.7625000000000455,2.8124999999998863,1023.8208333333336,1021.6464285714285,2.5750000000000455,1.0,wzrost_cisnienia,0.0,0.0,1.0,0.0,0.0,0.0,9.370833333333334,0.0,0.0,0.0,-0.21041666666666667,-0.18
2023-05-09,0.0,12.679166666666667,4.6,18.2,42.137499999999996,1022.0083333333333,1017.8,1025.0,5,wiosna,129,0.7961828637826158,-0.6050560696488488,7.2000000000000455,-4.258333333333326,-1.6833333333332803,0.5041666666667197,1023.988888888889,1022.9910714285714,4.258333333333326,-1.0,spadek_cisnienia,180.0,1.2246467991473532e-16,-1.0,0.0,0.0,0.0,10.725,0.0,0.0,0.0,-0.2604166666666667,-0.21
2023-05-10,0.0,13.504166666666665,5.9,18.9,36.4125,1016.1958333333333,1014.4,1017.7,5,wiosna,130,0.7856498550787145,-0.6186714032625031,3.300000000000068,-5.8125,-10.070833333333326,-7.49583333333328,1021.4902777777779,1022.1886904761905,5.8125,-1.0,spadek_cisnienia,180.0,1.2246467991473532e-16,-1.0,0.0,0.0,0.0,12.679166666666667,0.0,0.0,0.0,-0.27,-0.25
2023-05-11,0.0,13.829166666666666,7.7,19.3,38.6625,1017.7833333333333,1016.8,1019.0,5,wiosna,131,0.7748840413670407,-0.6321034111873487,2.2000000000000455,1.5874999999999773,-4.225000000000023,-8.483333333333348,1018.6625000000004,1021.557738095238,1.5874999999999773,1.0,wzrost_cisnienia,0.0,0.0,1.0,0.0,0.0,0.0,13.504166666666665,0.0,0.0,0.0,-0.24541666666666664,-0.23
2023-05-12,0.0,14.0,6.5,21.0,44.9375,1020.7666666666668,1019.4,1021.6,5,wiosna,132,0.7638886127905428,-0.6453481132295501,2.2000000000000455,2.983333333333462,4.570833333333439,-1.2416666666665606,1018.2486111111115,1021.1738095238096,2.983333333333462,1.0,wzrost_cisnienia,0.0,0.0,1.0,0.0,0.0,0.0,13.829166666666666,0.0,0.0,0.0,-0.22166666666666668,-0.18
2023-05-13,0.0,15.041666666666666,7.9,19.8,52.4375,1021.5833333333334,1020.4,1022.5,5,wiosna,133,0.7526668275320084,-0.6584015846980488,2.1000000000000227,0.816666666666606,3.800000000000068,5.3875000000000455,1020.0444444444447,1021.1851190476191,0.816666666666606,1.0,wzrost_cisnienia,0.0,0.0,1.0,0.0,0.0,0.0,14.0,0.0,0.0,0.0,-0.20291666666666666,-0.15
2023-05-14,0.0,16.433333333333334,10.2,22.2,51.87083333333334,1017.025,1012.5,1020.4,5,wiosna,134,0.741222010848596,-0.6712599575675313,7.899999999999977,-4.558333333333394,-3.741666666666788,-0.7583333333333258,1019.791666666667,1020.2327380952381,4.558333333333394,-1.0,spadek_cisnienia,180.0,1.2246467991473532e-16,-1.0,0.0,0.0,0.0,15.041666666666666,0.0,0.0,0.0,-0.19541666666666668,-0.15
2023-05-15,14.84,13.5375,11.4,17.3,74.78750000000001,1005.7583333333333,999.2,1012.1,5,wiosna,135,0.7295575540864875,-0.6839194216246106,12.899999999999977,-11.266666666666652,-15.825000000000045,-15.00833333333344,1014.7888888888892,1017.3029761904761,11.266666666666652,-1.0,spadek_cisnienia,180.0,1.2246467991473532e-16,-1.0,0.0,0.0,0.0,16.433333333333334,14.84,14.83999999999999,14.839999999999996,-0.1575,-0.1
2023-05-16,1.25,12.3125,9.2,15.3,79.875,1004.6208333333334,998.5,1011.1,5,wiosna,136,0.717676913675962,-0.6963762255968722,12.600000000000023,-1.1374999999999318,-12.404166666666583,-16.962499999999977,1009.1347222222225,1014.8190476190476,1.1374999999999318,-1.0,spadek_cisnienia,180.0,1.2246467991473532e-16,-1.0,14.84,0.0,0.0,13.5375,1.25,16.08999999999999,16.089999999999996,-0.14666666666666667,-0.08
2023-05-17,0.0,10.483333333333333,8.1,13.4,60.333333333333336,1014.8833333333333,1011.1,1019.9,5,wiosna,137,0.705583610107178,-0.7086266782644596,8.799999999999955,10.262499999999932,9.125,-2.1416666666666515,1008.4208333333336,1014.6315476190476,10.262499999999932,1.0,wzrost_cisnienia,0.0,0.0,1.0,1.25,14.84,0.0,12.3125,0.0,16.08999999999999,16.089999999999996,-0.21208333333333332,-0.11
2023-05-18,0.0,10.8375,6.0,14.8,56.60833333333333,1024.0083333333334,1020.1,1026.3,5,wiosna,138,0.6932812268869777,-0.7206671495538609,6.199999999999932,9.125000000000114,19.387500000000045,18.250000000000114,1014.5041666666671,1015.5208333333334,9.125000000000114,1.0,wzrost_cisnienia,0.0,0.0,1.0,0.0,1.25,14.84,10.483333333333333,0.0,1.2499999999999893,16.089999999999996,-0.11958333333333333,-0.08
2023-05-19,1.25,9.958333333333334,5.8,12.3,77.41666666666667,1026.1958333333334,1025.9,1026.7,5,wiosna,139,0.6807734094770161,-0.7324940716135789,0.7999999999999545,2.1875,11.312500000000114,21.575000000000045,1021.6958333333338,1016.2964285714286,2.1875,1.0,wzrost_cisnienia,0.0,0.0,1.0,0.0,0.0,1.25,10.8375,1.25,1.2499999999999893,17.339999999999996,-0.11,-0.08
2023-05-20,0.06,12.870833333333332,9.9,15.9,69.47083333333333,1024.3166666666666,1021.6,1026.2,5,wiosna,140,0.6680638642135335,-0.7441039398713607,4.600000000000023,-1.8791666666668334,0.3083333333331666,9.43333333333328,1024.8402777777783,1016.6869047619048,1.8791666666668334,-1.0,spadek_cisnienia,180.0,1.2246467991473532e-16,-1.0,1.25,0.0,0.0,9.958333333333334,0.06,1.3099999999999894,17.399999999999995,-0.10166666666666667,-0.04
2023-05-21,0.0,16.691666666666666,9.8,21.7,58.395833333333336,1020.3708333333334,1018.9,1021.6,5,wiosna,141,0.6551563572090853,-0.7554933140726803,2.7000000000000455,-3.945833333333212,-5.8250000000000455,-3.6375000000000455,1023.6277777777781,1017.164880952381,3.945833333333212,-1.0,spadek_cisnienia,180.0,1.2246467991473532e-16,-1.0,0.06,1.25,0.0,12.870833333333332,0.0,1.3099999999999894,17.399999999999995,-0.13083333333333333,-0.1
2023-05-22,0.0,16.475,10.4,21.6,55.31666666666666,1016.2333333333332,1013.1,1018.7,5,wiosna,142,0.6420547132365637,-0.766658819300159,5.600000000000023,-4.137500000000159,-8.083333333333371,-9.962500000000205,1020.3069444444446,1018.6613095238097,4.137500000000159,-1.0,spadek_cisnienia,180.0,1.2246467991473532e-16,-1.0,0.0,0.06,1.25,16.691666666666666,0.0,0.05999999999998934,2.5599999999999965,-0.1425,-0.1
2023-05-23,0.0,17.870833333333334,9.9,23.3,53.300000000000004,1010.025,1008.6,1012.7,5,wiosna,143,0.6287628145958344,-0.777597146973627,4.100000000000023,-6.2083333333332575,-10.345833333333417,-14.291666666666629,1015.5430555555558,1019.4333333333333,6.2083333333332575,-1.0,spadek_cisnienia,180.0,1.2246467991473532e-16,-1.0,0.0,0.0,0.06,16.475,0.0,0.0,1.3099999999999965,-0.13999999999999999,-0.11
2023-05-24,0.08,17.916666666666668,15.5,20.6,60.8375,1012.1583333333333,1009.3,1015.2,5,wiosna,144,0.6152845999633276,-0.7883050558305255,5.900000000000091,2.1333333333333258,-4.074999999999932,-8.212500000000091,1012.8055555555558,1019.0440476190477,2.1333333333333258,1.0,wzrost_cisnienia,0.0,0.0,1.0,0.0,0.0,0.0,17.870833333333334,0.08,0.07999999999998934,1.3899999999999963,-0.10958333333333332,-0.07
2023-05-25,0.0,17.220833333333335,13.1,21.7,57.23333333333333,1016.7583333333333,1015.2,1018.0,5,wiosna,145,0.6016240632249226,-0.7987793728863649,2.7999999999999545,4.600000000000023,6.7333333333333485,0.525000000000091,1012.9805555555558,1018.0083333333333,4.600000000000023,1.0,wzrost_cisnienia,0.0,0.0,1.0,0.08,0.0,0.0,17.916666666666668,0.0,0.07999999999998934,1.3899999999999963,-0.1075,-0.04
2023-05-26,0.0,13.804166666666667,10.3,17.9,51.395833333333336,1019.2624999999999,1017.1,1022.3,5,wiosna,146,0.5877852522924732,-0.8090169943749473,5.199999999999932,2.504166666666606,7.104166666666629,9.237499999999955,1016.0597222222226,1017.0178571428571,2.504166666666606,1.0,wzrost_cisnienia,0.0,0.0,1.0,0.0,0.08,0.0,17.220833333333335,0.0,0.07999999999998934,0.13999999999999646,-0.05125,0.0
2023-05-27,0.0,13.591666666666667,7.1,18.1,48.4,1023.2458333333334,1021.1,1024.9,5,wiosna,147,0.5737722679043246,-0.8190148866680801,3.800000000000068,3.983333333333462,6.487500000000068,11.087500000000091,1019.7555555555558,1016.864880952381,3.983333333333462,1.0,wzrost_cisnienia,0.0,0.0,1.0,0.0,0.0,0.08,13.804166666666667,0.0,0.0,0.07999999999999645,-0.057499999999999996,-0.02
2023-05-28,0.0,15.408333333333333,9.0,22.0,45.949999999999996,1017.7583333333333,1015.7,1021.0,5,wiosna,148,0.5595892624101765,-0.8287700871745037,5.2999999999999545,-5.487500000000068,-1.504166666666606,1.0,1020.0888888888893,1016.4916666666667,5.487500000000068,-1.0,spadek_cisnienia,180.0,1.2246467991473532e-16,-1.0,0.0,0.0,0.0,13.591666666666667,0.0,0.0,0.07999999999999645,-0.13833333333333334,-0.07
2023-05-29,0.0,14.466666666666667,10.3,18.0,53.666666666666664,1016.2833333333333,1015.6,1017.1,5,wiosna,149,0.545240438540651,-0.8382797052177743,1.5,-1.4750000000000227,-6.962500000000091,-2.9791666666666288,1019.0958333333336,1016.4988095238095,1.4750000000000227,-1.0,spadek_cisnienia,180.0,1.2246467991473532e-16,-1.0,0.0,0.0,0.0,15.408333333333333,0.0,0.0,0.07999999999999645,-0.012916666666666667,0.06
2023-05-30,0.0,13.854166666666666,7.8,19.8,59.7125,1019.3208333333333,1016.8,1021.9,5,wiosna,150,0.5307300481619334,-0.8475409228928311,5.100000000000023,3.0375000000000227,1.5625,-3.925000000000068,1017.7875000000004,1017.8267857142857,3.0375000000000227,1.0,wzrost_cisnienia,0.0,0.0,1.0,0.0,0.0,0.0,14.466666666666667,0.0,0.0,0.07999999999999645,0.006250000000000001,0.09
2023-05-31,0.0,17.254166666666666,7.7,24.6,46.550000000000004,1017.6875,1012.0,1021.9,5,wiosna,151,0.5160623910158528,-0.8565509959010036,9.899999999999977,-1.6333333333333258,1.404166666666697,-0.07083333333332575,1017.7638888888893,1018.6166666666667,1.6333333333333258,-1.0,spadek_cisnienia,180.0,1.2246467991473532e-16,-1.0,0.0,0.0,0.0,13.854166666666666,0.0,0.0,0.0,-0.07625,0.0
2023-06-01,0.0,15.450000000000001,10.9,20.7,61.31666666666666,1009.8541666666666,1009.0,1011.8,6,lato,152,0.5012418134457758,-0.865307254363206,2.7999999999999545,-7.833333333333371,-9.466666666666697,-6.429166666666674,1015.6208333333337,1017.6303571428571,7.833333333333371,-1.0,spadek_cisnienia,180.0,1.2246467991473532e-16,-1.0,0.0,0.0,0.0,17.254166666666666,0.0,0.0,0.0,0.052083333333333336,0.14
2023-06-02,0.33,11.1,7.9,13.4,54.98333333333333,1015.8000000000001,1011.1,1020.1,6,lato,153,0.48627270710869,-0.8738071036110808,9.0,5.945833333333439,-1.8874999999999318,-3.5208333333332575,1014.4472222222225,1017.1357142857142,5.945833333333439,1.0,wzrost_cisnienia,0.0,0.0,1.0,0.0,0.0,0.0,15.450000000000001,0.33,0.32999999999998936,0.32999999999999646,0.10583333333333333,0.16
2023-06-03,0.0,11.745833333333332,5.4,16.2,50.49166666666667,1020.7875,1019.4,1022.2,6,lato,154,0.4711595076738638,-0.8820480249558537,2.800000000000068,4.9874999999999545,10.933333333333394,3.1000000000000227,1015.4805555555558,1016.7845238095239,4.9874999999999545,1.0,wzrost_cisnienia,0.0,0.0,1.0,0.33,0.0,0.0,11.1,0.0,0.32999999999998936,0.32999999999999646,-0.048749999999999995,0.04
2023-06-04,0.0,13.866666666666667,7.1,19.0,47.862500000000004,1019.0,1018.4,1019.6,6,lato,155,0.4559066935084588,-0.8900275764346767,1.2000000000000455,-1.7875000000000227,3.199999999999932,9.145833333333371,1018.529166666667,1016.9619047619047,1.7875000000000227,-1.0,spadek_cisnienia,180.0,1.2246467991473532e-16,-1.0,0.0,0.33,0.0,11.745833333333332,0.0,0.32999999999998936,0.32999999999999646,-0.07375,-0.02
2023-06-05,0.0,15.204166666666666,7.7,20.8,54.63333333333333,1019.2041666666668,1017.9,1020.3,6,lato,156,0.440518784350495,-0.8977433935342337,2.3999999999999773,0.2041666666667652,-1.5833333333332575,3.404166666666697,1019.6638888888892,1017.3791666666666,0.2041666666667652,1.0,wzrost_cisnienia,0.0,0.0,1.0,0.0,0.0,0.33,13.866666666666667,0.0,0.0,0.32999999999999646,-0.08833333333333333,-0.06
2023-06-06,0.0,18.325,10.1,25.5,52.074999999999996,1016.5333333333333,1015.3,1017.9,6,lato,157,0.42500033996955416,-0.9051931898913974,2.6000000000000227,-2.670833333333462,-2.466666666666697,-4.25416666666672,1018.2458333333337,1016.9809523809524,2.670833333333462,-1.0,spadek_cisnienia,180.0,1.2246467991473532e-16,-1.0,0.0,0.0,0.0,15.204166666666666,0.0,0.0,0.32999999999999646,-0.06999999999999999,-0.03
2023-06-07,0.0,19.266666666666666,12.0,25.1,51.737500000000004,1015.4583333333334,1014.7,1016.4,6,lato,158,0.4093559588156213,-0.9123747579707273,1.6999999999999318,-1.0749999999999318,-3.745833333333394,-3.5416666666666288,1017.0652777777782,1016.6625,1.0749999999999318,-1.0,spadek_cisnienia,180.0,1.2246467991473532e-16,-1.0,0.0,0.0,0.0,18.325,0.0,0.0,0.32999999999999646,-0.0325,0.01
2023-06-08,0.0,20.229166666666668,13.2,27.0,57.6,1013.4499999999999,1012.3,1014.8,6,lato,159,0.39359027665646673,-0.9192859697186104,2.5,-2.0083333333334394,-3.0833333333333712,-5.754166666666833,1015.1472222222225,1017.1761904761905,2.0083333333334394,-1.0,spadek_cisnienia,180.0,1.2246467991473532e-16,-1.0,0.0,0.0,0.0,19.266666666666666,0.0,0.0,0.32999999999999646,-0.04,-0.01
2023-06-09,9.68,18.662499999999998,16.9,20.9,65.89166666666667,1013.6374999999999,1012.1,1015.4,6,lato,160,0.3777079652039649,-0.9259247771938498,3.2999999999999545,0.1875,-1.8208333333334394,-2.8958333333333712,1014.1819444444446,1016.8672619047619,0.1875,1.0,wzrost_cisnienia,0.0,0.0,1.0,0.0,0.0,0.0,20.229166666666668,9.68,9.679999999999989,9.679999999999996,0.034583333333333334,0.08
2023-06-10,0.0,17.625,15.7,19.9,53.666666666666664,1018.4,1015.6,1020.1,6,lato,161,0.36171373072976765,-0.9322892131745133,4.5,4.7625000000000455,4.9500000000000455,2.941666666666606,1015.1625000000003,1016.5261904761904,4.7625000000000455,1.0,wzrost_cisnienia,0.0,0.0,1.0,9.68,0.0,0.0,18.662499999999998,0.0,9.679999999999989,9.679999999999996,-0.015,0.02
2023-06-11,0.0,17.275000000000002,13.8,21.0,46.8125,1020.8708333333334,1020.1,1021.7,6,lato,162,0.3456123126707335,-0.9383773917408641,1.6000000000000227,2.4708333333334167,7.233333333333462,7.420833333333462,1017.6361111111114,1016.7934523809524,2.4708333333334167,1.0,wzrost_cisnienia,0.0,0.0,1.0,0.0,9.68,0.0,17.625,0.0,9.679999999999989,9.679999999999996,-0.09583333333333333,-0.03
2023-06-12,0.0,17.075,10.4,21.6,51.708333333333336,1019.5416666666666,1017.3,1020.9,6,lato,163,0.3294084822245304,-0.9441875088341993,3.6000000000000227,-1.3291666666667652,1.1416666666666515,5.904166666666697,1019.604166666667,1016.8416666666666,1.3291666666667652,-1.0,spadek_cisnienia,180.0,1.2246467991473532e-16,-1.0,0.0,0.0,9.68,17.275000000000002,0.0,0.0,9.679999999999996,-0.15083333333333335,-0.12
2023-06-13,0.0,15.979166666666666,12.6,18.1,55.54583333333333,1016.4791666666666,1015.5,1017.3,6,lato,164,0.3131070409358269,-0.9497178427914316,1.7999999999999545,-3.0625,-4.391666666666765,-1.9208333333333485,1018.9638888888891,1016.8339285714285,3.0625,-1.0,spadek_cisnienia,180.0,1.2246467991473532e-16,-1.0,0.0,0.0,0.0,17.075,0.0,0.0,9.679999999999996,-0.18333333333333335,-0.11
2023-06-14,0.0,18.058333333333334,15.0,22.2,58.59583333333333,1015.0583333333334,1014.5,1015.5,6,lato,165,0.29671281927349075,-0.9549667548552551,1.0,-1.4208333333332348,-4.483333333333235,-5.8125,1017.0263888888891,1016.7767857142857,1.4208333333332348,-1.0,spadek_cisnienia,180.0,1.2246467991473532e-16,-1.0,0.0,0.0,0.0,15.979166666666666,0.0,0.0,9.679999999999996,-0.15083333333333335,-0.13
2023-06-15,3.42,16.470833333333335,14.4,19.3,75.0125,1013.15,1011.6,1014.5,6,lato,166,0.28023067519921585,-0.9599326896597447,2.8999999999999773,-1.9083333333334167,-3.3291666666666515,-6.3916666666666515,1014.8958333333336,1016.7339285714286,1.9083333333334167,-1.0,spadek_cisnienia,180.0,1.2246467991473532e-16,-1.0,0.0,0.0,0.0,18.058333333333334,3.42,3.4199999999999893,13.099999999999996,-0.13958333333333334,-0.09
2023-06-16,0.0,17.575,12.9,22.6,70.94583333333334,1010.5333333333333,1009.6,1011.4,6,lato,167,0.26366549272800704,-0.9646141756912435,1.7999999999999545,-2.6166666666666742,-4.525000000000091,-5.945833333333326,1012.9138888888892,1016.2904761904763,2.6166666666666742,-1.0,spadek_cisnienia,180.0,1.2246467991473532e-16,-1.0,3.42,0.0,0.0,16.470833333333335,0.0,3.4199999999999893,3.4199999999999964,-0.14875,-0.11
2023-06-17,0.0,17.566666666666666,14.6,20.9,72.60000000000001,1008.4708333333333,1007.8,1009.7,6,lato,168,0.24702218048093552,-0.9690098257244062,1.900000000000091,-2.0625,-4.679166666666674,-6.587500000000091,1010.7180555555559,1014.8720238095237,2.0625,-1.0,spadek_cisnienia,180.0,1.2246467991473532e-16,-1.0,0.0,3.42,0.0,17.575,0.0,3.4199999999999893,3.4199999999999964,-0.11791666666666667,-0.09
2023-06-18,0.0,18.008333333333333,13.5,22.4,68.90833333333333,1009.9833333333332,1008.6,1011.2,6,lato,169,0.23030567023061221,-0.9731183372332619,2.6000000000000227,1.5124999999999318,-0.5500000000000682,-3.1666666666667425,1009.6625000000003,1013.3166666666666,1.5124999999999318,1.0,wzrost_cisnienia,0.0,0.0,1.0,0.0,0.0,3.42,17.566666666666666,0.0,0.0,3.4199999999999964,-0.1025,-0.07
2023-06-19,0.0,19.8,13.7,24.1,66.82916666666667,1011.2416666666667,1010.6,1012.0,6,lato,170,0.21352091543979612,-0.9769384927771817,1.3999999999999773,1.2583333333334394,2.7708333333333712,0.7083333333333712,1009.8986111111113,1012.1309523809524,1.2583333333334394,1.0,wzrost_cisnienia,0.0,0.0,1.0,0.0,0.0,0.0,18.008333333333333,0.0,0.0,3.4199999999999964,-0.11208333333333333,-0.08
2023-06-20,0.07,20.883333333333333,17.7,24.7,68.37916666666666,1012.5416666666666,1011.9,1013.5,6,lato,171,0.19667288979357647,-0.980469160361632,1.6000000000000227,1.2999999999999545,2.558333333333394,4.070833333333326,1011.2555555555558,1011.5684523809523,1.2999999999999545,1.0,wzrost_cisnienia,0.0,0.0,1.0,0.0,0.0,0.0,19.8,0.07,0.06999999999998935,3.489999999999996,-0.135,-0.08
2023-06-21,0.0,23.474999999999998,18.2,28.7,62.12916666666666,1011.025,1010.2,1012.1,6,lato,172,0.1797665857255624,-0.9837092937736097,1.8999999999999773,-1.5166666666666515,-0.21666666666669698,1.0416666666667425,1011.6027777777781,1010.9922619047619,1.5166666666666515,-1.0,spadek_cisnienia,180.0,1.2246467991473532e-16,-1.0,0.07,0.0,0.0,20.883333333333333,0.0,0.06999999999998935,3.489999999999996,-0.12166666666666666,-0.07
2023-06-22,0.0,21.1125,16.5,24.9,60.512499999999996,1013.8833333333333,1012.1,1015.2,6,lato,173,0.16280701293851715,-0.986657932891657,3.1000000000000227,2.8583333333333485,1.341666666666697,2.6416666666666515,1012.4833333333336,1011.0970238095239,2.8583333333333485,1.0,wzrost_cisnienia,0.0,0.0,1.0,0.0,0.07,0.0,23.474999999999998,0.0,0.06999999999998935,0.06999999999999645,-0.14625000000000002,-0.12
2023-06-23,0.31,18.89166666666667,15.0,23.3,62.375,1012.2333333333332,1010.8,1013.8,6,lato,174,0.1457991969198751,-0.9893142039703663,3.0,-1.650000000000091,1.2083333333332575,-0.30833333333339397,1012.3805555555558,1011.3398809523809,1.650000000000091,-1.0,spadek_cisnienia,180.0,1.2246467991473532e-16,-1.0,0.0,0.0,0.07,21.1125,0.31,0.30999999999998934,0.37999999999999645,-0.09625,-0.04
2023-06-24,0.0,20.566666666666666,16.1,25.1,54.833333333333336,1015.3291666666668,1013.8,1016.4,6,lato,175,0.12874817745258132,-0.99167731989929,2.6000000000000227,3.0958333333335304,1.4458333333334394,4.304166666666788,1013.8152777777781,1012.3196428571429,3.0958333333335304,1.0,wzrost_cisnienia,0.0,0.0,1.0,0.31,0.0,0.0,18.89166666666667,0.0,0.30999999999998934,0.37999999999999645,-0.024999999999999998,0.03
2023-06-25,0.0,19.525000000000002,13.3,24.2,59.27916666666667,1014.6875,1013.4,1016.4,6,lato,176,0.11165900712169512,-0.993746580436178,3.0,-0.6416666666667652,2.454166666666765,0.8041666666666742,1014.0833333333336,1012.9916666666667,0.6416666666667652,-1.0,spadek_cisnienia,180.0,1.2246467991473532e-16,-1.0,0.0,0.31,0.0,20.566666666666666,0.0,0.30999999999998934,0.37999999999999645,-0.028333333333333332,0.02
2023-06-26,0.0,20.983333333333334,13.8,25.7,53.23333333333333,1010.1208333333334,1005.9,1013.4,6,lato,177,0.09453674981719912,-0.9955213724144752,7.5,-4.566666666666606,-5.208333333333371,-2.112499999999841,1013.3791666666671,1012.8315476190476,4.566666666666606,-1.0,spadek_cisnienia,180.0,1.2246467991473532e-16,-1.0,0.0,0.0,0.31,19.525000000000002,0.0,0.0,0.37999999999999645,-0.017916666666666668,0.09
2023-06-27,13.08,17.1375,15.2,20.4,74.0625,1004.6875,1003.5,1005.8,6,lato,178,0.07738647923346301,-0.9970011699250151,2.2999999999999545,-5.433333333333394,-10.0,-10.641666666666765,1009.8319444444447,1011.7095238095238,5.433333333333394,-1.0,spadek_cisnienia,180.0,1.2246467991473532e-16,-1.0,0.0,0.0,0.0,20.983333333333334,13.08,13.07999999999999,13.389999999999997,0.07625,0.14
2023-06-28,0.0,18.229166666666668,14.5,21.2,65.63333333333334,1006.0666666666666,1003.5,1009.5,6,lato,179,0.06021327736579302,-0.9981855344718586,6.0,1.379166666666606,-4.054166666666788,-8.620833333333394,1006.9583333333336,1011.0011904761905,1.379166666666606,1.0,wzrost_cisnienia,0.0,0.0,1.0,13.08,0.0,0.0,17.1375,0.0,13.07999999999999,13.389999999999997,0.10416666666666667,0.14
2023-06-29,0.0,20.875,16.4,25.6,58.520833333333336,1008.5,1007.5,1009.3,6,lato,180,0.04302223300453059,-0.99907411510223,1.7999999999999545,2.433333333333394,3.8125,-1.620833333333394,1006.4180555555558,1010.2321428571429,2.433333333333394,1.0,wzrost_cisnienia,0.0,0.0,1.0,0.0,13.08,0.0,18.229166666666668,0.0,13.07999999999999,13.389999999999997,0.07166666666666667,0.11
2023-06-30,8.01,18.162499999999998,14.3,21.8,77.18333333333334,1005.2624999999999,1003.7,1007.4,6,lato,181,0.02581844022713308,-0.9996666485105112,3.699999999999932,-3.237500000000068,-0.8041666666666742,0.5749999999999318,1006.6097222222224,1009.2363095238095,3.237500000000068,-1.0,spadek_cisnienia,180.0,1.2246467991473532e-16,-1.0,0.0,0.0,13.08,20.875,8.01,8.00999999999999,21.089999999999996,0.050833333333333335,0.09
2023-07-01,0.0,19.058333333333334,13.9,23.6,59.97083333333333,1001.3791666666666,998.2,1004.1,7,lato,182,0.008606996888688698,-0.9999629591162655,5.899999999999977,-3.8833333333333258,-7.120833333333394,-4.6875,1005.0472222222224,1007.2434523809524,3.8833333333333258,-1.0,spadek_cisnienia,180.0,1.2246467991473532e-16,-1.0,8.01,0.0,0.0,18.162499999999998,0.0,8.00999999999999,21.089999999999996,0.04958333333333333,0.1
2023-07-02,2.95,17.533333333333335,14.7,20.9,68.1125,997.7083333333334,995.3,1001.7,7,lato,183,-0.008606996888688009,-0.9999629591162655,6.400000000000091,-3.670833333333235,-7.554166666666561,-10.791666666666629,1001.4500000000003,1004.8178571428572,3.670833333333235,-1.0,spadek_cisnienia,180.0,1.2246467991473532e-16,-1.0,0.0,8.01,0.0,19.058333333333334,2.95,10.95999999999999,24.039999999999996,0.10041666666666667,0.18
2023-07-03,0.0,17.962500000000002,12.9,21.9,49.59583333333333,1002.8208333333333,1001.5,1005.6,7,lato,184,-0.02581844022713239,-0.9996666485105112,4.100000000000023,5.1124999999999545,1.4416666666667197,-2.441666666666606,1000.6361111111114,1003.775,5.1124999999999545,1.0,wzrost_cisnienia,0.0,0.0,1.0,2.95,0.0,8.01,17.533333333333335,0.0,2.9499999999999895,24.039999999999996,0.075,0.16
2023-07-04,0.35,17.916666666666668,13.7,22.6,54.47083333333333,1006.4125,1004.2,1010.1,7,lato,185,-0.04302223300453034,-0.99907411510223,5.899999999999977,3.591666666666697,8.704166666666652,5.033333333333417,1002.3138888888892,1004.0214285714285,3.591666666666697,1.0,wzrost_cisnienia,0.0,0.0,1.0,0.0,2.95,0.0,17.962500000000002,0.35,3.2999999999999896,11.309999999999997,0.13583333333333333,0.35
2023-07-05,8.72,18.254166666666666,11.3,27.3,64.8,1009.4333333333334,1006.1,1011.3,7,lato,186,-0.060213277365792774,-0.9981855344718586,5.199999999999932,3.0208333333333712,6.612500000000068,11.725000000000023,1006.2222222222226,1004.5023809523809,3.0208333333333712,1.0,wzrost_cisnienia,0.0,0.0,1.0,0.35,0.0,2.95,17.916666666666668,8.72,9.06999999999999,20.029999999999998,0.15625,0.35
2023-07-06,0.16,18.145833333333332,14.5,22.4,67.33749999999999,1012.5375,1009.1,1016.4,7,lato,187,-0.07738647923346322,-0.9970011699250151,7.2999999999999545,3.1041666666666288,6.125,9.716666666666697,1009.4611111111116,1005.0791666666667,3.1041666666666288,1.0,wzrost_cisnienia,0.0,0.0,1.0,8.72,0.35,0.0,18.254166666666666,0.16,9.22999999999999,20.189999999999998,0.21291666666666667,0.35
2023-07-07,0.0,18.383333333333333,12.8,23.1,60.362500000000004,1018.4250000000001,1016.9,1019.3,7,lato,188,-0.09453674981719933,-0.9955213724144752,2.3999999999999773,5.8875000000000455,8.991666666666674,12.012500000000045,1013.4652777777782,1006.9595238095238,5.8875000000000455,1.0,wzrost_cisnienia,0.0,0.0,1.0,0.16,8.72,0.35,18.145833333333332,0.0,8.87999999999999,12.179999999999998,0.1691666666666667,0.22
2023-07-08,0.0,18.495833333333334,14.1,22.8,57.050000000000004,1018.3000000000001,1017.9,1018.9,7,lato,189,-0.11165900712169444,-0.9937465804361781,1.0,-0.125,5.7625000000000455,8.866666666666674,1016.4208333333337,1009.3767857142858,0.125,-1.0,spadek_cisnienia,180.0,1.2246467991473532e-16,-1.0,0.0,0.16,8.72,18.383333333333333,0.0,0.15999999999998935,12.179999999999998,0.18500000000000003,0.22
2023-07-09,0.0,19.483333333333334,13.2,25.3,60.9625,1018.2541666666666,1017.3,1019.0,7,lato,190,-0.12874817745258066,-0.99167731989929,1.7000000000000455,-0.04583333333346218,-0.17083333333346218,5.716666666666583,1018.3263888888893,1012.3119047619048,0.04583333333346218,-1.0,spadek_cisnienia,180.0,1.2246467991473532e-16,-1.0,0.0,0.0,0.16,18.495833333333334,0.0,0.0,9.229999999999997,0.18416666666666667,0.21
2023-07-10,1.44,19.116666666666667,14.4,23.2,66.05,1015.8416666666667,1012.8,1017.7,7,lato,191,-0.14579919691987442,-0.9893142039703664,4.900000000000091,-2.412499999999909,-2.4583333333333712,-2.5833333333333712,1017.4652777777782,1014.1720238095238,2.412499999999909,-1.0,spadek_cisnienia,180.0,1.2246467991473532e-16,-1.0,0.0,0.0,0.0,19.483333333333334,1.44,1.4399999999999893,10.669999999999996,0.17,0.21
2023-07-11,1.71,18.5625,15.4,23.1,78.7375,1012.5916666666667,1011.4,1013.3,7,lato,192,-0.16280701293851646,-0.9866579328916572,1.8999999999999773,-3.25,-5.662499999999909,-5.708333333333371,1015.5625000000003,1015.054761904762,3.25,-1.0,spadek_cisnienia,180.0,1.2246467991473532e-16,-1.0,1.44,0.0,0.0,19.116666666666667,1.71,3.1499999999999893,12.029999999999998,0.12833333333333333,0.17
2023-07-12,6.71,19.962500000000002,15.0,26.6,71.99583333333334,1006.3166666666666,1003.5,1010.7,7,lato,193,-0.17976658572556214,-0.9837092937736098,7.2000000000000455,-6.275000000000091,-9.525000000000091,-11.9375,1011.5833333333336,1014.6095238095239,6.275000000000091,-1.0,spadek_cisnienia,180.0,1.2246467991473532e-16,-1.0,1.71,1.44,0.0,18.5625,6.71,9.859999999999989,10.019999999999996,0.11916666666666666,0.23
2023-07-13,0.49,18.933333333333334,14.7,23.1,68.10416666666667,1009.1374999999999,1007.0,1011.0,7,lato,194,-0.19667288979357622,-0.9804691603616321,4.0,2.8208333333333258,-3.454166666666765,-6.704166666666765,1009.3486111111114,1014.1238095238095,2.8208333333333258,1.0,wzrost_cisnienia,0.0,0.0,1.0,6.71,1.71,1.44,19.962500000000002,0.49,8.90999999999999,10.349999999999996,0.08125,0.14
2023-07-14,0.0,18.620833333333334,14.4,23.5,65.64583333333333,1012.4958333333334,1010.9,1013.2,7,lato,195,-0.2135209154397959,-0.9769384927771817,2.300000000000068,3.358333333333462,6.179166666666788,-0.09583333333330302,1009.316666666667,1013.2767857142857,3.358333333333462,1.0,wzrost_cisnienia,0.0,0.0,1.0,0.49,6.71,1.71,18.933333333333334,0.0,7.1999999999999895,10.349999999999996,0.07875,0.12
2023-07-15,0.0,21.6125,14.1,28.8,57.175000000000004,1010.8458333333333,1008.3,1013.2,7,lato,196,-0.23030567023061196,-0.973118337233262,4.900000000000091,-1.650000000000091,1.7083333333333712,4.529166666666697,1010.8263888888891,1012.2119047619046,1.650000000000091,-1.0,spadek_cisnienia,180.0,1.2246467991473532e-16,-1.0,0.0,0.49,6.71,18.620833333333334,0.0,0.4899999999999902,10.349999999999996,0.0575,0.1
2023-07-16,0.0,22.275000000000002,16.4,28.4,57.35,1008.4083333333333,1005.4,1011.7,7,lato,197,-0.24702218048093527,-0.9690098257244063,6.300000000000068,-2.4375,-4.087500000000091,-0.7291666666666288,1010.5833333333336,1010.8053571428571,2.4375,-1.0,spadek_cisnienia,180.0,1.2246467991473532e-16,-1.0,0.0,0.0,0.49,21.6125,0.0,0.0,10.349999999999996,0.06208333333333333,0.15
2023-07-17,2.82,20.3875,15.4,27.6,65.97083333333333,1011.1291666666666,1010.1,1012.0,7,lato,198,-0.2636654927280072,-0.9646141756912435,1.8999999999999773,2.720833333333303,0.283333333333303,-1.366666666666788,1010.1277777777781,1010.1321428571429,2.720833333333303,1.0,wzrost_cisnienia,0.0,0.0,1.0,0.0,0.0,0.0,22.275000000000002,2.82,2.81999999999999,11.729999999999997,0.002916666666666667,0.05
2023-07-18,1.61,17.691666666666666,13.6,21.1,63.31666666666666,1012.0749999999999,1010.7,1013.4,7,lato,199,-0.2802306751992161,-0.9599326896597445,2.699999999999932,0.9458333333333258,3.6666666666666288,1.2291666666666288,1010.5375000000003,1010.0583333333333,0.9458333333333258,1.0,wzrost_cisnienia,0.0,0.0,1.0,2.82,0.0,0.0,20.3875,1.61,4.42999999999999,11.629999999999995,0.044583333333333336,0.1
2023-07-19,0.0,16.104166666666668,13.0,17.8,65.95833333333333,1007.3791666666666,1005.4,1010.6,7,lato,200,-0.2967128192734901,-0.9549667548552553,5.2000000000000455,-4.695833333333326,-3.75,-1.029166666666697,1010.1944444444447,1010.210119047619,4.695833333333326,-1.0,spadek_cisnienia,180.0,1.2246467991473532e-16,-1.0,1.61,2.82,0.0,17.691666666666666,0.0,4.42999999999999,4.919999999999996,0.10291666666666667,0.15
2023-07-20,0.23,16.616666666666667,13.3,20.1,62.40416666666667,1005.2624999999999,1004.8,1006.5,7,lato,201,-0.3131070409358267,-0.9497178427914317,1.7000000000000455,-2.1166666666666742,-6.8125,-5.866666666666674,1008.238888888889,1009.6565476190475,2.1166666666666742,-1.0,spadek_cisnienia,180.0,1.2246467991473532e-16,-1.0,0.0,1.61,2.82,16.104166666666668,0.23,1.8399999999999903,4.659999999999996,0.1679166666666667,0.26
2023-07-21,1.42,16.599999999999998,13.1,20.1,66.39583333333333,1006.6791666666667,1006.1,1007.2,7,lato,202,-0.3294084822245302,-0.9441875088341994,1.1000000000000227,1.4166666666667425,-0.6999999999999318,-5.3958333333332575,1006.4402777777781,1008.8255952380952,1.4166666666667425,1.0,wzrost_cisnienia,0.0,0.0,1.0,0.23,0.0,1.61,16.616666666666667,1.42,1.6499999999999901,6.079999999999996,0.18875,0.28
2023-07-22,0.4,16.966666666666665,13.3,20.1,66.19166666666666,1006.5833333333334,1005.2,1008.8,7,lato,203,-0.3456123126707333,-0.9383773917408642,3.599999999999909,-0.09583333333330302,1.3208333333334394,-0.7958333333332348,1006.1750000000003,1008.2166666666666,0.09583333333330302,-1.0,spadek_cisnienia,180.0,1.2246467991473532e-16,-1.0,1.42,0.23,0.0,16.599999999999998,0.4,2.04999999999999,6.479999999999996,0.22125000000000003,0.31
2023-07-23,0.52,16.258333333333333,12.7,21.4,73.6375,1005.9666666666667,1003.4,1008.8,7,lato,204,-0.3617137307297674,-0.9322892131745134,5.399999999999977,-0.6166666666666742,-0.7124999999999773,0.7041666666667652,1006.4097222222226,1007.8678571428571,0.6166666666666742,-1.0,spadek_cisnienia,180.0,1.2246467991473532e-16,-1.0,0.4,1.42,0.23,16.966666666666665,0.52,2.33999999999999,6.999999999999996,0.20833333333333334,0.26
2023-07-24,13.83,19.8875,14.8,26.7,70.95,999.3583333333332,995.3,1003.3,7,lato,205,-0.37770796520396466,-0.9259247771938499,8.0,-6.608333333333462,-7.225000000000136,-7.320833333333439,1003.9694444444448,1006.1863095238094,6.608333333333462,-1.0,spadek_cisnienia,180.0,1.2246467991473532e-16,-1.0,0.52,0.4,1.42,16.258333333333333,13.83,14.74999999999999,18.009999999999998,0.22124999999999997,0.25
2023-07-25,3.15,18.7,15.9,21.8,68.95,996.3458333333333,993.7,999.2,7,lato,206,-0.39359027665646645,-0.9192859697186105,5.5,-3.012499999999932,-9.620833333333394,-10.237500000000068,1000.5569444444446,1003.9392857142857,3.012499999999932,-1.0,spadek_cisnienia,180.0,1.2246467991473532e-16,-1.0,13.83,0.52,0.4,19.8875,3.15,17.49999999999999,19.549999999999997,0.24333333333333332,0.34
2023-07-26,11.530000000000001,15.570833333333333,12.4,19.0,77.54166666666667,1002.2958333333332,999.3,1005.5,7,lato,207,-0.4093559588156211,-0.9123747579707274,6.2000000000000455,5.949999999999932,2.9375,-3.670833333333462,999.3333333333336,1003.2130952380952,5.949999999999932,1.0,wzrost_cisnienia,0.0,0.0,1.0,3.15,13.83,0.52,18.7,11.530000000000001,28.50999999999999,31.08,0.2504166666666667,0.3
2023-07-27,0.88,16.279166666666665,11.2,21.6,65.53333333333333,1004.65,1002.8,1005.6,7,lato,208,-0.42500033996955394,-0.9051931898913975,2.800000000000068,2.3541666666667425,8.304166666666674,5.2916666666667425,1001.0972222222225,1003.1255952380952,2.3541666666667425,1.0,wzrost_cisnienia,0.0,0.0,1.0,11.530000000000001,3.15,13.83,15.570833333333333,0.88,15.559999999999993,31.729999999999997,0.23458333333333334,0.28
2023-07-28,0.0,16.854166666666668,14.0,20.5,70.59583333333333,1000.5666666666666,999.0,1003.2,7,lato,209,-0.4405187843504952,-0.8977433935342336,4.2000000000000455,-4.083333333333371,-1.7291666666666288,4.220833333333303,1002.504166666667,1002.2523809523809,4.083333333333371,-1.0,spadek_cisnienia,180.0,1.2246467991473532e-16,-1.0,0.88,11.530000000000001,3.15,16.279166666666665,0.0,12.409999999999993,30.309999999999995,0.25166666666666665,0.3
2023-07-29,5.91,19.591666666666665,13.3,25.3,66.20416666666667,1003.1791666666667,1000.9,1004.9,7,lato,210,-0.455906693508459,-0.8900275764346766,4.0,2.612500000000068,-1.470833333333303,0.8833333333334394,1002.7986111111113,1001.7660714285714,2.612500000000068,1.0,wzrost_cisnienia,0.0,0.0,1.0,0.0,0.88,11.530000000000001,16.854166666666668,5.91,6.789999999999991,35.82,0.20208333333333336,0.27
2023-07-30,15.36,18.945833333333333,15.5,23.9,79.70833333333333,1003.1958333333333,1001.4,1004.5,7,lato,211,-0.47115950767386394,-0.8820480249558535,3.1000000000000227,0.01666666666665151,2.6291666666667197,-1.4541666666666515,1002.3138888888892,1001.370238095238,0.01666666666665151,1.0,wzrost_cisnienia,0.0,0.0,1.0,5.91,0.0,0.88,19.591666666666665,15.36,21.26999999999999,50.66,0.2520833333333333,0.52
2023-07-31,0.25,18.162499999999998,14.0,21.7,70.24583333333334,1003.0833333333334,999.8,1004.5,7,lato,212,-0.4862727071086902,-0.8738071036110807,4.7000000000000455,-0.11249999999995453,-0.09583333333330302,2.516666666666765,1003.1527777777779,1001.9023809523809,0.11249999999995453,-1.0,spadek_cisnienia,180.0,1.2246467991473532e-16,-1.0,15.36,5.91,0.0,18.945833333333333,0.25,21.51999999999999,37.08,0.21708333333333332,0.34
2023-08-01,16.32,17.525000000000002,16.5,18.3,86.20416666666667,994.8249999999999,991.9,999.3,8,lato,213,-0.5012418134457756,-0.8653072543632061,7.399999999999977,-8.25833333333344,-8.370833333333394,-8.354166666666742,1000.3680555555558,1001.685119047619,8.25833333333344,-1.0,spadek_cisnienia,180.0,1.2246467991473532e-16,-1.0,0.25,15.36,5.91,18.162499999999998,16.32,31.92999999999999,50.25,0.21458333333333335,0.29
2023-08-02,0.0,18.841666666666665,14.4,22.9,67.31666666666666,995.7666666666668,993.7,996.9,8,lato,214,-0.5160623910158526,-0.8565509959010037,3.199999999999932,0.9416666666668334,-7.316666666666606,-7.429166666666561,997.891666666667,1000.752380952381,0.9416666666668334,1.0,wzrost_cisnienia,0.0,0.0,1.0,16.32,0.25,15.36,17.525000000000002,0.0,16.56999999999999,38.72,0.20541666666666666,0.32
2023-08-03,2.92,19.983333333333334,16.8,24.8,66.38333333333334,993.3125,990.7,997.1,8,lato,215,-0.5307300481619331,-0.8475409228928312,6.399999999999977,-2.454166666666765,-1.5124999999999318,-9.770833333333371,994.6347222222225,999.1327380952381,2.454166666666765,-1.0,spadek_cisnienia,180.0,1.2246467991473532e-16,-1.0,0.0,16.32,0.25,18.841666666666665,2.92,19.239999999999988,40.75999999999999,0.24125,0.32
2023-08-04,2.04,19.2,16.2,23.6,71.7,1003.975,997.6,1009.8,8,lato,216,-0.5452404385406507,-0.8382797052177745,12.199999999999932,10.662500000000023,8.208333333333258,9.150000000000091,997.6847222222226,999.6196428571428,10.662500000000023,1.0,wzrost_cisnienia,0.0,0.0,1.0,2.92,0.0,16.32,19.983333333333334,2.04,4.959999999999989,42.79999999999999,0.22958333333333333,0.29
2023-08-05,1.5999999999999999,17.7625,13.4,21.0,74.5125,1009.6625,1007.3,1010.8,8,lato,217,-0.5595892624101763,-0.828770087174504,3.5,5.6875,16.350000000000023,13.895833333333258,1002.316666666667,1000.5458333333333,5.6875,1.0,wzrost_cisnienia,0.0,0.0,1.0,2.04,2.92,0.0,19.2,1.5999999999999999,6.559999999999989,38.489999999999995,0.26458333333333334,0.3
2023-08-06,4.28,19.0125,16.2,23.0,87.8875,995.8541666666666,989.7,1006.5,8,lato,218,-0.5737722679043243,-0.8190148866680802,16.799999999999955,-13.808333333333394,-8.120833333333394,2.5416666666666288,1003.1638888888892,999.4970238095239,13.808333333333394,-1.0,spadek_cisnienia,180.0,1.2246467991473532e-16,-1.0,1.5999999999999999,2.04,2.92,17.7625,4.28,7.919999999999989,27.409999999999997,0.39125000000000004,0.47
2023-08-07,0.5,16.366666666666667,14.0,18.8,73.11666666666666,993.3625000000001,990.4,996.6,8,lato,219,-0.5877852522924734,-0.8090169943749472,6.2000000000000455,-2.4916666666665606,-16.299999999999955,-10.612499999999955,999.6263888888892,998.1083333333333,2.4916666666665606,-1.0,spadek_cisnienia,180.0,1.2246467991473532e-16,-1.0,4.28,1.5999999999999999,2.04,19.0125,0.5,6.379999999999989,27.659999999999997,0.38208333333333333,0.46
2023-08-08,4.58,15.283333333333333,11.8,19.3,63.8375,1000.6583333333333,996.3,1004.8,8,lato,220,-0.6016240632249227,-0.7987793728863648,8.5,7.295833333333235,4.804166666666674,-9.00416666666672,996.6250000000003,998.9416666666667,7.295833333333235,1.0,wzrost_cisnienia,0.0,0.0,1.0,0.5,4.28,1.5999999999999999,16.366666666666667,4.58,9.359999999999989,15.919999999999996,0.23958333333333334,0.39
2023-08-09,0.0,15.320833333333333,10.7,20.6,67.04166666666667,1008.0875,1004.7,1012.6,8,lato,221,-0.6152845999633277,-0.7883050558305253,7.899999999999977,7.429166666666674,14.724999999999909,12.233333333333348,1000.7027777777781,1000.7017857142856,7.429166666666674,1.0,wzrost_cisnienia,0.0,0.0,1.0,4.58,0.5,4.28,15.283333333333333,0.0,5.079999999999989,15.919999999999996,0.3166666666666667,0.42
2023-08-10,0.0,15.620833333333332,11.5,19.2,61.63333333333333,1015.1458333333334,1012.7,1017.6,8,lato,222,-0.6287628145958345,-0.7775971469736268,4.899999999999977,7.058333333333394,14.487500000000068,21.783333333333303,1007.9638888888891,1003.8208333333333,7.058333333333394,1.0,wzrost_cisnienia,0.0,0.0,1.0,0.0,4.58,0.5,15.320833333333333,0.0,4.579999999999989,12.999999999999996,0.3666666666666667,0.4
2023-08-11,0.0,16.8875,12.4,21.3,59.487500000000004,1018.0583333333334,1017.3,1019.0,8,lato,223,-0.6420547132365636,-0.7666588193001592,1.7000000000000455,2.9125000000000227,9.970833333333417,17.40000000000009,1013.7638888888893,1005.8327380952381,2.9125000000000227,1.0,wzrost_cisnienia,0.0,0.0,1.0,0.0,0.0,4.58,15.620833333333332,0.0,0.0,10.959999999999997,0.35541666666666666,0.39
2023-08-12,0.0,20.233333333333334,13.3,26.2,57.975,1015.9458333333333,1012.4,1018.5,8,lato,224,-0.655156357209085,-0.7554933140726804,6.100000000000023,-2.112500000000068,0.7999999999999545,7.8583333333333485,1016.3833333333337,1006.7303571428572,2.112500000000068,-1.0,spadek_cisnienia,180.0,1.2246467991473532e-16,-1.0,0.0,0.0,0.0,16.8875,0.0,0.0,9.359999999999996,0.33666666666666667,0.38
2023-08-13,0.36000000000000004,21.058333333333334,17.2,24.6,63.15416666666667,1012.8583333333332,1010.8,1015.4,8,lato,225,-0.6680638642135333,-0.7441039398713608,4.600000000000023,-3.087500000000091,-5.200000000000159,-2.2875000000001364,1015.6208333333337,1009.1595238095239,3.087500000000091,-1.0,spadek_cisnienia,180.0,1.2246467991473532e-16,-1.0,0.0,0.0,0.0,20.233333333333334,0.36000000000000004,0.3599999999999894,5.439999999999997,0.3145833333333333,0.4
2023-08-14,0.0,21.570833333333336,16.4,27.6,62.770833333333336,1014.9499999999999,1013.9,1015.8,8,lato,226,-0.6807734094770159,-0.7324940716135792,1.8999999999999773,2.091666666666697,-0.995833333333394,-3.108333333333462,1014.5847222222225,1012.2434523809525,2.091666666666697,1.0,wzrost_cisnienia,0.0,0.0,1.0,0.36000000000000004,0.0,0.0,21.058333333333334,0.0,0.3599999999999894,4.939999999999997,0.28791666666666665,0.32
2023-08-15,0.0,24.71666666666667,18.1,33.6,59.0,1013.1625,1012.0,1014.1,8,lato,227,-0.6932812268869771,-0.7206671495538615,2.1000000000000227,-1.787499999999909,0.30416666666678793,-2.783333333333303,1013.6569444444448,1014.0297619047618,1.787499999999909,-1.0,spadek_cisnienia,180.0,1.2246467991473532e-16,-1.0,0.0,0.36000000000000004,0.0,21.570833333333336,0.0,0.3599999999999894,0.3599999999999965,0.3075,0.37
2023-08-16,0.0,21.729166666666668,18.2,24.9,68.52499999999999,1015.5791666666668,1013.7,1018.4,8,lato,228,-0.7055836101071774,-0.7086266782644601,4.699999999999932,2.4166666666667425,0.6291666666668334,2.7208333333335304,1014.5638888888892,1015.1000000000001,2.4166666666667425,1.0,wzrost_cisnienia,0.0,0.0,1.0,0.0,0.0,0.36000000000000004,24.71666666666667,0.0,0.0,0.3599999999999965,0.30916666666666665,0.39
2023-08-17,2.9000000000000004,19.058333333333334,17.3,21.4,76.60000000000001,1018.2916666666666,1017.6,1019.0,8,lato,229,-0.7176769136759615,-0.6963762255968726,1.3999999999999773,2.7124999999998636,5.129166666666606,3.341666666666697,1015.6777777777783,1015.5494047619047,2.7124999999998636,1.0,wzrost_cisnienia,0.0,0.0,1.0,0.0,0.0,0.0,21.729166666666668,2.9000000000000004,2.8999999999999897,3.2599999999999967,0.28958333333333336,0.36
2023-08-18,0.25,21.895833333333332,18.9,27.1,78.30833333333334,1016.5083333333333,1015.9,1017.1,8,lato,230,-0.7295575540864876,-0.6839194216246105,1.2000000000000455,-1.783333333333303,0.9291666666665606,3.345833333333303,1016.7930555555558,1015.3279761904761,1.783333333333303,-1.0,spadek_cisnienia,180.0,1.2246467991473532e-16,-1.0,2.9000000000000004,0.0,0.0,19.058333333333334,0.25,3.1499999999999897,3.5099999999999967,0.31625,0.38
2023-08-19,0.0,22.7625,19.9,27.8,80.44166666666666,1015.4,1014.7,1016.0,8,lato,231,-0.7412220108485957,-0.6712599575675315,1.2999999999999545,-1.1083333333333485,-2.8916666666666515,-0.17916666666678793,1016.7333333333336,1015.25,1.1083333333333485,-1.0,spadek_cisnienia,180.0,1.2246467991473532e-16,-1.0,0.25,2.9000000000000004,0.0,21.895833333333332,0.0,3.1499999999999897,3.5099999999999967,0.2575,0.33
2023-08-20,0.0,22.195833333333336,18.6,27.0,78.16666666666667,1015.7666666666668,1015.0,1017.3,8,lato,232,-0.7526668275320083,-0.6584015846980489,2.2999999999999545,0.36666666666678793,-0.7416666666665606,-2.5249999999998636,1015.891666666667,1015.6654761904762,0.36666666666678793,1.0,wzrost_cisnienia,0.0,0.0,1.0,0.0,0.25,2.9000000000000004,22.7625,0.0,0.24999999999998934,3.149999999999997,0.21,0.27
2023-08-21,0.0,20.650000000000002,16.9,24.7,64.25,1016.9041666666667,1016.3,1017.4,8,lato,233,-0.7638886127905429,-0.64534811322955,1.1000000000000227,1.1374999999999318,1.5041666666667197,0.39583333333337123,1016.0236111111116,1015.9446428571429,1.1374999999999318,1.0,wzrost_cisnienia,0.0,0.0,1.0,0.0,0.0,0.25,22.195833333333336,0.0,0.0,3.149999999999997,0.13,0.16
2023-08-22,0.0,19.083333333333332,15.3,23.9,66.32083333333334,1015.6833333333334,1014.2,1017.0,8,lato,234,-0.7748840413670406,-0.6321034111873488,2.7999999999999545,-1.220833333333303,-0.08333333333337123,0.2833333333334167,1016.118055555556,1016.304761904762,1.220833333333303,-1.0,spadek_cisnienia,180.0,1.2246467991473532e-16,-1.0,0.0,0.0,0.0,20.650000000000002,0.0,0.0,3.149999999999997,0.10041666666666667,0.14
2023-08-23,0.0,19.508333333333333,15.0,24.2,62.17083333333333,1014.0833333333334,1013.7,1014.5,8,lato,235,-0.7856498550787144,-0.6186714032625032,0.7999999999999545,-1.6000000000000227,-2.8208333333333258,-1.683333333333394,1015.5569444444449,1016.0910714285714,1.6000000000000227,-1.0,spadek_cisnienia,180.0,1.2246467991473532e-16,-1.0,0.0,0.0,0.0,19.083333333333332,0.0,0.0,3.149999999999997,0.12416666666666666,0.16
2023-08-24,0.0,19.620833333333334,16.6,24.4,66.675,1012.7041666666668,1010.8,1013.8,8,lato,236,-0.7961828637826154,-0.6050560696488494,3.0,-1.379166666666606,-2.9791666666666288,-4.199999999999932,1014.1569444444448,1015.2928571428572,1.379166666666606,-1.0,spadek_cisnienia,180.0,1.2246467991473532e-16,-1.0,0.0,0.0,0.0,19.508333333333333,0.0,0.0,0.24999999999999645,0.12666666666666668,0.18
2023-08-25,0.27,21.020833333333332,16.5,27.7,69.40833333333333,1006.6291666666666,1004.3,1010.5,8,lato,237,-0.8064799463209447,-0.5912614448635782,6.2000000000000455,-6.075000000000159,-7.454166666666765,-9.054166666666788,1011.1388888888891,1013.8815476190476,6.075000000000159,-1.0,spadek_cisnienia,180.0,1.2246467991473532e-16,-1.0,0.0,0.0,0.0,19.620833333333334,0.27,0.26999999999998936,0.26999999999999647,0.15375,0.23
2023-08-26,0.0,21.712500000000002,18.1,25.4,77.925,1004.8791666666666,1003.8,1006.7,8,lato,238,-0.8165380514459157,-0.5772916165517278,2.900000000000091,-1.75,-7.825000000000159,-9.204166666666765,1008.0708333333337,1012.3785714285714,1.75,-1.0,spadek_cisnienia,180.0,1.2246467991473532e-16,-1.0,0.27,0.0,0.0,21.020833333333332,0.0,0.26999999999998936,0.26999999999999647,0.16375,0.2
2023-08-27,16.04,18.954166666666666,16.9,21.4,75.5125,1006.6625,1003.7,1007.8,8,lato,239,-0.8263541987239095,-0.5631507242749187,4.099999999999909,1.7833333333334167,0.033333333333416704,-6.0416666666667425,1006.0569444444446,1011.0779761904762,1.7833333333334167,1.0,wzrost_cisnienia,0.0,0.0,1.0,0.0,0.27,0.0,21.712500000000002,16.04,16.309999999999988,16.309999999999995,0.13333333333333333,0.23
2023-08-28,5.94,18.279166666666665,14.9,22.3,71.38333333333334,1005.2958333333332,1003.2,1007.7,8,lato,240,-0.8359254794186365,-0.5488429582847199,4.5,-1.366666666666788,0.41666666666662877,-1.3333333333333712,1005.6125000000002,1009.4196428571429,1.366666666666788,-1.0,spadek_cisnienia,180.0,1.2246467991473532e-16,-1.0,16.04,0.0,0.27,18.954166666666666,5.94,21.97999999999999,22.249999999999996,0.15958333333333333,0.23
2023-08-29,7.2,16.683333333333334,14.7,18.0,87.88333333333333,1004.2375000000001,1001.2,1007.7,8,lato,241,-0.8452490573530634,-0.5343725582809785,6.5,-1.0583333333331666,-2.4249999999999545,-0.6416666666665378,1005.3986111111113,1007.7845238095239,1.0583333333331666,-1.0,spadek_cisnienia,180.0,1.2246467991473532e-16,-1.0,5.94,16.04,0.0,18.279166666666665,7.2,29.17999999999999,29.449999999999996,0.17541666666666667,0.27
2023-08-30,0.13,17.695833333333333,16.5,18.5,85.7,1000.3375,999.1,1001.1,8,lato,242,-0.8543221697498269,-0.5197438121555157,2.0,-3.900000000000091,-4.9583333333332575,-6.3250000000000455,1003.2902777777781,1005.8208333333333,3.900000000000091,-1.0,spadek_cisnienia,180.0,1.2246467991473532e-16,-1.0,7.2,5.94,16.04,16.683333333333334,0.13,13.26999999999999,29.579999999999995,0.22124999999999997,0.29
2023-08-31,6.59,15.983333333333334,11.8,20.4,80.64583333333333,1002.7875,1001.0,1005.4,8,lato,243,-0.8631421280499115,-0.5049610547215202,4.399999999999977,2.4500000000000455,-1.4500000000000455,-2.508333333333212,1002.454166666667,1004.4041666666666,2.4500000000000455,1.0,wzrost_cisnienia,0.0,0.0,1.0,0.13,7.2,5.94,17.695833333333333,6.59,13.91999999999999,36.169999999999995,0.16583333333333333,0.24
2023-09-01,4.62,13.8125,10.8,16.8,81.08749999999999,1006.8208333333333,1005.4,1009.6,9,jesien,244,-0.8717063187093218,-0.4900286664290594,4.2000000000000455,4.033333333333303,6.4833333333333485,2.5833333333332575,1003.3152777777781,1004.4315476190477,4.033333333333303,1.0,wzrost_cisnienia,0.0,0.0,1.0,6.59,0.13,7.2,15.983333333333334,4.62,11.33999999999999,40.519999999999996,0.13833333333333334,0.19
2023-09-02,0.0,17.254166666666666,13.2,22.1,68.2,1013.5166666666668,1010.0,1016.9,9,jesien,245,-0.8800122039735356,-0.4749510720670502,6.899999999999977,6.695833333333439,10.729166666666742,13.179166666666788,1007.7083333333336,1005.6654761904763,6.695833333333439,1.0,wzrost_cisnienia,0.0,0.0,1.0,4.62,6.59,0.13,13.8125,0.0,11.209999999999988,40.519999999999996,0.19125,0.25
2023-09-03,0.0,16.783333333333335,12.6,21.1,68.40416666666667,1018.775,1016.9,1021.2,9,jesien,246,-0.888057322629493,-0.4597327394521046,4.300000000000068,5.258333333333212,11.954166666666652,15.987499999999955,1013.0375000000004,1007.3958333333333,5.258333333333212,1.0,wzrost_cisnienia,0.0,0.0,1.0,0.0,4.62,6.59,17.254166666666666,0.0,4.6199999999999894,24.479999999999997,0.22125000000000003,0.29
2023-09-04,0.0,18.020833333333332,13.4,22.5,73.31666666666666,1022.3833333333333,1021.5,1022.9,9,jesien,247,-0.8958392907349089,-0.44437817810461344,1.3999999999999773,3.6083333333333485,8.86666666666656,15.5625,1018.2250000000004,1009.8369047619047,3.6083333333333485,1.0,wzrost_cisnienia,0.0,0.0,1.0,0.0,0.0,4.62,16.783333333333335,0.0,0.0,18.539999999999996,0.1758333333333333,0.27
2023-09-05,0.0,20.095833333333335,13.8,26.4,64.85833333333333,1020.5083333333333,1018.3,1022.7,9,jesien,248,-0.9033558023246842,-0.4288919379124841,4.400000000000091,-1.875,1.7333333333333485,6.991666666666561,1020.5555555555558,1012.1613095238097,1.875,-1.0,spadek_cisnienia,180.0,1.2246467991473532e-16,-1.0,0.0,0.0,0.0,18.020833333333332,0.0,0.0,11.339999999999996,0.12291666666666667,0.16
2023-09-06,0.0,19.516666666666666,16.2,23.6,71.43333333333334,1020.4666666666667,1018.4,1022.9,9,jesien,249,-0.9106046300942162,-0.41327860778290443,4.5,-0.04166666666662877,-1.9166666666666288,1.6916666666667197,1021.1194444444446,1015.0369047619048,0.04166666666662877,-1.0,spadek_cisnienia,180.0,1.2246467991473532e-16,-1.0,0.0,0.0,0.0,20.095833333333335,0.0,0.0,11.209999999999996,0.22541666666666668,0.3
2023-09-07,0.0,18.9375,15.7,22.5,79.37083333333334,1023.6166666666667,1022.6,1024.7,9,jesien,250,-0.9175836260593934,-0.3975428142825566,2.1000000000000227,3.1499999999999773,3.1083333333333485,1.2333333333333485,1021.5305555555559,1018.0124999999999,3.1499999999999773,1.0,wzrost_cisnienia,0.0,0.0,1.0,0.0,0.0,0.0,19.516666666666666,0.0,0.0,4.6199999999999966,0.14458333333333334,0.19
2023-09-08,0.0,19.508333333333333,13.7,26.0,73.08333333333333,1020.025,1018.1,1022.4,9,jesien,251,-0.9242907221930934,-0.3816892202666586,4.2999999999999545,-3.591666666666697,-0.4416666666667197,-0.4833333333333485,1021.3694444444449,1019.8988095238094,3.591666666666697,-1.0,spadek_cisnienia,180.0,1.2246467991473532e-16,-1.0,0.0,0.0,0.0,18.9375,0.0,0.0,0.0,0.07625,0.1
2023-09-09,0.0,20.595833333333335,14.9,26.8,67.51666666666667,1017.3041666666667,1016.3,1018.0,9,jesien,252,-0.9307239310379793,-0.3657225234972692,1.7000000000000455,-2.720833333333303,-6.3125,-3.1625000000000227,1020.3152777777781,1020.4398809523809,2.720833333333303,-1.0,spadek_cisnienia,180.0,1.2246467991473532e-16,-1.0,0.0,0.0,0.0,19.508333333333333,0.0,0.0,0.0,0.06041666666666667,0.1
2023-09-10,0.0,21.1125,13.9,28.5,63.82916666666667,1014.0458333333332,1012.6,1016.1,9,jesien,253,-0.9368813462954315,-0.34964745525122826,3.5,-3.2583333333334394,-5.9791666666667425,-9.57083333333344,1017.1250000000003,1019.7642857142857,3.2583333333334394,-1.0,spadek_cisnienia,180.0,1.2246467991473532e-16,-1.0,0.0,0.0,0.0,20.595833333333335,0.0,0.0,0.0,0.024583333333333332,0.09
2023-09-11,0.0,19.920833333333334,15.1,25.3,70.95833333333333,1011.0708333333333,1009.9,1012.5,9,jesien,254,-0.9427611433904206,-0.33346877891818705,2.6000000000000227,-2.974999999999909,-6.2333333333333485,-8.954166666666652,1014.140277777778,1018.1482142857143,2.974999999999909,-1.0,spadek_cisnienia,180.0,1.2246467991473532e-16,-1.0,0.0,0.0,0.0,21.1125,0.0,0.0,0.0,0.06708333333333334,0.11
2023-09-12,0.0,21.641666666666666,15.2,29.4,65.0625,1008.7333333333332,1008.1,1009.7,9,jesien,255,-0.9483615800121716,-0.31719128858910595,1.6000000000000227,-2.337500000000091,-5.3125,-8.57083333333344,1011.2833333333336,1016.4660714285714,2.337500000000091,-1.0,spadek_cisnienia,180.0,1.2246467991473532e-16,-1.0,0.0,0.0,0.0,19.920833333333334,0.0,0.0,0.0,0.03875,0.08
2023-09-13,3.16,19.849999999999998,16.0,27.1,77.21249999999999,1007.5083333333333,1005.7,1009.2,9,jesien,256,-0.9536809966304455,-0.300819807635668,3.5,-1.224999999999909,-3.5625,-6.537499999999909,1009.104166666667,1014.614880952381,1.224999999999909,-1.0,spadek_cisnienia,180.0,1.2246467991473532e-16,-1.0,0.0,0.0,0.0,21.641666666666666,3.16,3.1599999999999895,3.1599999999999966,0.16208333333333333,0.29
2023-09-14,2.78,17.075,12.1,19.5,71.9375,1015.2624999999999,1010.0,1019.9,9,jesien,257,-0.9587178169872964,-0.2843591872810036,9.899999999999977,7.754166666666606,6.529166666666697,4.191666666666606,1010.5013888888892,1013.4214285714286,7.754166666666606,1.0,wzrost_cisnienia,0.0,0.0,1.0,3.16,0.0,0.0,19.849999999999998,2.78,5.939999999999989,5.939999999999996,0.24791666666666667,0.31
2023-09-15,0.0,14.670833333333334,10.0,19.1,70.60833333333333,1021.4791666666666,1020.1,1022.6,9,jesien,258,-0.9634705485641486,-0.26781430516217486,2.5,6.216666666666697,13.970833333333303,12.745833333333394,1014.7500000000003,1013.6291666666667,6.216666666666697,1.0,wzrost_cisnienia,0.0,0.0,1.0,2.78,3.16,0.0,17.075,0.0,5.939999999999989,5.939999999999996,0.10375000000000001,0.19
2023-09-16,0.0,15.629166666666668,8.3,22.3,64.2375,1018.5833333333334,1014.9,1021.4,9,jesien,259,-0.9679377830240642,-0.25119006388481957,6.5,-2.8958333333332575,3.3208333333334394,11.075000000000045,1018.441666666667,1013.8119047619048,2.8958333333332575,-1.0,spadek_cisnienia,180.0,1.2246467991473532e-16,-1.0,0.0,2.78,3.16,14.670833333333334,0.0,2.779999999999989,5.939999999999996,0.00041666666666666615,0.06
2023-09-17,0.0,17.416666666666668,12.3,23.1,72.87083333333332,1014.5916666666667,1013.6,1015.5,9,jesien,260,-0.9721181966290612,-0.23449138957041052,1.8999999999999773,-3.9916666666666742,-6.887499999999932,-0.6708333333332348,1018.2180555555559,1013.8898809523808,3.9916666666666742,-1.0,spadek_cisnienia,180.0,1.2246467991473532e-16,-1.0,0.0,0.0,2.78,15.629166666666668,0.0,0.0,5.939999999999996,0.034999999999999996,0.11
2023-09-18,0.0,20.520833333333332,14.4,26.5,69.25,1009.3208333333333,1003.2,1014.8,9,jesien,261,-0.9760105506323682,-0.21772323039653224,11.599999999999909,-5.270833333333371,-9.262500000000045,-12.158333333333303,1014.1652777777781,1013.6398809523808,5.270833333333371,-1.0,spadek_cisnienia,180.0,1.2246467991473532e-16,-1.0,0.0,0.0,0.0,17.416666666666668,0.0,0.0,5.939999999999996,0.0325,0.09
2023-09-19,0.38,18.916666666666668,13.8,22.1,64.56666666666666,1003.2166666666667,1000.9,1006.0,9,jesien,262,-0.9796136916454901,-0.20089055513063528,5.100000000000023,-6.104166666666629,-11.375,-15.366666666666674,1009.0430555555558,1012.8517857142857,6.104166666666629,-1.0,spadek_cisnienia,180.0,1.2246467991473532e-16,-1.0,0.0,0.0,0.0,20.520833333333332,0.38,0.37999999999998935,6.319999999999997,-0.07916666666666666,0.02
2023-09-20,0.0,16.904166666666665,12.0,22.3,62.71666666666667,1006.5666666666666,1005.5,1007.9,9,jesien,263,-0.9829265519799822,-0.18399835165767986,2.3999999999999773,3.349999999999909,-2.7541666666667197,-8.025000000000091,1006.3680555555558,1012.7172619047618,3.349999999999909,1.0,wzrost_cisnienia,0.0,0.0,1.0,0.38,0.0,0.0,18.916666666666668,0.0,0.37999999999998935,3.159999999999996,-0.2041666666666667,-0.06
2023-09-21,0.0,19.691666666666666,13.3,26.5,64.09166666666667,1004.6750000000001,1001.4,1007.7,9,jesien,264,-0.9859481499638303,-0.1670516255021195,6.300000000000068,-1.8916666666665378,1.4583333333333712,-4.6458333333332575,1004.8194444444448,1011.2047619047619,1.8916666666665378,-1.0,spadek_cisnienia,180.0,1.2246467991473532e-16,-1.0,0.0,0.38,0.0,16.904166666666665,0.0,0.37999999999998935,0.37999999999999645,-0.05625,0.0
2023-09-22,1.58,19.854166666666668,15.3,25.6,66.70833333333333,999.9166666666666,998.4,1003.1,9,jesien,265,-0.9886775902323404,-0.15005539834465262,4.7000000000000455,-4.758333333333439,-6.649999999999977,-3.300000000000068,1003.7194444444448,1008.1244047619047,4.758333333333439,-1.0,spadek_cisnienia,180.0,1.2246467991473532e-16,-1.0,0.0,0.0,0.38,19.691666666666666,1.58,1.5799999999999894,1.9599999999999964,0.012499999999999999,0.12
2023-09-23,1.22,16.641666666666666,13.9,20.3,74.57916666666667,1007.2958333333332,1003.3,1012.9,9,jesien,266,-0.9911140639934546,-0.13301470653419636,9.600000000000023,7.379166666666606,2.6208333333331666,0.7291666666666288,1003.9625000000002,1006.5119047619047,7.379166666666606,1.0,wzrost_cisnienia,0.0,0.0,1.0,1.58,0.0,0.0,19.854166666666668,1.22,2.799999999999989,3.179999999999996,0.02666666666666667,0.11
2023-09-24,0.0,14.783333333333333,10.2,18.8,68.35416666666667,1020.3708333333334,1013.2,1026.5,9,jesien,267,-0.9932568492674143,-0.11593459959550066,13.299999999999955,13.07500000000016,20.454166666666765,15.695833333333326,1009.1944444444447,1007.3375,13.07500000000016,1.0,wzrost_cisnienia,0.0,0.0,1.0,1.22,1.58,0.0,16.641666666666666,0.0,2.799999999999989,3.179999999999996,0.04125,0.08
2023-09-25,0.0,14.612499999999999,8.1,20.2,67.28333333333333,1026.1125,1024.6,1027.8,9,jesien,268,-0.9951053111006974,-0.09882013873287211,3.2000000000000455,5.741666666666561,18.81666666666672,26.195833333333326,1017.9263888888892,1009.7363095238095,5.741666666666561,1.0,wzrost_cisnienia,0.0,0.0,1.0,0.0,1.22,1.58,14.783333333333333,0.0,1.2199999999999893,3.179999999999996,0.05666666666666667,0.14
2023-09-26,0.0,16.758333333333333,13.2,21.2,74.59583333333333,1022.3041666666667,1020.5,1024.4,9,jesien,269,-0.99665890175417,-0.08167639533042288,3.900000000000091,-3.8083333333332803,1.9333333333332803,15.00833333333344,1022.9291666666671,1012.4630952380952,3.8083333333332803,-1.0,spadek_cisnienia,180.0,1.2246467991473532e-16,-1.0,0.0,0.0,1.22,14.612499999999999,0.0,0.0,2.7999999999999963,0.020833333333333332,0.14
2023-09-27,0.0,18.058333333333334,12.6,25.7,78.56666666666666,1019.1750000000001,1017.9,1020.4,9,jesien,270,-0.9979171608653922,-0.06450844944931625,2.5,-3.129166666666606,-6.937499999999886,-1.1958333333333258,1022.530555555556,1014.2642857142857,3.129166666666606,-1.0,spadek_cisnienia,180.0,1.2246467991473532e-16,-1.0,0.0,0.0,0.0,16.758333333333333,0.0,0.0,2.7999999999999963,0.07583333333333334,0.14
2023-09-28,0.0,18.991666666666667,14.5,26.4,69.15416666666667,1016.0208333333334,1014.3,1017.6,9,jesien,271,-0.9988797155850335,-0.04732138832243232,3.300000000000068,-3.154166666666697,-6.283333333333303,-10.091666666666583,1019.166666666667,1015.885119047619,3.154166666666697,-1.0,spadek_cisnienia,180.0,1.2246467991473532e-16,-1.0,0.0,0.0,0.0,18.058333333333334,0.0,0.0,2.7999999999999963,0.06041666666666667,0.12
2023-09-29,0.54,18.491666666666667,12.6,25.8,67.03333333333333,1013.5083333333333,1011.0,1015.4,9,jesien,272,-0.9995462806873573,-0.03012030484690836,4.399999999999977,-2.5125000000000455,-5.6666666666667425,-8.795833333333348,1016.2347222222224,1017.8267857142857,2.5125000000000455,-1.0,spadek_cisnienia,180.0,1.2246467991473532e-16,-1.0,0.0,0.0,0.0,18.991666666666667,0.54,0.5399999999999894,1.7599999999999965,0.027083333333333334,0.09
2023-09-30,0.29,16.958333333333332,14.1,18.8,67.20416666666667,1014.3541666666666,1010.2,1016.9,9,jesien,273,-0.9999166586547379,-0.012910296075008843,6.699999999999932,0.845833333333303,-1.6666666666667425,-4.820833333333439,1014.6277777777781,1018.8351190476191,0.845833333333303,1.0,wzrost_cisnienia,0.0,0.0,1.0,0.54,0.0,0.0,18.491666666666667,0.29,0.8299999999999894,0.8299999999999965,0.08583333333333333,0.21
2023-10-01,0.0,14.691666666666668,11.1,18.1,70.98333333333333,1016.7208333333333,1015.8,1017.5,10,jesien,274,-0.9999907397361901,0.004303538296243821,1.7000000000000455,2.3666666666666742,3.2124999999999773,0.6999999999999318,1014.8611111111113,1018.3136904761905,2.3666666666666742,1.0,wzrost_cisnienia,0.0,0.0,1.0,0.29,0.54,0.0,16.958333333333332,0.0,0.8299999999999894,0.8299999999999965,0.1475,0.22
2023-10-02,0.0,15.904166666666667,11.0,19.4,76.58333333333333,1015.9083333333333,1013.3,1017.4,10,jesien,275,-0.9997685019798909,0.021516097436222233,4.100000000000023,-0.8125,1.5541666666666742,2.3999999999999773,1015.6611111111114,1016.8559523809524,0.8125,-1.0,spadek_cisnienia,180.0,1.2246467991473532e-16,-1.0,0.0,0.29,0.54,14.691666666666668,0.0,0.2899999999999893,0.8299999999999965,0.14916666666666667,0.2
2023-10-03,0.5599999999999999,19.241666666666667,13.8,25.3,65.18333333333334,1005.8416666666667,1000.6,1013.1,10,jesien,276,-0.9992500112396835,0.03872228089217399,12.5,-10.066666666666606,-10.879166666666606,-8.512499999999932,1012.8236111111114,1014.5041666666666,10.066666666666606,-1.0,spadek_cisnienia,180.0,1.2246467991473532e-16,-1.0,0.0,0.0,0.29,15.904166666666667,0.5599999999999999,0.5599999999999893,1.3899999999999963,0.1991666666666667,0.5
2023-10-04,1.18,14.104166666666666,12.0,16.3,68.3875,1011.7333333333332,1005.4,1015.2,10,jesien,277,-0.9984354211555643,0.05591699010060302,9.800000000000068,5.891666666666538,-4.175000000000068,-4.987500000000068,1011.1611111111115,1013.4410714285714,5.891666666666538,1.0,wzrost_cisnienia,0.0,0.0,1.0,0.5599999999999999,0.0,0.0,19.241666666666667,1.18,1.739999999999989,2.5699999999999963,0.23208333333333334,0.46
2023-10-05,3.59,12.875,10.4,16.1,74.39999999999999,1011.3000000000001,1008.5,1015.6,10,jesien,278,-0.9973249731081555,0.07309512989807776,7.100000000000023,-0.4333333333331666,5.458333333333371,-4.608333333333235,1009.6250000000003,1012.7666666666667,0.4333333333331666,-1.0,spadek_cisnienia,180.0,1.2246467991473532e-16,-1.0,1.18,0.5599999999999999,0.0,14.104166666666666,3.59,5.329999999999989,6.159999999999997,0.34958333333333336,0.58
2023-10-06,0.0,12.733333333333334,9.8,15.2,80.2625,1013.3166666666666,1003.4,1017.6,10,jesien,279,-0.9959189961471792,0.0902516100310407,14.200000000000045,2.016666666666538,1.5833333333333712,7.474999999999909,1012.1166666666669,1012.7392857142858,2.016666666666538,1.0,wzrost_cisnienia,0.0,0.0,1.0,3.59,1.18,0.5599999999999999,12.875,0.0,4.769999999999989,5.619999999999996,0.3229166666666667,0.5
2023-10-07,0.0,14.283333333333333,10.1,17.6,56.43333333333334,1003.7541666666666,998.3,1008.1,10,jesien,280,-0.994217906893952,0.10738134666416306,9.800000000000068,-9.5625,-7.545833333333462,-7.979166666666629,1009.4569444444447,1011.225,9.5625,-1.0,spadek_cisnienia,180.0,1.2246467991473532e-16,-1.0,0.0,3.59,1.18,12.733333333333334,0.0,3.589999999999989,5.3299999999999965,0.5058333333333334,0.76
2023-10-08,0.0,8.933333333333334,6.3,11.6,50.61666666666667,1014.9208333333332,1008.4,1019.2,10,jesien,281,-0.9922222094179324,0.12447926388678869,10.800000000000068,11.166666666666629,1.6041666666666288,3.6208333333331666,1010.6638888888891,1010.967857142857,11.166666666666629,1.0,wzrost_cisnienia,0.0,0.0,1.0,0.0,0.0,3.59,14.283333333333333,0.0,0.0,5.3299999999999965,0.6575,0.79
2023-10-09,0.0,8.208333333333334,5.3,12.3,57.175000000000004,1015.1208333333334,1013.3,1018.8,10,jesien,282,-0.989932495087353,0.141540295217043,5.5,0.20000000000015916,11.366666666666788,1.804166666666788,1011.265277777778,1010.8553571428571,0.20000000000015916,1.0,wzrost_cisnienia,0.0,0.0,1.0,0.0,0.0,0.0,8.933333333333334,0.0,0.0,5.3299999999999965,0.36125,0.52
2023-10-10,0.0,9.25,6.1,12.4,67.41250000000001,1014.5458333333332,1011.9,1015.9,10,jesien,283,-0.9873494423939864,0.15855938510313475,4.0,-0.5750000000001592,-0.375,10.791666666666629,1014.8625000000002,1012.0988095238096,0.5750000000001592,-1.0,spadek_cisnienia,180.0,1.2246467991473532e-16,-1.0,0.0,0.0,0.0,8.208333333333334,0.0,0.0,4.769999999999996,0.24875,0.36
2023-10-11,0.0,16.033333333333335,8.1,21.5,69.65833333333333,1004.1833333333334,1000.3,1011.2,10,jesien,284,-0.9844738167520923,0.17553149042142777,10.900000000000091,-10.36249999999984,-10.9375,-10.73749999999984,1011.2833333333336,1011.020238095238,10.36249999999984,-1.0,spadek_cisnienia,180.0,1.2246467991473532e-16,-1.0,0.0,0.0,0.0,9.25,0.0,0.0,3.5899999999999963,0.10166666666666667,0.25
2023-10-12,3.2800000000000002,13.7125,10.0,18.7,68.27083333333333,1003.8333333333334,999.4,1009.0,10,jesien,285,-0.9813064702716093,0.19245158197082995,9.600000000000023,-0.35000000000002274,-10.712499999999864,-11.287500000000023,1007.5208333333336,1009.9535714285713,0.35000000000002274,-1.0,spadek_cisnienia,180.0,1.2246467991473532e-16,-1.0,0.0,0.0,0.0,16.033333333333335,3.2800000000000002,3.2799999999999896,3.2799999999999967,0.26375,0.37
2023-10-13,0.0,11.741666666666667,6.2,19.1,81.25416666666666,1005.9458333333333,996.8,1010.6,10,jesien,286,-0.9778483415056568,0.20931464596304888,13.800000000000068,2.1124999999999545,1.7624999999999318,-8.599999999999909,1004.654166666667,1008.9005952380952,2.1124999999999545,1.0,wzrost_cisnienia,0.0,0.0,1.0,3.2800000000000002,0.0,0.0,13.7125,0.0,3.2799999999999896,3.2799999999999967,0.295,0.42
2023-10-14,0.9199999999999999,14.924999999999999,9.6,19.5,63.9625,996.7291666666666,991.3,1000.9,10,jesien,287,-0.9741004551724206,0.22611568550828803,9.600000000000023,-9.216666666666697,-7.1041666666667425,-7.454166666666765,1002.1694444444447,1007.8970238095237,9.216666666666697,-1.0,spadek_cisnienia,180.0,1.2246467991473532e-16,-1.0,0.0,3.2800000000000002,0.0,11.741666666666667,0.9199999999999999,4.1999999999999895,4.199999999999997,0.3020833333333333,0.5
2023-10-15,2.0300000000000002,8.483333333333333,6.6,11.6,70.78333333333333,1002.3291666666668,1000.1,1004.8,10,jesien,288,-0.970063921851507,0.2428497220959358,4.699999999999932,5.600000000000136,-3.6166666666665606,-1.504166666666606,1001.6680555555558,1006.0982142857144,5.600000000000136,1.0,wzrost_cisnienia,0.0,0.0,1.0,0.9199999999999999,0.0,3.2800000000000002,14.924999999999999,2.0300000000000002,2.9499999999999895,6.229999999999997,0.3491666666666667,0.58
2023-10-16,9.17,7.1375,5.3,10.4,83.57916666666667,1009.9541666666668,1005.4,1014.3,10,jesien,289,-0.965739937654855,0.25951179706979943,8.899999999999977,7.625,13.225000000000136,4.008333333333439,1003.0041666666671,1005.3601190476192,7.625,1.0,wzrost_cisnienia,0.0,0.0,1.0,2.0300000000000002,0.9199999999999999,0.0,8.483333333333333,9.17,12.11999999999999,15.399999999999997,0.5445833333333333,0.63
2023-10-17,0.0,8.079166666666667,4.3,12.4,70.33749999999999,1014.5458333333332,1012.2,1016.1,10,jesien,290,-0.9611297838723007,0.27609697309746883,3.8999999999999773,4.59166666666647,12.21666666666647,17.816666666666606,1008.9430555555559,1005.3601190476192,4.59166666666647,1.0,wzrost_cisnienia,0.0,0.0,1.0,9.17,2.0300000000000002,0.9199999999999999,7.1375,0.0,11.199999999999989,15.399999999999997,0.46541666666666665,0.55
2023-10-18,0.0,9.370833333333334,6.4,12.8,76.44583333333334,1009.7791666666667,1009.1,1011.7,10,jesien,291,-0.9562348265919058,0.2926003356333479,2.6000000000000227,-4.766666666666538,-0.1750000000000682,7.449999999999932,1011.4263888888892,1006.1595238095239,4.766666666666538,-1.0,spadek_cisnienia,180.0,1.2246467991473532e-16,-1.0,0.0,9.17,2.0300000000000002,8.079166666666667,0.0,9.169999999999987,15.399999999999997,0.53625,0.61
2023-10-19,0.74,7.2625,4.9,9.2,73.97500000000001,1004.4708333333333,1000.6,1008.8,10,jesien,292,-0.9510565162951536,0.30901699437494723,8.199999999999932,-5.308333333333394,-10.074999999999932,-5.483333333333462,1009.5986111111114,1006.2505952380952,5.308333333333394,-1.0,spadek_cisnienia,180.0,1.2246467991473532e-16,-1.0,0.0,0.0,9.17,9.370833333333334,0.74,0.7399999999999893,12.859999999999998,0.4795833333333333,0.55
2023-10-20,5.49,5.033333333333333,4.6,5.4,83.8,998.0458333333332,996.1,999.9,10,jesien,293,-0.9455963874271428,0.3253420847119795,3.7999999999999545,-6.425000000000068,-11.733333333333462,-16.5,1004.0986111111115,1005.1220238095237,6.425000000000068,-1.0,spadek_cisnienia,180.0,1.2246467991473532e-16,-1.0,0.74,0.0,0.0,7.2625,5.49,6.22999999999999,18.349999999999994,0.4320833333333333,0.52
2023-10-21,16.8,7.0,4.7,10.0,92.16666666666667,997.7166666666667,994.9,1002.6,10,jesien,294,-0.9398560579418953,0.341570769167856,7.7000000000000455,-0.3291666666665378,-6.754166666666606,-12.0625,1000.0777777777781,1005.2630952380953,0.3291666666665378,-1.0,spadek_cisnienia,180.0,1.2246467991473532e-16,-1.0,5.49,0.74,0.0,5.033333333333333,16.8,23.02999999999999,34.230000000000004,0.4041666666666666,0.61
2023-10-22,0.0,10.795833333333334,9.0,12.9,92.40416666666665,1003.6374999999999,1002.6,1005.3,10,jesien,295,-0.9338372288229252,0.35769823883312546,2.699999999999932,5.920833333333235,5.591666666666697,-0.8333333333333712,999.8000000000003,1005.4499999999999,5.920833333333235,1.0,wzrost_cisnienia,0.0,0.0,1.0,16.8,5.49,0.74,7.0,0.0,22.289999999999992,32.2,0.2658333333333333,0.32
2023-10-23,0.0,11.0,6.3,14.6,77.4375,1008.9291666666667,1005.7,1010.6,10,jesien,296,-0.9275416835791965,0.3737197147904692,4.899999999999977,5.2916666666667425,11.212499999999977,10.88333333333344,1003.427777777778,1005.3035714285714,5.2916666666667425,1.0,wzrost_cisnienia,0.0,0.0,1.0,0.0,16.8,5.49,10.795833333333334,0.0,16.79999999999999,23.029999999999998,0.24125,0.29
2023-10-24,0.0,8.508333333333333,4.6,12.7,82.19583333333334,1008.3666666666667,1003.3,1010.7,10,jesien,297,-0.9209712877166346,0.38963044953078774,7.400000000000091,-0.5625,4.7291666666667425,10.649999999999977,1006.9777777777781,1004.4208333333333,0.5625,-1.0,spadek_cisnienia,180.0,1.2246467991473532e-16,-1.0,0.0,0.0,16.8,11.0,0.0,0.0,23.03,0.24458333333333335,0.29
2023-10-25,17.86,8.799999999999999,7.1,10.1,90.22500000000001,998.5708333333333,996.0,1002.5,10,jesien,298,-0.9141279881853337,0.4054257283599973,6.5,-9.795833333333348,-10.358333333333348,-5.066666666666606,1005.2888888888892,1002.8196428571429,9.795833333333348,-1.0,spadek_cisnienia,180.0,1.2246467991473532e-16,-1.0,0.0,0.0,0.0,8.508333333333333,17.86,17.85999999999999,40.89,0.2870833333333333,0.35
2023-10-26,0.28,7.658333333333334,6.9,8.7,91.38333333333333,992.8291666666668,991.6,995.7,10,jesien,299,-0.9070138128026362,0.42110087079608916,4.100000000000023,-5.741666666666561,-15.537499999999909,-16.09999999999991,999.9222222222226,1001.1565476190475,5.741666666666561,-1.0,spadek_cisnienia,180.0,1.2246467991473532e-16,-1.0,17.86,0.0,0.0,8.799999999999999,0.28,18.13999999999999,40.43,0.19083333333333333,0.28
2023-10-27,7.18,7.175,6.0,8.1,90.2375,991.75,990.9,992.8,10,jesien,300,-0.8996308696522434,0.4366512319560638,1.8999999999999773,-1.0791666666667652,-6.820833333333326,-16.616666666666674,994.3833333333337,1000.2571428571429,1.0791666666667652,-1.0,spadek_cisnienia,180.0,1.2246467991473532e-16,-1.0,0.28,17.86,0.0,7.658333333333334,7.18,25.31999999999999,42.12,0.17875,0.21
2023-10-28,0.88,6.254166666666666,5.4,7.6,86.46249999999999,997.7666666666668,993.0,1003.7,10,jesien,301,-0.8919813464595487,0.45207220393230374,10.700000000000045,6.016666666666765,4.9375,-0.8041666666665606,994.1152777777783,1000.2642857142857,6.016666666666765,1.0,wzrost_cisnienia,0.0,0.0,1.0,7.18,0.28,17.86,7.175,0.88,8.33999999999999,26.2,0.14833333333333334,0.22
2023-10-29,4.09,6.72,4.8,10.2,89.852,1000.188,995.9,1004.0,10,jesien,302,-0.8840675099433637,0.46735921715800205,8.100000000000023,2.421333333333223,8.437999999999988,7.358833333333223,996.5682222222225,999.7715,2.421333333333223,1.0,wzrost_cisnienia,0.0,0.0,1.0,0.88,7.18,0.28,6.254166666666666,4.09,12.14999999999999,30.29,0.0168,0.1
2023-10-30,0.3,12.179166666666667,9.3,15.5,77.64583333333333,998.6916666666666,994.8,1001.2,10,jesien,303,-0.8758917051442433,0.48250774176121763,6.400000000000091,-1.4963333333333821,0.9249999999998408,6.941666666666606,998.8821111111114,998.309,1.4963333333333821,-1.0,spadek_cisnienia,180.0,1.2246467991473532e-16,-1.0,4.09,0.88,7.18,6.72,0.3,5.269999999999989,30.59,0.02666666666666667,0.13
2023-10-31,3.41,11.033333333333333,8.6,13.8,86.575,991.4166666666666,986.8,998.1,10,jesien,304,-0.867456354729597,0.4975132889071803,11.300000000000068,-7.274999999999977,-8.77133333333336,-6.350000000000136,996.7654444444447,995.8875714285714,7.274999999999977,-1.0,spadek_cisnienia,180.0,1.2246467991473532e-16,-1.0,0.3,4.09,0.88,12.179166666666667,3.41,7.799999999999989,34.0,0.07875,0.35
2023-11-01,0.0,6.608333333333333,3.6,8.9,71.2375,1001.8791666666666,995.2,1004.3,11,jesien,305,-0.858763958275803,0.5123714121284235,9.099999999999909,10.462499999999977,3.1875,1.6911666666666179,997.3291666666669,996.3601904761905,10.462499999999977,1.0,wzrost_cisnienia,0.0,0.0,1.0,3.41,0.3,4.09,11.033333333333333,0.0,3.7099999999999893,16.14,0.10125,0.32
2023-11-02,0.0,9.1625,4.5,13.8,78.15833333333333,995.0333333333333,988.8,1001.4,11,jesien,306,-0.8498170915275277,0.5270777086423724,12.600000000000023,-6.845833333333303,3.6166666666666742,-3.658333333333303,996.1097222222224,996.6750714285715,6.845833333333303,-1.0,spadek_cisnienia,180.0,1.2246467991473532e-16,-1.0,0.0,3.41,0.3,6.608333333333333,0.0,3.4099999999999895,15.86,0.05125,0.11
2023-11-03,21.09,10.320833333333333,9.6,11.1,87.03750000000001,984.1291666666666,978.6,988.4,11,jesien,307,-0.8406184056344783,0.5416278206559811,9.799999999999955,-10.904166666666697,-17.75,-7.287500000000023,993.6805555555558,995.5863809523809,10.904166666666697,-1.0,spadek_cisnienia,180.0,1.2246467991473532e-16,-1.0,0.0,0.0,3.41,9.1625,21.09,21.08999999999999,29.77,0.049999999999999996,0.1
2023-11-04,10.22,8.516666666666667,4.9,10.7,83.79583333333333,984.2333333333332,976.4,988.4,11,jesien,308,-0.8311706263658079,0.5560174366570446,12.0,0.10416666666662877,-10.800000000000068,-17.64583333333337,987.7986111111113,993.6530476190476,0.10416666666662877,1.0,wzrost_cisnienia,0.0,0.0,1.0,21.09,0.0,0.0,10.320833333333333,10.22,31.309999999999988,39.11,0.0275,0.12
2023-11-05,0.0,7.345833333333334,4.8,10.3,84.55833333333334,981.1083333333332,979.4,985.0,11,jesien,309,-0.8214765533024145,0.5702422926917867,5.600000000000023,-3.125,-3.0208333333333712,-13.925000000000068,983.1569444444445,990.927380952381,3.125,-1.0,spadek_cisnienia,180.0,1.2246467991473532e-16,-1.0,10.22,21.09,0.0,8.516666666666667,0.0,31.309999999999988,35.02,-0.0012500000000000005,0.1
2023-11-06,1.34,9.7125,8.0,10.8,83.20416666666667,990.8708333333334,981.8,1000.4,11,jesien,310,-0.8115390590073611,0.5842981736283683,18.600000000000023,9.76250000000016,6.637500000000159,6.741666666666788,985.4041666666668,989.8101190476191,9.76250000000016,1.0,wzrost_cisnienia,0.0,0.0,1.0,0.0,10.22,21.09,7.345833333333334,1.34,11.55999999999999,36.059999999999995,0.10291666666666667,0.17
2023-11-07,0.0,8.9125,6.2,11.3,76.14583333333333,1003.7166666666667,1000.7,1005.5,11,jesien,311,-0.8013610881746769,0.5981809144059159,4.7999999999999545,12.845833333333303,22.608333333333462,19.483333333333462,991.8986111111113,991.5672619047618,12.845833333333303,1.0,wzrost_cisnienia,0.0,0.0,1.0,1.34,0.0,10.22,9.7125,0.0,1.3399999999999894,32.65,0.08541666666666665,0.14
2023-11-08,0.0,8.658333333333333,6.9,10.2,75.8875,1005.1333333333333,1004.4,1006.4,11,jesien,312,-0.7909456567567774,0.6118864012687242,2.0,1.4166666666666288,14.262499999999932,24.02500000000009,999.9069444444448,992.0321428571427,1.4166666666666288,1.0,wzrost_cisnienia,0.0,0.0,1.0,0.0,1.34,0.0,8.9125,0.0,1.3399999999999894,32.65,0.1366666666666667,0.17
2023-11-09,0.5,7.3875,5.0,9.7,78.1875,1003.3041666666667,999.4,1006.4,11,jesien,313,-0.780295851070776,0.6254105729852457,7.0,-1.8291666666666515,-0.41250000000002274,12.43333333333328,1004.0513888888892,993.2136904761903,1.8291666666666515,-1.0,spadek_cisnienia,180.0,1.2246467991473532e-16,-1.0,0.0,0.0,1.34,8.658333333333333,0.5,0.49999999999998934,33.15,0.08916666666666667,0.15
2023-11-10,0.0,8.783333333333333,6.1,10.8,75.20833333333333,997.9583333333334,997.3,999.1,11,jesien,314,-0.7694148268839381,0.6387494220515268,1.8000000000000682,-5.345833333333303,-7.1749999999999545,-5.758333333333326,1002.1319444444448,995.1892857142858,5.345833333333303,-1.0,spadek_cisnienia,180.0,1.2246467991473532e-16,-1.0,0.5,0.0,0.0,7.3875,0.0,0.49999999999998934,12.06,0.1375,0.21
2023-11-11,0.0,5.758333333333333,2.6,10.5,86.27499999999999,998.5625,997.5,999.7,11,jesien,315,-0.7583058084785625,0.6518989958787125,2.2000000000000455,0.6041666666666288,-4.741666666666674,-6.570833333333326,999.9416666666671,997.2363095238096,0.6041666666666288,1.0,wzrost_cisnienia,0.0,0.0,1.0,0.0,0.5,0.0,8.783333333333333,0.0,0.49999999999998934,1.84,0.22666666666666668,0.29
2023-11-12,0.0,6.841666666666666,5.2,9.9,76.19583333333334,1000.6666666666666,999.1,1002.8,11,jesien,316,-0.7469720876965551,0.6648553979642867,3.699999999999932,2.1041666666666288,2.7083333333332575,-2.6375000000000455,999.0625000000003,1000.030357142857,2.1041666666666288,1.0,wzrost_cisnienia,0.0,0.0,1.0,0.0,0.0,0.5,5.758333333333333,0.0,0.0,1.84,0.2625,0.32
2023-11-13,0.0,5.816666666666666,4.2,7.5,79.89583333333333,1002.6333333333333,997.1,1004.6,11,jesien,317,-0.7354170229639858,0.6776147890466887,7.5,1.966666666666697,4.070833333333326,4.6749999999999545,1000.6208333333335,1001.7107142857142,1.966666666666697,1.0,wzrost_cisnienia,0.0,0.0,1.0,0.0,0.0,0.0,6.841666666666666,0.0,0.0,0.5,0.1925,0.26
2023-11-14,10.53,6.425,3.3,9.2,90.91666666666667,991.3249999999999,989.4,995.2,11,jesien,318,-0.7236440382959123,0.690173388242972,5.800000000000068,-11.308333333333394,-9.341666666666697,-7.237500000000068,998.2083333333336,999.9404761904763,11.308333333333394,-1.0,spadek_cisnienia,180.0,1.2246467991473532e-16,-1.0,0.0,0.0,0.0,5.816666666666666,10.53,10.529999999999989,11.03,0.20791666666666667,0.28
2023-11-15,2.84,6.333333333333333,3.8,9.0,82.74166666666666,1001.0291666666667,990.5,1009.8,11,jesien,319,-0.7116566222817751,0.7025274741691566,19.299999999999955,9.704166666666765,-1.6041666666666288,0.3625000000000682,998.329166666667,999.3541666666667,9.704166666666765,1.0,wzrost_cisnienia,0.0,0.0,1.0,10.53,0.0,0.0,6.425,2.84,13.369999999999989,13.87,0.28458333333333335,0.41
2023-11-16,6.41,3.3000000000000003,1.1,5.5,87.60833333333333,1009.2125,1007.3,1010.8,11,jesien,320,-0.6994583270516471,0.7146733860429608,3.5,8.18333333333328,17.887500000000045,6.5791666666666515,1000.5222222222225,1000.1982142857142,8.18333333333328,1.0,wzrost_cisnienia,0.0,0.0,1.0,2.84,10.53,0.0,6.333333333333333,6.41,19.779999999999987,19.78,0.14458333333333334,0.22
2023-11-17,3.11,2.4125,1.1,3.1,88.84166666666665,1010.3583333333332,1007.0,1015.5,11,jesien,321,-0.6870527672236675,0.726607524768565,8.5,1.1458333333332575,9.329166666666538,19.033333333333303,1006.8666666666669,1001.9696428571427,1.1458333333332575,1.0,wzrost_cisnienia,0.0,0.0,1.0,6.41,2.84,10.53,3.3000000000000003,3.11,12.359999999999989,22.89,0.13875,0.19
2023-11-18,0.0,2.4833333333333334,1.9,3.4,82.47083333333333,1018.9583333333334,1015.9,1020.5,11,jesien,322,-0.6744436188329457,0.7383263540031063,4.600000000000023,8.600000000000136,9.745833333333394,17.929166666666674,1012.8430555555559,1004.8833333333332,8.600000000000136,1.0,wzrost_cisnienia,0.0,0.0,1.0,3.11,6.41,2.84,2.4125,0.0,9.519999999999989,22.89,0.10291666666666667,0.14
2023-11-19,0.22,0.9916666666666667,0.0,1.7,84.925,1008.7541666666666,1002.6,1017.7,11,jesien,323,-0.661634618242279,0.749826401204568,15.100000000000023,-10.204166666666765,-1.6041666666666288,-0.45833333333337123,1012.6902777777781,1006.0386904761905,10.204166666666765,-1.0,spadek_cisnienia,180.0,1.2246467991473532e-16,-1.0,0.0,3.11,6.41,2.4833333333333334,0.22,3.3299999999999894,23.11,-0.0008333333333333321,0.07
2023-11-20,0.0,1.8083333333333333,0.7,2.7,84.07916666666667,1004.1333333333333,1002.4,1007.6,11,jesien,324,-0.6486295610349818,0.7611042586607742,5.2000000000000455,-4.62083333333328,-14.825000000000045,-6.224999999999909,1010.615277777778,1006.2529761904763,4.62083333333328,-1.0,spadek_cisnienia,180.0,1.2246467991473532e-16,-1.0,0.22,0.0,3.11,0.9916666666666667,0.0,0.21999999999998934,23.11,0.03958333333333333,0.11
2023-11-21,0.0,1.2,-1.4,3.0,59.11666666666667,1014.2208333333333,1007.8,1021.5,11,jesien,325,-0.6354323008901775,0.7721565844991641,13.700000000000045,10.087499999999977,5.466666666666697,-4.737500000000068,1009.0361111111114,1009.5238095238094,10.087499999999977,1.0,wzrost_cisnienia,0.0,0.0,1.0,0.0,0.22,0.0,1.8083333333333333,0.0,0.21999999999998934,12.58,0.07791666666666668,0.12
2023-11-22,0.0,1.425,-1.2,4.2,70.7,1020.875,1012.7,1023.4,11,jesien,326,-0.622046748440868,0.7829801036770625,10.699999999999932,6.654166666666697,16.741666666666674,12.120833333333394,1013.0763888888891,1012.3589285714286,6.654166666666697,1.0,wzrost_cisnienia,0.0,0.0,1.0,0.0,0.0,0.22,1.2,0.0,0.0,9.74,-0.07166666666666667,0.07
2023-11-23,12.31,5.516666666666667,0.8,9.3,76.21249999999999,993.5124999999999,983.3,1010.5,11,jesien,327,-0.6084768701151264,0.7935716089521472,27.200000000000045,-27.362500000000068,-20.70833333333337,-10.620833333333394,1009.5361111111114,1010.1160714285714,27.362500000000068,-1.0,spadek_cisnienia,180.0,1.2246467991473532e-16,-1.0,0.0,0.0,0.0,1.425,12.31,12.30999999999999,15.64,-0.10083333333333333,0.37
2023-11-24,9.549999999999999,2.725,0.8,5.7,79.50416666666666,984.5500000000001,983.2,986.5,11,jesien,328,-0.594726686960764,0.8039279618328208,3.2999999999999545,-8.962499999999864,-36.32499999999993,-29.670833333333235,999.6458333333336,1006.4291666666667,8.962499999999864,-1.0,spadek_cisnienia,180.0,1.2246467991473532e-16,-1.0,12.31,0.0,0.0,5.516666666666667,9.549999999999999,21.85999999999999,22.08,0.25875,0.34
2023-11-25,4.17,1.0125,-0.3,2.4,81.10833333333333,992.8874999999999,987.0,998.3,11,jesien,329,-0.5808002734538014,0.8140460935082175,11.299999999999955,8.337499999999864,-0.625,-27.987500000000068,990.316666666667,1002.7047619047619,8.337499999999864,1.0,wzrost_cisnienia,0.0,0.0,1.0,9.549999999999999,12.31,0.0,2.725,4.17,26.029999999999987,26.25,0.48208333333333336,0.58
2023-11-26,2.1,0.04583333333333334,-1.1,1.1,77.35833333333333,1001.6916666666666,998.5,1003.1,11,jesien,330,-0.5667017562911184,0.8239230057575536,4.600000000000023,8.804166666666674,17.141666666666538,8.179166666666674,993.0430555555558,1001.6958333333333,8.804166666666674,1.0,wzrost_cisnienia,0.0,0.0,1.0,4.17,9.549999999999999,12.31,1.0125,2.1,15.819999999999988,28.130000000000003,0.29958333333333337,0.46
2023-11-27,1.8800000000000001,-0.17500000000000002,-3.0,1.5,84.34166666666667,1001.4208333333332,998.4,1002.8,11,jesien,331,-0.5524353131676203,0.8335557718385695,4.399999999999977,-0.27083333333337123,8.533333333333303,16.870833333333167,998.666666666667,1001.3083333333333,0.27083333333337123,-1.0,spadek_cisnienia,180.0,1.2246467991473532e-16,-1.0,2.1,4.17,9.549999999999999,0.04583333333333334,1.8800000000000001,8.14999999999999,30.01,0.24291666666666667,0.31
2023-11-28,0.33,-1.45,-3.7,1.2,71.62083333333334,996.5875,995.1,998.7,11,jesien,332,-0.5380051715382992,0.8429415373547832,3.6000000000000227,-4.8333333333332575,-5.104166666666629,3.7000000000000455,999.9000000000002,998.7892857142857,4.8333333333332575,-1.0,spadek_cisnienia,180.0,1.2246467991473532e-16,-1.0,1.8800000000000001,2.1,4.17,-0.17500000000000002,0.33,4.30999999999999,30.34,0.27958333333333335,0.37
2023-11-29,0.0,-3.5208333333333335,-5.6,-2.3,73.91250000000001,1000.0375,998.8,1000.7,11,jesien,333,-0.5234156073655503,0.8520775211013093,1.900000000000091,3.4500000000000455,-1.383333333333212,-1.6541666666665833,999.3486111111115,995.8125,3.4500000000000455,1.0,wzrost_cisnienia,0.0,0.0,1.0,0.33,1.8800000000000001,2.1,-1.45,0.0,2.2099999999999893,30.34,0.105,0.15
2023-11-30,0.0,-2.3541666666666665,-4.7,-0.3,83.1125,998.6875,997.9,999.6,11,jesien,334,-0.5086709438521042,0.8609610158889945,1.7000000000000455,-1.3500000000000227,2.1000000000000227,-2.733333333333235,998.4375000000003,996.5517857142858,1.3500000000000227,-1.0,spadek_cisnienia,180.0,1.2246467991473532e-16,-1.0,0.0,0.33,1.8800000000000001,-3.5208333333333335,0.0,0.32999999999998936,18.029999999999998,0.14958333333333332,0.21
2023-12-01,0.0,-0.5416666666666666,-3.3,2.2,80.7625,998.9875000000001,997.2,1001.9,12,zima,335,-0.4937755501599774,0.8695893893466109,4.699999999999932,0.3000000000000682,-1.0499999999999545,2.400000000000091,999.2375000000003,998.6142857142858,0.3000000000000682,1.0,wzrost_cisnienia,0.0,0.0,1.0,0.0,0.0,0.33,-2.3541666666666665,0.0,0.0,8.48,0.18208333333333335,0.22
2023-12-02,4.47,0.5041666666666667,-1.0,2.4,87.5125,1003.5875,1002.1,1006.4,12,zima,336,-0.4787338401157883,0.8779600847008883,4.2999999999999545,4.599999999999909,4.899999999999977,3.5499999999999545,1000.4208333333336,1000.1428571428571,4.599999999999909,1.0,wzrost_cisnienia,0.0,0.0,1.0,0.0,0.0,0.0,-0.5416666666666666,4.47,4.469999999999989,8.780000000000001,0.14916666666666667,0.17
2023-12-03,0.0,0.075,-1.3,1.0,82.15416666666667,1010.1875,1006.6,1014.0,12,zima,337,-0.4635502709028512,0.8860706215341377,7.399999999999977,6.600000000000023,11.199999999999932,11.5,1004.254166666667,1001.3565476190477,6.600000000000023,1.0,wzrost_cisnienia,0.0,0.0,1.0,4.47,0.0,0.0,0.5041666666666667,0.0,4.469999999999989,6.680000000000001,0.1525,0.2
2023-12-04,0.0,-2.058333333333333,-5.5,0.8,81.79583333333333,1015.1,1014.2,1015.5,12,zima,338,-0.4482293417404106,0.893918596519257,1.2999999999999545,4.912500000000023,11.512500000000045,16.112499999999955,1009.6250000000003,1003.3107142857143,4.912500000000023,1.0,wzrost_cisnienia,0.0,0.0,1.0,0.0,4.47,0.0,0.075,0.0,4.469999999999989,4.8,0.0575,0.14
2023-12-05,0.0,-4.404166666666667,-6.1,-2.6,80.29166666666667,1014.6583333333333,1014.3,1015.0,12,zima,339,-0.4327755925504317,0.9015016841318838,0.7000000000000455,-0.4416666666667197,4.470833333333303,11.070833333333326,1013.3152777777781,1005.8922619047619,0.4416666666667197,-1.0,spadek_cisnienia,180.0,1.2246467991473532e-16,-1.0,0.0,0.0,4.47,-2.058333333333333,0.0,0.0,4.47,-0.04041666666666666,0.0
2023-12-06,0.0,-3.4416666666666664,-6.1,-1.8,81.00833333333334,1015.1999999999999,1014.6,1016.7,12,zima,340,-0.41719360261231697,0.9088176373395028,2.1000000000000227,0.5416666666666288,0.09999999999990905,5.012499999999932,1014.9861111111113,1008.0583333333333,0.5416666666666288,1.0,wzrost_cisnienia,0.0,0.0,1.0,0.0,0.0,0.0,-4.404166666666667,0.0,0.0,4.47,-0.06458333333333334,-0.01
2023-12-07,0.0,-1.075,-1.8,-0.3,85.675,1017.775,1016.7,1018.5,12,zima,341,-0.4014879892059737,0.9158642882672868,1.7999999999999545,2.5750000000000455,3.1166666666666742,2.6749999999999545,1015.8777777777781,1010.7851190476191,2.5750000000000455,1.0,wzrost_cisnienia,0.0,0.0,1.0,0.0,0.0,0.0,-3.4416666666666664,0.0,0.0,4.47,-0.08166666666666667,-0.05
2023-12-08,0.0,-1.7083333333333333,-3.0,-0.2,85.1375,1016.2333333333332,1014.6,1017.5,12,zima,342,-0.38566340624360745,0.9226395488404875,2.8999999999999773,-1.5416666666667425,1.033333333333303,1.5749999999999318,1016.4027777777779,1013.2488095238094,1.5416666666667425,-1.0,spadek_cisnienia,180.0,1.2246467991473532e-16,-1.0,0.0,0.0,0.0,-1.075,0.0,0.0,4.47,-0.14416666666666667,-0.09
2023-12-09,0.0,-1.4083333333333332,-2.1,-0.4,88.90833333333335,1009.9916666666667,1004.0,1014.4,12,zima,343,-0.3697245428906732,0.9291414114031743,10.399999999999977,-6.241666666666561,-7.783333333333303,-5.2083333333332575,1014.666666666667,1014.1636904761905,6.241666666666561,-1.0,spadek_cisnienia,180.0,1.2246467991473532e-16,-1.0,0.0,0.0,0.0,-1.7083333333333333,0.0,0.0,0.0,-0.13999999999999999,-0.08
2023-12-10,0.0,0.7041666666666666,-0.1,1.5,90.67916666666667,1002.7583333333333,999.0,1003.7,12,zima,344,-0.3536761221763721,0.935367949313148,4.7000000000000455,-7.2333333333333485,-13.474999999999909,-15.016666666666652,1009.6611111111114,1013.1023809523809,7.2333333333333485,-1.0,spadek_cisnienia,180.0,1.2246467991473532e-16,-1.0,0.0,0.0,0.0,-1.4083333333333332,0.0,0.0,0.0,-0.14416666666666667,-0.09
2023-12-11,1.3,2.091666666666667,0.7,2.7,93.79166666666667,994.2416666666667,992.3,998.1,12,zima,345,-0.33752289959411347,0.941317317512847,5.800000000000068,-8.516666666666652,-15.75,-21.99166666666656,1002.3305555555559,1010.122619047619,8.516666666666652,-1.0,spadek_cisnienia,180.0,1.2246467991473532e-16,-1.0,0.0,0.0,0.0,0.7041666666666666,1.3,1.2999999999999894,1.3,-0.10541666666666667,-0.04
2023-12-12,0.0,3.0541666666666667,2.1,3.8,90.44166666666666,1000.7916666666666,996.1,1003.4,12,zima,346,-0.32126966169236515,0.946987753076075,7.2999999999999545,6.5499999999999545,-1.966666666666697,-9.200000000000045,999.2638888888891,1008.1416666666667,6.5499999999999545,1.0,wzrost_cisnienia,0.0,0.0,1.0,1.3,0.0,0.0,2.091666666666667,0.0,1.2999999999999894,1.3,-0.017083333333333332,0.07
2023-12-13,0.0,2.6333333333333333,1.9,3.5,80.21666666666667,1002.9250000000001,1002.2,1004.8,12,zima,347,-0.3049212246562894,0.9523775757303973,2.599999999999909,2.1333333333334394,8.683333333333394,0.16666666666674246,999.3194444444448,1006.3880952380953,2.1333333333334394,1.0,wzrost_cisnienia,0.0,0.0,1.0,0.0,1.3,0.0,3.0541666666666667,0.0,1.2999999999999894,1.3,-0.08166666666666667,-0.03
2023-12-14,1.26,2.466666666666667,1.0,4.3,75.85416666666667,1010.8916666666668,1005.3,1017.3,12,zima,348,-0.2884824328806098,0.9574851883550389,12.0,7.966666666666697,10.100000000000136,16.65000000000009,1004.8694444444449,1005.4047619047618,7.966666666666697,1.0,wzrost_cisnienia,0.0,0.0,1.0,0.0,0.0,1.3,2.6333333333333333,1.26,1.2599999999999894,2.56,-0.03958333333333333,0.0
2023-12-15,0.23,2.9916666666666667,1.2,5.2,85.35416666666667,1021.4875000000001,1017.8,1024.3,12,zima,349,-0.27195815753410524,0.9623090774541487,6.5,10.595833333333303,18.5625,20.69583333333344,1011.7680555555559,1006.1553571428573,10.595833333333303,1.0,wzrost_cisnienia,0.0,0.0,1.0,1.26,0.0,0.0,2.466666666666667,0.23,1.4899999999999893,2.79,-0.1075,-0.05
2023-12-16,0.0,6.916666666666667,5.4,8.4,79.28333333333335,1023.6374999999999,1020.0,1025.7,12,zima,350,-0.2553532951161881,0.9668478136052773,5.7000000000000455,2.1499999999998636,12.745833333333167,20.712499999999864,1018.6722222222224,1008.104761904762,2.1499999999998636,1.0,wzrost_cisnienia,0.0,0.0,1.0,0.23,1.26,0.0,2.9916666666666667,0.0,1.4899999999999893,2.79,-0.12916666666666668,-0.05
2023-12-17,0.0,9.35,8.3,10.2,76.38333333333334,1019.125,1016.1,1021.0,12,zima,351,-0.23867276600594997,0.9711000518829505,4.899999999999977,-4.512499999999932,-2.362500000000068,8.233333333333235,1021.416666666667,1010.4428571428572,4.512499999999932,-1.0,spadek_cisnienia,180.0,1.2246467991473532e-16,-1.0,0.0,0.23,1.26,6.916666666666667,0.0,0.22999999999998935,2.79,-0.09208333333333334,0.07
2023-12-18,1.3,8.558333333333334,8.0,9.2,80.54166666666667,1015.8583333333332,1012.8,1016.9,12,zima,352,-0.22192151300416674,0.9750645322571945,4.100000000000023,-3.266666666666765,-7.779166666666697,-5.629166666666833,1019.540277777778,1013.5309523809525,3.266666666666765,-1.0,spadek_cisnienia,180.0,1.2246467991473532e-16,-1.0,0.0,0.0,0.23,9.35,1.3,1.2999999999999894,2.79,-0.045000000000000005,0.01
2023-12-19,1.07,7.825,7.0,8.7,84.49166666666666,1006.4666666666667,1000.5,1012.1,12,zima,353,-0.20510449986861926,0.9787400799669153,11.600000000000023,-9.391666666666538,-12.658333333333303,-17.170833333333235,1013.816666666667,1014.3416666666666,9.391666666666538,-1.0,spadek_cisnienia,180.0,1.2246467991473532e-16,-1.0,1.3,0.0,0.0,8.558333333333334,1.07,2.3699999999999894,3.8600000000000003,-0.07208333333333333,0.02
2023-12-20,6.56,4.695833333333334,2.2,7.1,80.275,996.5166666666668,992.3,1000.3,12,zima,354,-0.1882267098432439,0.9821256058680006,8.0,-9.949999999999932,-19.34166666666647,-22.608333333333235,1006.2805555555559,1013.4261904761905,9.949999999999932,-1.0,spadek_cisnienia,180.0,1.2246467991473532e-16,-1.0,1.07,1.3,0.0,7.825,6.56,8.929999999999989,10.42,0.07416666666666667,0.22
2023-12-21,8.04,4.366666666666666,1.8,7.3,84.33333333333333,978.7833333333333,966.3,993.4,12,zima,355,-0.1712931441814778,0.9852201067560606,27.100000000000023,-17.733333333333462,-27.683333333333394,-37.07499999999993,993.9222222222226,1008.8392857142857,17.733333333333462,-1.0,spadek_cisnienia,180.0,1.2246467991473532e-16,-1.0,6.56,1.07,1.3,4.695833333333334,8.04,15.669999999999987,17.2,0.12416666666666666,0.32
2023-12-22,13.37,2.1333333333333333,1.5,4.4,81.95833333333333,968.5791666666668,964.7,975.0,12,zima,356,-0.154308820664281,0.9880226656636976,10.299999999999955,-10.204166666666538,-27.9375,-37.88749999999993,981.293055555556,1001.2809523809523,10.204166666666538,-1.0,spadek_cisnienia,180.0,1.2246467991473532e-16,-1.0,8.04,6.56,1.07,4.366666666666666,13.37,27.969999999999985,30.339999999999996,0.39999999999999997,0.54
2023-12-23,0.38,1.7833333333333332,0.9,2.4,59.1,983.4583333333334,975.5,991.4,12,zima,357,-0.13727877211326517,0.9905324521322227,15.899999999999977,14.879166666666606,4.675000000000068,-13.058333333333394,976.9402777777781,995.5410714285715,14.879166666666606,1.0,wzrost_cisnienia,0.0,0.0,1.0,13.37,8.04,6.56,2.1333333333333333,0.38,21.78999999999999,30.72,0.5566666666666666,0.7
2023-12-24,0.96,1.5125,-0.7,8.4,78.59166666666667,990.8958333333334,979.4,995.5,12,zima,358,-0.12020804489935275,0.9927487224577402,16.100000000000023,7.4375,22.316666666666606,12.112500000000068,980.9777777777781,991.5083333333333,7.4375,1.0,wzrost_cisnienia,0.0,0.0,1.0,0.38,13.37,8.04,1.7833333333333332,0.96,14.709999999999988,31.68,0.34041666666666665,0.44
2023-12-25,0.0,7.629166666666666,5.8,8.7,63.78333333333333,987.0583333333334,980.1,995.9,12,zima,359,-0.10310169744743544,0.9946708199115211,15.799999999999955,-3.8374999999999773,3.6000000000000227,18.47916666666663,987.1375000000003,987.3940476190476,3.8374999999999773,-1.0,spadek_cisnienia,180.0,1.2246467991473532e-16,-1.0,0.96,0.38,13.37,1.5125,0.0,1.3399999999999892,30.38,0.44416666666666665,0.61
2023-12-26,2.83,5.4875,3.4,8.5,75.74583333333334,995.5833333333334,991.5,1001.5,12,zima,360,-0.0859647987374467,0.9962981749346077,10.0,8.524999999999977,4.6875,12.125,991.1791666666671,985.8392857142857,8.524999999999977,1.0,wzrost_cisnienia,0.0,0.0,1.0,0.0,0.96,0.38,7.629166666666666,2.83,3.7899999999999894,32.14,0.395,0.76
2023-12-27,0.33,4.0,1.5,5.5,70.07083333333334,1010.3874999999999,1001.6,1014.7,12,zima,361,-0.06880242680232064,0.9976303053065857,13.100000000000023,14.80416666666656,23.329166666666538,19.49166666666656,997.6763888888892,987.8208333333334,14.80416666666656,1.0,wzrost_cisnienia,0.0,0.0,1.0,2.83,0.0,0.96,5.4875,0.33,3.1599999999999895,25.909999999999997,0.46708333333333335,0.59
2023-12-28,0.0,4.6499999999999995,0.6,8.1,79.10833333333333,1005.2583333333333,1002.8,1013.0,12,zima,362,-0.05161966722325418,0.9986668162884759,10.200000000000045,-5.129166666666606,9.674999999999955,18.199999999999932,1003.7430555555558,991.6029761904763,5.129166666666606,-1.0,spadek_cisnienia,180.0,1.2246467991473532e-16,-1.0,0.33,2.83,0.0,4.0,0.0,3.1599999999999895,17.869999999999997,0.3408333333333333,0.47
2023-12-29,0.81,7.329166666666667,6.1,8.8,72.5,998.8625000000001,997.6,1003.0,12,zima,363,-0.034421611622745804,0.9994074007397048,5.399999999999977,-6.3958333333332575,-11.524999999999864,3.279166666666697,1004.8361111111113,995.9291666666668,6.3958333333332575,-1.0,spadek_cisnienia,180.0,1.2246467991473532e-16,-1.0,0.0,0.33,2.83,4.6499999999999995,0.81,1.1399999999999895,5.3100000000000005,0.29458333333333336,0.44
2023-12-30,2.02,5.545833333333333,3.1,7.3,77.70833333333333,1001.2541666666666,996.9,1008.0,12,zima,364,-0.01721335615583528,0.9998518392091162,11.100000000000023,2.391666666666538,-4.00416666666672,-9.133333333333326,1001.791666666667,998.4714285714286,2.391666666666538,1.0,wzrost_cisnienia,0.0,0.0,1.0,0.81,0.0,0.33,7.329166666666667,2.02,2.8299999999999894,6.95,0.3983333333333334,0.48
2023-12-31,0.0,2.4125,1.7,4.5,88.6875,1008.0958333333333,1004.9,1010.2,12,zima,365,6.432490598706546e-16,1.0,5.300000000000068,6.841666666666697,9.233333333333235,2.8374999999999773,1002.7375000000003,1000.9285714285714,6.841666666666697,1.0,wzrost_cisnienia,0.0,0.0,1.0,2.02,0.81,0.0,5.545833333333333,0.0,2.8299999999999894,5.99,0.3754166666666667,0.49
2024-01-01,1.48,3.0,2.2,3.7,91.45,1001.8291666666668,1000.5,1004.5,1,zima,1,0.017213356155834685,0.9998518392091162,4.0,-6.266666666666538,0.5750000000001592,2.966666666666697,1003.7263888888892,1003.0386904761906,6.266666666666538,-1.0,spadek_cisnienia,180.0,1.2246467991473532e-16,-1.0,0.0,2.02,0.81,2.4125,1.48,3.4999999999999893,7.470000000000001,0.39208333333333334,0.41
2024-01-02,1.51,2.470833333333333,1.3,3.8,93.80833333333334,1000.3166666666666,995.5,1002.0,1,zima,2,0.03442161162274574,0.9994074007397048,6.5,-1.5125000000001592,-7.779166666666697,-0.9375,1003.4138888888892,1003.7148809523808,1.5125000000001592,-1.0,spadek_cisnienia,180.0,1.2246467991473532e-16,-1.0,1.48,0.0,2.02,3.0,1.51,2.9899999999999896,6.15,0.3433333333333333,0.42
2024-01-03,8.09,-0.7958333333333334,-2.7,1.2,90.77916666666665,990.2416666666667,988.5,994.7,1,zima,3,0.051619667223253764,0.998666816288476,6.2000000000000455,-10.074999999999932,-11.587500000000091,-17.85416666666663,997.4625000000002,1000.8369047619046,10.074999999999932,-1.0,spadek_cisnienia,180.0,1.2246467991473532e-16,-1.0,1.51,1.48,0.0,2.470833333333333,8.09,11.07999999999999,13.91,0.27291666666666664,0.39
2024-01-04,4.3500000000000005,-2.6083333333333334,-3.2,-1.9,87.20416666666667,990.7041666666668,987.3,999.2,1,zima,4,0.06880242680231986,0.9976303053065857,11.900000000000091,0.46250000000009095,-9.61249999999984,-11.125,993.754166666667,998.7577380952381,0.46250000000009095,1.0,wzrost_cisnienia,0.0,0.0,1.0,8.09,1.51,1.48,-0.7958333333333334,4.3500000000000005,13.949999999999989,18.26,0.365,0.53
2024-01-05,0.0,-3.2416666666666667,-5.0,-1.8,77.47083333333333,1004.7666666666668,999.9,1007.8,1,zima,5,0.08596479873744647,0.9962981749346078,7.899999999999977,14.0625,14.525000000000091,4.450000000000159,995.2375000000003,999.6011904761905,14.0625,1.0,wzrost_cisnienia,0.0,0.0,1.0,4.3500000000000005,8.09,1.51,-2.6083333333333334,0.0,12.43999999999999,17.450000000000003,0.26875,0.41
2024-01-06,0.0,-0.9956521739130434,-2.9,0.2,65.53478260869565,1011.8000000000001,1007.8,1016.2,1,zima,6,0.10310169744743485,0.9946708199115211,8.400000000000091,7.033333333333303,21.095833333333303,21.558333333333394,1002.4236111111114,1001.1077380952381,7.033333333333303,1.0,wzrost_cisnienia,0.0,0.0,1.0,0.0,4.3500000000000005,8.09,-3.2416666666666667,0.0,4.34999999999999,15.43,0.1617391304347826,0.19
2024-01-07,0.0,-5.8374999999999995,-7.0,-3.0,70.87083333333334,1021.4458333333333,1017.2,1026.5,1,zima,7,0.1202080448993527,0.9927487224577402,9.299999999999955,9.645833333333258,16.67916666666656,30.74166666666656,1012.6708333333337,1003.014880952381,9.645833333333258,1.0,wzrost_cisnienia,0.0,0.0,1.0,0.0,0.0,4.3500000000000005,-0.9956521739130434,0.0,0.0,15.43,0.10791666666666666,0.14
2024-01-08,0.0,-6.8500000000000005,-8.8,-4.6,77.08749999999999,1031.4791666666667,1027.2,1033.7,1,zima,8,0.13727877211326478,0.9905324521322229,6.5,10.033333333333417,19.679166666666674,26.712499999999977,1021.5750000000003,1007.2505952380952,10.033333333333417,1.0,wzrost_cisnienia,0.0,0.0,1.0,0.0,0.0,0.0,-5.8374999999999995,0.0,0.0,13.95,0.014583333333333332,0.06
2024-01-09,0.0,-3.5041666666666664,-8.1,-0.4,82.46249999999999,1031.2291666666667,1029.2,1033.4,1,zima,9,0.15430882066428117,0.9880226656636976,4.2000000000000455,-0.25,9.783333333333417,19.429166666666674,1028.0513888888893,1011.6666666666667,0.25,-1.0,spadek_cisnienia,180.0,1.2246467991473532e-16,-1.0,0.0,0.0,0.0,-6.8500000000000005,0.0,0.0,12.440000000000001,-0.03666666666666667,0.03
2024-01-10,0.0,0.875,-0.3,1.4,83.78,1025.655,1020.6,1028.9,1,zima,10,0.1712931441814776,0.9852201067560606,8.300000000000068,-5.57416666666677,-5.82416666666677,4.209166666666647,1029.4544444444448,1016.7257142857144,5.57416666666677,-1.0,spadek_cisnienia,180.0,1.2246467991473532e-16,-1.0,0.0,0.0,0.0,-3.5041666666666664,0.0,0.0,4.3500000000000005,0.008333333333333333,0.06
2024-01-11,0.0,2.5541666666666667,1.0,3.9,74.425,1018.975,1017.2,1023.0,1,zima,11,0.1882267098432442,0.9821256058680006,5.7999999999999545,-6.67999999999995,-12.25416666666672,-12.50416666666672,1025.2863888888892,1020.7644047619049,6.67999999999995,-1.0,spadek_cisnienia,180.0,1.2246467991473532e-16,-1.0,0.0,0.0,0.0,0.875,0.0,0.0,0.0,0.1575,0.34
2024-01-12,0.0,1.8166666666666667,-0.2,3.4,68.23333333333333,1016.7875,1011.7,1023.1,1,zima,12,0.2051044998686192,0.9787400799669153,11.399999999999977,-2.1875,-8.86749999999995,-14.44166666666672,1020.4725000000003,1022.4816666666667,2.1875,-1.0,spadek_cisnienia,180.0,1.2246467991473532e-16,-1.0,0.0,0.0,0.0,2.5541666666666667,0.0,0.0,0.0,0.1025,0.32
2024-01-13,0.66,1.9625000000000001,1.1,2.7,80.60000000000001,1003.1916666666666,991.6,1011.5,1,zima,13,0.22192151300416552,0.9750645322571948,19.899999999999977,-13.595833333333417,-15.783333333333417,-22.463333333333367,1012.9847222222224,1021.2519047619047,13.595833333333417,-1.0,spadek_cisnienia,180.0,1.2246467991473532e-16,-1.0,0.0,0.0,0.0,1.8166666666666667,0.66,0.6599999999999894,0.66,-0.03,0.2
2024-01-14,1.1500000000000001,2.5708333333333333,1.9,3.7,80.82916666666667,989.3625000000001,985.3,991.2,1,zima,14,0.2386727660059501,0.9711000518829505,5.900000000000091,-13.829166666666538,-27.424999999999955,-29.612499999999955,1003.1138888888892,1016.6685714285715,13.829166666666538,-1.0,spadek_cisnienia,180.0,1.2246467991473532e-16,-1.0,0.66,0.0,0.0,1.9625000000000001,1.1500000000000001,1.8099999999999894,1.81,0.11458333333333333,0.19
2024-01-15,2.29,0.3541666666666667,-2.9,2.4,80.74166666666666,980.6916666666666,976.4,988.7,1,zima,15,0.255353295116187,0.9668478136052775,12.300000000000068,-8.670833333333462,-22.5,-36.09583333333342,991.0819444444447,1009.4132142857143,8.670833333333462,-1.0,spadek_cisnienia,180.0,1.2246467991473532e-16,-1.0,1.1500000000000001,0.66,0.0,2.5708333333333333,2.29,4.099999999999989,4.1,0.2833333333333333,0.55
2024-01-16,0.0,-5.058333333333334,-9.1,-2.5,61.96666666666667,998.7291666666666,990.1,1003.8,1,zima,16,0.2719581575341055,0.9623090774541486,13.699999999999932,18.037500000000023,9.36666666666656,-4.462499999999977,989.5944444444448,1004.7703571428572,18.037500000000023,1.0,wzrost_cisnienia,0.0,0.0,1.0,2.29,1.1500000000000001,0.66,0.3541666666666667,0.0,3.4399999999999893,4.1,0.2604166666666667,0.49
2024-01-17,0.0,-3.079166666666667,-8.1,0.1,75.62916666666666,994.7041666666668,984.6,1003.0,1,zima,17,0.288482432880609,0.9574851883550393,18.399999999999977,-4.024999999999864,14.01250000000016,5.341666666666697,991.3750000000003,1000.3488095238096,4.024999999999864,-1.0,spadek_cisnienia,180.0,1.2246467991473532e-16,-1.0,0.0,2.29,1.1500000000000001,-5.058333333333334,0.0,2.2899999999999894,4.1,-0.11041666666666666,0.01
2024-01-18,0.0,-0.8375,-2.0,1.6,73.36666666666666,988.9166666666666,984.0,996.8,1,zima,18,0.30492122465628907,0.9523775757303974,12.799999999999955,-5.787500000000136,-9.8125,8.225000000000023,994.1166666666669,996.0547619047619,5.787500000000136,-1.0,spadek_cisnienia,180.0,1.2246467991473532e-16,-1.0,0.0,0.0,2.29,-3.079166666666667,0.0,0.0,4.1,0.07875,0.18
2024-01-19,2.04,-0.4791666666666667,-1.9,1.1,77.44166666666666,1002.8291666666668,997.2,1008.5,1,zima,19,0.3212696616923644,0.9469877530760753,11.299999999999955,13.912500000000136,8.125,4.100000000000136,995.4833333333337,994.0607142857143,13.912500000000136,1.0,wzrost_cisnienia,0.0,0.0,1.0,0.0,0.0,0.0,-0.8375,2.04,2.0399999999999894,6.140000000000001,0.17166666666666666,0.24
2024-01-20,8.27,1.5208333333333333,-0.7,2.6,85.07083333333334,1011.6833333333334,1005.9,1022.6,1,zima,20,0.3375228995941133,0.9413173175128471,16.700000000000045,8.854166666666629,22.766666666666765,16.97916666666663,1001.1430555555559,995.2738095238095,8.854166666666629,1.0,wzrost_cisnienia,0.0,0.0,1.0,2.04,0.0,0.0,-0.4791666666666667,8.27,10.309999999999988,13.75,0.2704166666666667,0.42
2024-01-21,0.0,1.3791666666666667,-1.7,2.9,73.95416666666667,1020.9499999999999,1015.0,1023.8,1,zima,21,0.3536761221763716,0.9353679493131483,8.799999999999955,9.266666666666538,18.120833333333167,32.0333333333333,1011.8208333333337,999.7863095238096,9.266666666666538,1.0,wzrost_cisnienia,0.0,0.0,1.0,8.27,2.04,0.0,1.5208333333333333,0.0,10.309999999999988,12.6,0.043333333333333335,0.22
2024-01-22,0.87,4.170833333333333,2.2,6.2,69.62083333333334,1004.3000000000001,999.5,1014.0,1,zima,22,0.3697245428906731,0.9291414114031743,14.5,-16.649999999999864,-7.383333333333326,1.470833333333303,1012.3111111111115,1003.1589285714286,16.649999999999864,-1.0,spadek_cisnienia,180.0,1.2246467991473532e-16,-1.0,0.0,8.27,2.04,1.3791666666666667,0.87,9.139999999999988,11.18,-0.12,0.0
2024-01-23,0.0,5.675,5.0,6.3,71.6875,1007.0458333333332,1002.3,1011.9,1,zima,23,0.38566340624360707,0.9226395488404876,9.600000000000023,2.7458333333331666,-13.904166666666697,-4.637500000000159,1010.765277777778,1004.3470238095239,2.7458333333331666,1.0,wzrost_cisnienia,0.0,0.0,1.0,0.87,0.0,8.27,4.170833333333333,0.0,0.8699999999999893,11.18,0.06541666666666666,0.2
2024-01-24,5.41,6.0874999999999995,2.9,9.1,79.69583333333334,997.7958333333332,993.8,1010.9,1,zima,24,0.401487989205973,0.9158642882672872,17.100000000000023,-9.25,-6.504166666666833,-23.154166666666697,1003.0472222222224,1004.7886904761905,9.25,-1.0,spadek_cisnienia,180.0,1.2246467991473532e-16,-1.0,0.0,0.87,0.0,5.675,5.41,6.27999999999999,16.59,0.235,0.43
2024-01-25,3.77,3.966666666666667,2.1,6.2,79.06666666666666,1006.8125,995.7,1016.6,1,zima,25,0.4171936026123168,0.9088176373395029,20.899999999999977,9.016666666666765,-0.2333333333332348,2.512499999999932,1003.8847222222224,1007.345238095238,9.016666666666765,1.0,wzrost_cisnienia,0.0,0.0,1.0,5.41,0.0,0.87,6.0874999999999995,3.77,9.179999999999989,20.36,0.53,0.63
2024-01-26,3.31,3.0541666666666667,2.1,5.3,77.82916666666667,1013.1666666666666,1005.1,1018.4,1,zima,26,0.4327755925504312,0.901501684131884,13.299999999999955,6.354166666666629,15.370833333333394,6.120833333333394,1005.9250000000002,1008.8220238095238,6.354166666666629,1.0,wzrost_cisnienia,0.0,0.0,1.0,3.77,5.41,0.0,3.966666666666667,3.31,12.48999999999999,21.630000000000003,0.33041666666666664,0.52
2024-01-27,1.31,3.9,2.6,5.2,78.30833333333334,1016.8291666666668,1006.9,1027.1,1,zima,27,0.4482293417404106,0.893918596519257,20.199999999999932,3.6625000000001364,10.016666666666765,19.03333333333353,1012.2694444444447,1009.5571428571428,3.6625000000001364,1.0,wzrost_cisnienia,0.0,0.0,1.0,3.31,3.77,5.41,3.0541666666666667,1.31,8.38999999999999,14.67,0.43041666666666667,0.51
2024-01-28,0.0,4.779166666666667,1.8,6.6,74.67916666666666,1030.1416666666667,1027.4,1031.5,1,zima,28,0.4635502709028509,0.886070621534138,4.099999999999909,13.312499999999886,16.975000000000023,23.32916666666665,1020.0458333333337,1010.8702380952382,13.312499999999886,1.0,wzrost_cisnienia,0.0,0.0,1.0,1.31,3.31,3.77,3.9,0.0,4.61999999999999,14.67,0.2841666666666667,0.35
2024-01-29,0.0,3.1458333333333335,1.5,5.9,73.94166666666666,1027.2583333333334,1025.2,1030.2,1,zima,29,0.47873384011578846,0.8779600847008882,5.0,-2.883333333333212,10.429166666666674,14.09166666666681,1024.7430555555559,1014.15,2.883333333333212,-1.0,spadek_cisnienia,180.0,1.2246467991473532e-16,-1.0,0.0,1.31,3.31,4.779166666666667,0.0,1.3099999999999894,13.8,0.11291666666666667,0.22
2024-01-30,0.0,2.733333333333333,-0.1,6.7,76.075,1023.6999999999999,1020.8,1025.5,1,zima,30,0.4937755501599772,0.869589389346611,4.7000000000000455,-3.5583333333335077,-6.44166666666672,6.870833333333167,1027.0333333333335,1016.5291666666666,3.5583333333335077,-1.0,spadek_cisnienia,180.0,1.2246467991473532e-16,-1.0,0.0,0.0,1.31,3.1458333333333335,0.0,0.0,13.8,0.29833333333333334,0.36
2024-01-31,0.0,4.591666666666667,2.1,7.3,74.00416666666666,1019.7458333333334,1014.1,1020.9,1,zima,31,0.5086709438521044,0.8609610158889943,6.7999999999999545,-3.954166666666538,-7.5125000000000455,-10.395833333333258,1023.5680555555559,1019.664880952381,3.954166666666538,-1.0,spadek_cisnienia,180.0,1.2246467991473532e-16,-1.0,0.0,0.0,0.0,2.733333333333333,0.0,0.0,8.39,0.24916666666666668,0.32
2024-02-01,0.6699999999999999,4.691666666666666,2.1,6.5,66.50416666666668,1009.875,1007.9,1014.0,2,zima,32,0.5234156073655503,0.8520775211013093,6.100000000000023,-9.870833333333394,-13.824999999999932,-17.38333333333344,1017.7736111111116,1020.102380952381,9.870833333333394,-1.0,spadek_cisnienia,180.0,1.2246467991473532e-16,-1.0,0.0,0.0,0.0,4.591666666666667,0.6699999999999999,0.6699999999999893,5.289999999999999,0.2091666666666667,0.4
2024-02-02,0.1,4.854166666666667,3.6,8.0,75.95833333333333,1010.8708333333334,999.6,1015.3,2,zima,33,0.5380051715382996,0.8429415373547828,15.699999999999932,0.995833333333394,-8.875,-12.829166666666538,1013.4972222222227,1019.7744047619047,0.995833333333394,1.0,wzrost_cisnienia,0.0,0.0,1.0,0.6699999999999999,0.0,0.0,4.691666666666666,0.1,0.7699999999999892,2.08,0.38125000000000003,0.46
2024-02-03,0.0,8.358333333333333,6.7,10.3,70.12916666666666,1001.7083333333334,998.6,1003.9,2,zima,34,0.5524353131676196,0.8335557718385699,5.2999999999999545,-9.162500000000023,-8.166666666666629,-18.037500000000023,1007.4847222222228,1017.6142857142858,9.162500000000023,-1.0,spadek_cisnienia,180.0,1.2246467991473532e-16,-1.0,0.1,0.6699999999999999,0.0,4.854166666666667,0.0,0.7699999999999892,0.7699999999999999,0.38458333333333333,0.45
2024-02-04,8.25,5.8999999999999995,5.1,6.9,72.3125,999.4833333333332,995.1,1003.7,2,zima,35,0.5667017562911176,0.8239230057575542,8.600000000000023,-2.2250000000001364,-11.38750000000016,-10.391666666666765,1004.0208333333338,1013.2345238095238,2.2250000000001364,-1.0,spadek_cisnienia,180.0,1.2246467991473532e-16,-1.0,0.0,0.1,0.6699999999999999,8.358333333333333,8.25,8.349999999999989,9.02,0.44375000000000003,0.56
2024-02-05,2.92,5.0,1.5,6.4,68.85833333333333,996.5666666666666,993.8,998.9,2,zima,36,0.5808002734538009,0.8140460935082178,5.100000000000023,-2.9166666666666288,-5.141666666666765,-14.304166666666788,999.2527777777782,1008.85,2.9166666666666288,-1.0,spadek_cisnienia,180.0,1.2246467991473532e-16,-1.0,8.25,0.0,0.1,5.8999999999999995,2.92,11.16999999999999,11.94,0.56125,0.66
2024-02-06,20.82,4.666666666666667,0.5,9.0,89.76666666666667,992.0375,984.2,998.4,2,zima,37,0.5947266869607634,0.8039279618328213,14.199999999999932,-4.529166666666583,-7.445833333333212,-9.670833333333348,996.029166666667,1004.3267857142857,4.529166666666583,-1.0,spadek_cisnienia,180.0,1.2246467991473532e-16,-1.0,2.92,8.25,0.0,5.0,20.82,31.989999999999988,32.76,0.6075,0.74
2024-02-07,1.9000000000000001,3.3625000000000003,-0.3,6.9,71.71666666666667,989.975,984.9,997.1,2,zima,38,0.6084768701151261,0.7935716089521474,12.200000000000045,-2.0625,-6.591666666666583,-9.508333333333212,992.8597222222226,1000.0738095238095,2.0625,-1.0,spadek_cisnienia,180.0,1.2246467991473532e-16,-1.0,20.82,2.92,8.25,4.666666666666667,1.9000000000000001,25.639999999999986,34.66,0.6625,0.74
2024-02-08,0.0,0.5041666666666667,-1.7,3.2,74.58749999999999,997.4583333333334,996.4,998.7,2,zima,39,0.6220467484408675,0.7829801036770629,2.300000000000068,7.4833333333333485,5.4208333333333485,0.8916666666667652,993.1569444444449,998.3000000000001,7.4833333333333485,1.0,wzrost_cisnienia,0.0,0.0,1.0,1.9000000000000001,20.82,2.92,3.3625000000000003,0.0,22.719999999999985,33.989999999999995,0.5425,0.67
2024-02-09,2.1799999999999997,-0.8333333333333334,-2.9,1.0,86.97083333333335,995.9083333333333,993.5,997.3,2,zima,40,0.6354323008901774,0.7721565844991642,3.7999999999999545,-1.5500000000000682,5.93333333333328,3.8708333333332803,994.4472222222226,996.1625,1.5500000000000682,-1.0,spadek_cisnienia,180.0,1.2246467991473532e-16,-1.0,0.0,1.9000000000000001,20.82,0.5041666666666667,2.1799999999999997,4.079999999999986,36.06999999999999,0.49875,0.53
2024-02-10,11.0,1.4958333333333333,0.2,2.6,92.98333333333333,993.375,992.3,995.2,2,zima,41,0.6486295610349814,0.7611042586607747,2.900000000000091,-2.533333333333303,-4.083333333333371,3.3999999999999773,995.5805555555559,994.9720238095239,2.533333333333303,-1.0,spadek_cisnienia,180.0,1.2246467991473532e-16,-1.0,2.1799999999999997,0.0,1.9000000000000001,-0.8333333333333334,11.0,13.179999999999986,47.06999999999999,0.5025000000000001,0.57
2024-02-11,3.67,3.4583333333333335,2.5,4.2,93.49166666666667,993.275,991.5,995.0,2,zima,42,0.6616346182422783,0.7498264012045686,3.5,-0.10000000000002274,-2.6333333333333258,-4.183333333333394,994.1861111111115,994.085119047619,0.10000000000002274,-1.0,spadek_cisnienia,180.0,1.2246467991473532e-16,-1.0,11.0,2.1799999999999997,0.0,1.4958333333333333,3.67,16.849999999999987,42.489999999999995,0.45,0.49
2024-02-12,5.98,4.991666666666666,4.2,6.3,92.8125,992.125,990.2,997.4,2,zima,43,0.6744436188329455,0.7383263540031065,7.199999999999932,-1.1499999999999773,-1.25,-3.783333333333303,992.9250000000003,993.4505952380952,1.1499999999999773,-1.0,spadek_cisnienia,180.0,1.2246467991473532e-16,-1.0,3.67,11.0,2.1799999999999997,3.4583333333333335,5.98,20.649999999999984,45.55,0.47583333333333333,0.54
2024-02-13,0.85,4.6125,3.3,6.2,76.95,1007.6083333333332,998.4,1014.2,2,zima,44,0.6870527672236669,0.7266075247685656,15.800000000000068,15.483333333333235,14.333333333333258,14.233333333333235,997.6694444444447,995.6750000000001,15.483333333333235,1.0,wzrost_cisnienia,0.0,0.0,1.0,5.98,3.67,11.0,4.991666666666666,0.85,10.499999999999986,25.580000000000002,0.34375,0.45
2024-02-14,0.17,5.3500000000000005,2.3,8.7,75.425,1015.1333333333333,1014.5,1015.6,2,zima,45,0.6994583270516471,0.7146733860429609,1.1000000000000227,7.525000000000091,23.008333333333326,21.85833333333335,1004.9555555555559,999.2690476190476,7.525000000000091,1.0,wzrost_cisnienia,0.0,0.0,1.0,0.85,5.98,3.67,4.6125,0.17,6.999999999999986,23.85,0.23375,0.27
2024-02-15,1.01,7.808333333333334,5.2,10.2,89.49583333333334,1014.1458333333334,1013.6,1014.5,2,zima,46,0.7116566222817746,0.702527474169157,0.8999999999999773,-0.9874999999999545,6.537500000000136,22.02083333333337,1012.2958333333336,1001.6529761904761,0.9874999999999545,-1.0,spadek_cisnienia,180.0,1.2246467991473532e-16,-1.0,0.17,0.85,5.98,5.3500000000000005,1.01,2.029999999999986,24.860000000000003,0.24,0.27
2024-02-16,0.12,11.075000000000001,9.2,13.2,78.8875,1011.9291666666667,1008.8,1014.6,2,zima,47,0.7236440382959124,0.6901733882429719,5.800000000000068,-2.216666666666697,-3.2041666666666515,4.320833333333439,1013.7361111111114,1003.9416666666666,2.216666666666697,-1.0,spadek_cisnienia,180.0,1.2246467991473532e-16,-1.0,1.01,0.17,0.85,7.808333333333334,0.12,1.2999999999999856,22.799999999999997,0.13125,0.22
2024-02-17,0.74,6.583333333333333,1.4,11.2,75.375,1017.5083333333333,1009.2,1028.2,2,zima,48,0.7354170229639855,0.6776147890466889,19.0,5.5791666666666515,3.3624999999999545,2.375,1014.5277777777783,1007.3892857142857,5.5791666666666515,1.0,wzrost_cisnienia,0.0,0.0,1.0,0.12,1.01,0.17,11.075000000000001,0.74,1.869999999999986,12.540000000000001,0.24208333333333332,0.35
2024-02-18,0.0,1.9083333333333332,-0.1,3.9,81.94583333333334,1026.9624999999999,1020.0,1030.3,2,zima,49,0.7469720876965552,0.6648553979642865,10.299999999999955,9.454166666666538,15.03333333333319,12.816666666666492,1018.8000000000003,1012.2017857142857,9.454166666666538,1.0,wzrost_cisnienia,0.0,0.0,1.0,0.74,0.12,1.01,6.583333333333333,0.0,0.8599999999999858,8.870000000000001,0.19291666666666665,0.34
2024-02-19,3.13,2.8166666666666664,1.8,4.2,82.39583333333333,1011.75,1008.9,1019.0,2,zima,50,0.7583058084785625,0.6518989958787126,10.100000000000023,-15.212499999999864,-5.758333333333326,-0.17916666666667425,1018.740277777778,1015.0053571428572,15.212499999999864,-1.0,spadek_cisnienia,180.0,1.2246467991473532e-16,-1.0,0.0,0.74,0.12,1.9083333333333332,3.13,3.869999999999986,6.02,0.13791666666666666,0.23
2024-02-20,0.1,5.3999999999999995,4.2,6.5,82.02499999999999,1012.1791666666667,1009.8,1014.3,2,zima,51,0.7694148268839378,0.6387494220515272,4.5,0.42916666666667425,-14.78333333333319,-5.3291666666666515,1016.9638888888893,1015.6583333333334,0.42916666666667425,1.0,wzrost_cisnienia,0.0,0.0,1.0,3.13,0.0,0.74,2.8166666666666664,0.1,3.2299999999999858,5.2700000000000005,0.17875,0.23
2024-02-21,0.33999999999999997,6.9750000000000005,4.4,9.5,77.53750000000001,1008.1875,1003.9,1014.1,2,zima,52,0.7802958510707755,0.6254105729852463,10.200000000000045,-3.9916666666666742,-3.5625,-18.774999999999864,1010.7055555555559,1014.6660714285715,3.9916666666666742,-1.0,spadek_cisnienia,180.0,1.2246467991473532e-16,-1.0,0.1,3.13,0.0,5.3999999999999995,0.33999999999999997,3.569999999999986,5.44,0.13416666666666668,0.23
2024-02-22,0.15,6.8875,3.9,9.8,83.48333333333333,994.7666666666668,986.5,1003.7,2,zima,53,0.7909456567567772,0.6118864012687243,17.200000000000045,-13.420833333333235,-17.41249999999991,-16.983333333333235,1005.0444444444448,1011.897619047619,13.420833333333235,-1.0,spadek_cisnienia,180.0,1.2246467991473532e-16,-1.0,0.33999999999999997,0.1,3.13,6.9750000000000005,0.15,0.5899999999999862,4.58,0.14583333333333334,0.21
2024-02-23,0.0,8.483333333333333,5.3,11.1,68.31666666666668,991.9250000000001,984.7,999.2,2,zima,54,0.8013610881746766,0.5981809144059164,14.5,-2.841666666666697,-16.262499999999932,-20.254166666666606,998.293055555556,1009.039880952381,2.841666666666697,-1.0,spadek_cisnienia,180.0,1.2246467991473532e-16,-1.0,0.15,0.33999999999999997,0.1,6.8875,0.0,0.4899999999999862,4.46,0.105,0.35
2024-02-24,14.31,5.529166666666666,3.7,8.2,82.85000000000001,999.6333333333333,993.7,1006.2,2,zima,55,0.8115390590073611,0.5842981736283683,12.5,7.7083333333332575,4.866666666666561,-8.554166666666674,995.4416666666671,1006.4863095238096,7.7083333333332575,1.0,wzrost_cisnienia,0.0,0.0,1.0,0.0,0.15,0.33999999999999997,8.483333333333333,14.31,14.459999999999987,18.03,0.15125,0.3
2024-02-25,0.28,6.0125,2.4,10.2,77.46249999999999,1005.2833333333333,1002.3,1007.6,2,zima,56,0.8214765533024142,0.5702422926917871,5.300000000000068,5.649999999999977,13.358333333333235,10.516666666666538,998.9472222222226,1003.3892857142857,5.649999999999977,1.0,wzrost_cisnienia,0.0,0.0,1.0,14.31,0.0,0.15,5.529166666666666,0.28,14.589999999999986,18.310000000000002,0.09749999999999999,0.21
2024-02-26,0.0,5.441666666666666,1.5,9.8,82.75,1005.3291666666668,1002.4,1009.0,2,zima,57,0.8311706263658079,0.5560174366570446,6.600000000000023,0.04583333333346218,5.695833333333439,13.404166666666697,1003.4152777777781,1002.4720238095239,0.04583333333346218,1.0,wzrost_cisnienia,0.0,0.0,1.0,0.28,14.31,0.0,6.0125,0.0,14.589999999999986,15.180000000000001,0.16458333333333333,0.22
2024-02-27,8.94,4.3875,3.6,5.6,92.58333333333333,1011.2666666666668,1008.9,1013.8,2,zima,58,0.8406184056344782,0.5416278206559814,4.899999999999977,5.9375,5.983333333333462,11.63333333333344,1007.293055555556,1002.3416666666666,5.9375,1.0,wzrost_cisnienia,0.0,0.0,1.0,0.0,0.28,14.31,5.441666666666666,8.94,9.219999999999985,24.02,0.18083333333333332,0.21
2024-02-28,1.01,3.65,3.2,4.3,93.47500000000001,1015.6291666666666,1013.5,1019.0,2,zima,59,0.8498170915275278,0.5270777086423722,5.5,4.362499999999841,10.29999999999984,10.345833333333303,1010.7416666666671,1003.4047619047618,4.362499999999841,1.0,wzrost_cisnienia,0.0,0.0,1.0,8.94,0.0,0.28,4.3875,1.01,9.949999999999985,24.69,0.08708333333333333,0.17
2024-02-29,0.0,5.608333333333333,2.9,8.2,80.56666666666666,1016.4041666666667,1012.2,1019.2,2,zima,60,0.8587639582758029,0.5123714121284237,7.0,0.775000000000091,5.137499999999932,11.074999999999932,1014.4333333333337,1006.4958333333334,0.775000000000091,1.0,wzrost_cisnienia,0.0,0.0,1.0,1.01,8.94,0.0,3.65,0.0,9.949999999999985,24.540000000000003,-0.005833333333333334,0.06
2024-03-01,0.0,9.637500000000001,7.6,13.3,78.06666666666666,1008.8083333333334,1007.0,1011.8,3,wiosna,61,0.8674563547295968,0.49751328890718066,4.7999999999999545,-7.595833333333303,-6.820833333333212,-2.4583333333333712,1013.6138888888894,1008.9077380952382,7.595833333333303,-1.0,spadek_cisnienia,180.0,1.2246467991473532e-16,-1.0,0.0,1.01,8.94,5.608333333333333,0.0,1.0099999999999858,24.540000000000003,-0.007083333333333334,0.06
2024-03-02,0.0,8.3375,7.0,10.2,78.78333333333333,1008.4375,1007.3,1009.4,3,wiosna,62,0.8758917051442429,0.48250774176121847,2.1000000000000227,-0.37083333333339397,-7.966666666666697,-7.191666666666606,1011.2166666666672,1010.1654761904763,0.37083333333339397,-1.0,spadek_cisnienia,180.0,1.2246467991473532e-16,-1.0,0.0,0.0,1.01,9.637500000000001,0.0,0.0,10.229999999999999,0.029583333333333333,0.07
2024-03-03,0.0,8.525,6.1,12.1,68.86666666666666,1008.1625,1006.8,1009.2,3,wiosna,63,0.8840675099433636,0.46735921715800227,2.400000000000091,-0.27499999999997726,-0.6458333333333712,-8.241666666666674,1008.4694444444449,1010.5767857142856,0.27499999999997726,-1.0,spadek_cisnienia,180.0,1.2246467991473532e-16,-1.0,0.0,0.0,0.0,8.3375,0.0,0.0,9.95,0.04083333333333333,0.07
2024-03-04,0.0,4.920833333333333,2.9,6.2,71.14583333333333,1010.9208333333332,1008.7,1012.5,3,wiosna,64,0.8919813464595485,0.45207220393230435,3.7999999999999545,2.758333333333212,2.483333333333235,2.112499999999841,1009.1736111111114,1011.3755952380952,2.758333333333212,1.0,wzrost_cisnienia,0.0,0.0,1.0,0.0,0.0,0.0,8.525,0.0,0.0,9.95,0.05666666666666667,0.11
2024-03-05,0.34,3.7541666666666664,3.2,4.9,82.0625,1014.2375000000001,1012.6,1017.4,3,wiosna,65,0.8996308696522433,0.43665123195606403,4.7999999999999545,3.3166666666668334,6.0750000000000455,5.800000000000068,1011.1069444444448,1011.8000000000001,3.3166666666668334,1.0,wzrost_cisnienia,0.0,0.0,1.0,0.0,0.0,0.0,4.920833333333333,0.34,0.3399999999999858,1.35,0.07625,0.11
2024-03-06,0.0,4.545833333333333,2.1,6.2,72.58749999999999,1021.8625000000001,1017.6,1025.4,3,wiosna,66,0.9070138128026359,0.4211008707960896,7.800000000000068,7.625,10.941666666666833,13.700000000000045,1015.6736111111117,1012.6904761904763,7.625,1.0,wzrost_cisnienia,0.0,0.0,1.0,0.34,0.0,0.0,3.7541666666666664,0.0,0.3399999999999858,0.34,-0.007916666666666667,0.06
2024-03-07,0.0,2.1416666666666666,-0.8,5.4,72.89583333333333,1024.8541666666667,1023.2,1026.0,3,wiosna,67,0.9141279881853337,0.40542572835999735,2.7999999999999545,2.9916666666666742,10.616666666666674,13.933333333333508,1020.318055555556,1013.897619047619,2.9916666666666742,1.0,wzrost_cisnienia,0.0,0.0,1.0,0.0,0.34,0.0,4.545833333333333,0.0,0.3399999999999858,0.34,-0.09041666666666666,-0.04
2024-03-08,0.0,0.9625,-2.2,5.5,78.66250000000001,1019.9625,1017.0,1023.0,3,wiosna,68,0.9209712877166346,0.38963044953078796,6.0,-4.891666666666765,-1.900000000000091,5.724999999999909,1022.2263888888892,1015.4910714285714,4.891666666666765,-1.0,spadek_cisnienia,180.0,1.2246467991473532e-16,-1.0,0.0,0.0,0.34,2.1416666666666666,0.0,0.0,0.34,-0.11083333333333334,-0.05
2024-03-09,0.0,1.5666666666666667,0.1,3.7,82.12916666666666,1014.1833333333334,1011.9,1016.9,3,wiosna,69,0.9275416835791966,0.37371971479046906,5.0,-5.779166666666583,-10.670833333333348,-7.679166666666674,1019.6666666666671,1016.3119047619048,5.779166666666583,-1.0,spadek_cisnienia,180.0,1.2246467991473532e-16,-1.0,0.0,0.0,0.0,0.9625,0.0,0.0,0.34,-0.14208333333333334,-0.1
2024-03-10,0.0,3.7125,-0.7,7.8,69.86666666666666,1011.0083333333333,1009.5,1012.1,3,wiosna,70,0.9338372288229252,0.35769823883312546,2.6000000000000227,-3.175000000000068,-8.954166666666652,-13.845833333333417,1015.0513888888894,1016.7184523809525,3.175000000000068,-1.0,spadek_cisnienia,180.0,1.2246467991473532e-16,-1.0,0.0,0.0,0.0,1.5666666666666667,0.0,0.0,0.34,-0.17833333333333334,-0.1
2024-03-11,13.94,3.3375,2.5,4.3,75.95833333333333,1009.0166666666668,1008.5,1009.8,3,wiosna,71,0.9398560579418954,0.3415707691678556,1.2999999999999545,-1.9916666666665606,-5.166666666666629,-10.945833333333212,1011.4027777777782,1016.4464285714286,1.9916666666665606,-1.0,spadek_cisnienia,180.0,1.2246467991473532e-16,-1.0,0.0,0.0,0.0,3.7125,13.94,13.939999999999985,14.28,-0.20583333333333334,-0.06
2024-03-12,0.47000000000000003,5.070833333333334,3.9,6.1,89.90833333333335,1009.4499999999999,1008.4,1010.7,3,wiosna,72,0.9455963874271426,0.3253420847119801,2.300000000000068,0.4333333333331666,-1.558333333333394,-4.733333333333462,1009.8250000000004,1015.7624999999999,0.4333333333331666,1.0,wzrost_cisnienia,0.0,0.0,1.0,13.94,0.0,0.0,3.3375,0.47000000000000003,14.409999999999986,14.41,-0.22333333333333336,-0.18
2024-03-13,0.0,5.4125000000000005,4.8,6.3,93.72500000000001,1012.5708333333333,1010.7,1013.8,3,wiosna,73,0.9510565162951535,0.30901699437494745,3.099999999999909,3.120833333333394,3.5541666666665606,1.5625,1010.3458333333338,1014.4351190476191,3.120833333333394,1.0,wzrost_cisnienia,0.0,0.0,1.0,0.47000000000000003,13.94,0.0,5.070833333333334,0.0,14.409999999999986,14.41,-0.26333333333333336,-0.21
2024-03-14,0.0,9.0375,4.2,13.9,75.72916666666667,1010.9541666666668,1009.5,1013.2,3,wiosna,74,0.9562348265919056,0.29260033563334836,3.7000000000000455,-1.6166666666665606,1.5041666666668334,1.9375,1010.9916666666671,1012.4494047619048,1.6166666666665606,-1.0,spadek_cisnienia,180.0,1.2246467991473532e-16,-1.0,0.0,0.47000000000000003,13.94,5.4125000000000005,0.0,0.4699999999999858,14.41,-0.38916666666666666,-0.29
2024-03-15,0.0,10.762500000000001,7.8,14.3,68.38333333333334,1007.2166666666667,1005.3,1009.4,3,wiosna,75,0.9611297838723007,0.27609697309746883,4.100000000000023,-3.737500000000068,-5.354166666666629,-2.233333333333235,1010.2472222222226,1010.6285714285714,3.737500000000068,-1.0,spadek_cisnienia,180.0,1.2246467991473532e-16,-1.0,0.0,0.0,0.47000000000000003,9.0375,0.0,0.0,14.41,-0.34375,-0.3
2024-03-16,0.73,9.254166666666666,5.4,15.5,72.54583333333333,1005.8041666666667,1004.4,1009.4,3,wiosna,76,0.9657399376548549,0.2595117970697999,5.0,-1.4125000000000227,-5.150000000000091,-6.7666666666666515,1007.9916666666671,1009.4315476190476,1.4125000000000227,-1.0,spadek_cisnienia,180.0,1.2246467991473532e-16,-1.0,0.0,0.0,0.0,10.762500000000001,0.73,0.7299999999999858,15.139999999999999,-0.22958333333333333,-0.11
2024-03-17,1.15,2.4458333333333333,0.4,6.2,73.02083333333333,1014.0166666666668,1009.5,1017.2,3,wiosna,77,0.970063921851507,0.2428497220959356,7.7000000000000455,8.212500000000091,6.800000000000068,3.0625,1009.0125000000004,1009.8613095238096,8.212500000000091,1.0,wzrost_cisnienia,0.0,0.0,1.0,0.73,0.0,0.0,9.254166666666666,1.15,1.8799999999999857,16.29,0.14541666666666667,0.36
2024-03-18,1.1,1.7541666666666667,0.6,3.6,79.66666666666667,1016.9791666666666,1015.8,1019.3,3,wiosna,78,0.9741004551724205,0.22611568550828828,3.5,2.9624999999998636,11.174999999999955,9.762499999999932,1012.266666666667,1010.9988095238095,2.9624999999998636,1.0,wzrost_cisnienia,0.0,0.0,1.0,1.15,0.73,0.0,2.4458333333333333,1.1,2.9799999999999858,3.45,-0.02291666666666667,0.22
2024-03-19,0.0,2.5708333333333333,-0.5,4.5,74.12083333333334,1020.8166666666666,1019.5,1021.7,3,wiosna,79,0.9778483415056568,0.20931464596304847,2.2000000000000455,3.8374999999999773,6.799999999999841,15.012499999999932,1017.2708333333336,1012.622619047619,3.8374999999999773,1.0,wzrost_cisnienia,0.0,0.0,1.0,1.1,1.15,0.73,1.7541666666666667,0.0,2.249999999999986,2.9799999999999995,-0.21291666666666667,-0.14
2024-03-20,0.94,4.354166666666667,-0.8,9.5,73.60833333333333,1018.2375000000001,1016.7,1020.6,3,wiosna,80,0.9813064702716093,0.19245158197082998,3.8999999999999773,-2.579166666666538,1.2583333333334394,4.220833333333303,1018.6777777777783,1013.4321428571428,2.579166666666538,-1.0,spadek_cisnienia,180.0,1.2246467991473532e-16,-1.0,0.0,1.1,1.15,2.5708333333333333,0.94,2.039999999999986,3.92,-0.28791666666666665,-0.23
2024-03-21,2.87,6.1625000000000005,5.2,7.6,83.65416666666667,1014.1625,1012.7,1016.4,3,wiosna,81,0.9844738167520922,0.1755314904214282,3.699999999999932,-4.0750000000000455,-6.654166666666583,-2.816666666666606,1017.7388888888894,1013.8904761904762,4.0750000000000455,-1.0,spadek_cisnienia,180.0,1.2246467991473532e-16,-1.0,0.94,0.0,1.1,4.354166666666667,2.87,3.809999999999986,6.79,-0.20208333333333336,-0.13
2024-03-22,1.68,7.3625,4.4,10.1,83.36666666666666,1007.8458333333333,1002.2,1014.4,3,wiosna,82,0.9873494423939864,0.15855938510313478,12.199999999999932,-6.31666666666672,-10.391666666666765,-12.970833333333303,1013.4152777777782,1013.9803571428571,6.31666666666672,-1.0,spadek_cisnienia,180.0,1.2246467991473532e-16,-1.0,2.87,0.94,0.0,6.1625000000000005,1.68,5.489999999999986,8.47,-0.21958333333333332,-0.16
2024-03-23,0.88,6.5125,4.0,8.0,76.69583333333334,999.0708333333333,996.8,1002.2,3,wiosna,83,0.989932495087353,0.141540295217043,5.400000000000091,-8.774999999999977,-15.091666666666697,-19.166666666666742,1007.0263888888893,1013.0184523809525,8.774999999999977,-1.0,spadek_cisnienia,180.0,1.2246467991473532e-16,-1.0,1.68,2.87,0.94,7.3625,0.88,5.429999999999986,8.620000000000001,-0.14833333333333334,-0.06
2024-03-24,0.0,5.5375000000000005,3.6,8.8,67.16250000000001,996.2541666666666,995.2,997.8,3,wiosna,84,0.9922222094179323,0.12447926388678915,2.599999999999909,-2.8166666666667197,-11.591666666666697,-17.908333333333417,1001.0569444444449,1010.4809523809524,2.8166666666667197,-1.0,spadek_cisnienia,180.0,1.2246467991473532e-16,-1.0,0.88,1.68,2.87,6.5125,0.0,2.559999999999986,7.47,-0.07083333333333333,-0.03
2024-03-25,0.0,3.8666666666666667,3.7,4.1,83.0,995.2666666666668,995.1,995.6,3,wiosna,85,0.994217906893952,0.10738134666416309,0.5,-0.9874999999998408,-3.8041666666665606,-12.579166666666538,996.8638888888894,1007.3791666666667,0.9874999999998408,-1.0,spadek_cisnienia,180.0,1.2246467991473532e-16,-1.0,0.0,0.88,1.68,5.5375000000000005,0.0,0.8799999999999858,6.37,-0.0037500000000000003,0.05
2024-03-26,0.37,8.127083333333333,3.5999999999999996,10.3,70.44223484848484,1013.7,1011.55,1015.8,3,wiosna,86,0.995918996147179,0.09025161003104117,4.25,18.43333333333328,17.44583333333344,14.62916666666672,1001.7402777777783,1006.3625000000001,18.43333333333328,1.0,wzrost_cisnienia,0.0,0.0,1.0,0.0,0.0,0.88,3.8666666666666667,0.37,0.3699999999999858,6.74,-0.04416666666666667,0.0
2024-03-27,0.0,6.5,5.9,7.1,68.05,993.7,993.6,993.8,3,wiosna,87,0.9973249731081555,0.07309512989807777,0.1999999999999318,-20.0,-1.5666666666667197,-2.5541666666665606,1000.8888888888893,1002.8571428571429,20.0,-1.0,spadek_cisnienia,180.0,1.2246467991473532e-16,-1.0,0.37,0.0,0.0,8.127083333333333,0.0,0.3699999999999858,5.8,-0.044583333333333336,0.01
2024-03-28,0.0,7.945833333333333,5.45,10.65,61.70340909090909,1011.59375,1007.6,1016.25,3,wiosna,88,0.9984354211555643,0.055916990100603484,8.649999999999977,17.893749999999955,-2.1062500000000455,16.327083333333235,1006.3312500000003,1002.4901785714285,17.893749999999955,1.0,wzrost_cisnienia,0.0,0.0,1.0,0.0,0.37,0.0,6.5,0.0,0.3699999999999858,2.9299999999999997,-0.04083333333333333,0.02
2024-03-29,0.0,7.331249999999999,3.5,10.1,61.6375,1011.21875,1008.85,1012.8499999999999,3,wiosna,89,0.9992500112396835,0.03872228089217446,3.9999999999998863,-0.375,17.518749999999955,-2.4812500000000455,1005.5041666666671,1002.9720238095239,0.375,-1.0,spadek_cisnienia,180.0,1.2246467991473532e-16,-1.0,0.0,0.0,0.37,7.945833333333333,0.0,0.0,1.25,-0.08333333333333333,-0.01
2024-03-30,0.04,9.39642857142857,7.05,11.85,65.78125,1004.0574404761905,1001.05,1008.45,3,wiosna,90,0.9997685019798909,0.021516097436222254,7.400000000000091,-7.16130952380945,-7.53630952380945,10.357440476190504,1008.9566468253971,1003.6843962585035,7.16130952380945,-1.0,spadek_cisnienia,180.0,1.2246467991473532e-16,-1.0,0.0,0.0,0.0,7.331249999999999,0.04,0.03999999999998579,0.41,-0.050416666666666665,0.03
2024-03-31,0.0,8.639583333333334,5.75,11.55,59.88541666666667,1009.2083333333334,1004.5999999999999,1013.5,3,wiosna,91,0.9999907397361901,0.004303538296244289,8.900000000000091,5.150892857142821,-2.0104166666666288,-2.3854166666666288,1008.1615079365083,1005.5349914965988,5.150892857142821,1.0,wzrost_cisnienia,0.0,0.0,1.0,0.04,0.0,0.0,9.39642857142857,0.0,0.03999999999998579,0.41,4.731064025391292e-19,0.05
2024-04-01,0.35,5.110416666666667,2.8,6.800000000000001,74.03958333333333,1008.9375,1007.15,1010.75,4,wiosna,92,0.9999166586547379,-0.01291029607500882,3.6000000000000227,-0.27083333333337123,4.88005952380945,-2.28125,1007.4010912698417,1007.4879676870748,0.27083333333337123,-1.0,spadek_cisnienia,180.0,1.2246467991473532e-16,-1.0,0.0,0.04,0.0,8.639583333333334,0.35,0.38999999999998575,0.76,0.011250000000000001,0.06
2024-04-02,0.0,4.429166666666667,2.1,7.6,60.88333333333333,1013.75625,1008.25,1019.6,4,wiosna,93,0.9995462806873573,-0.030120304846908114,11.350000000000023,4.818750000000023,4.5479166666666515,9.698809523809473,1010.6340277777781,1007.4960034013606,4.818750000000023,1.0,wzrost_cisnienia,0.0,0.0,1.0,0.35,0.0,0.04,5.110416666666667,0.0,0.34999999999998577,0.38999999999999996,0.1625,0.24
2024-04-03,0.0,3.625,1.9,6.2,48.852083333333326,1018.8958333333334,1015.55,1021.3,4,wiosna,94,0.9988797155850336,-0.04732138832243185,5.75,5.1395833333333485,9.958333333333371,9.6875,1013.8631944444447,1011.0954081632653,5.1395833333333485,1.0,wzrost_cisnienia,0.0,0.0,1.0,0.0,0.35,0.0,4.429166666666667,0.0,0.34999999999998577,0.38999999999999996,0.029583333333333333,0.095
2024-04-04,0.0,5.324999999999999,1.8,9.9,55.05208333333333,1014.41875,1008.0,1019.0,4,wiosna,95,0.9979171608653922,-0.06450844944931623,11.0,-4.477083333333326,0.6625000000000227,5.4812500000000455,1015.6902777777782,1011.4989795918367,4.477083333333326,-1.0,spadek_cisnienia,180.0,1.2246467991473532e-16,-1.0,0.0,0.0,0.35,3.625,0.0,0.0,0.38999999999999996,0.00625,0.04
2024-04-05,1.38,4.20625,1.15,6.15,61.76041666666667,1002.2645833333332,999.05,1008.95,4,wiosna,96,0.9966589017541702,-0.08167639533042241,9.900000000000091,-12.15416666666681,-16.631250000000136,-11.491666666666788,1011.8597222222226,1010.2198129251701,12.15416666666681,-1.0,spadek_cisnienia,180.0,1.2246467991473532e-16,-1.0,0.0,0.0,0.0,5.324999999999999,1.38,1.3799999999999857,1.7699999999999998,-0.04666666666666667,0.04
2024-04-06,0.225,3.352083333333333,0.7,5.65,70.43958333333333,1006.3770833333334,1003.8,1008.35,4,wiosna,97,0.9951053111006976,-0.09882013873287143,4.550000000000068,4.112500000000182,-8.041666666666629,-12.518749999999955,1007.686805555556,1010.5511904761905,4.112500000000182,1.0,wzrost_cisnienia,0.0,0.0,1.0,1.38,0.0,0.0,4.20625,0.225,1.6049999999999858,1.9549999999999998,-0.028333333333333335,0.03
2024-04-07,0.12,6.0770833333333325,3.8,8.8,63.40625,1007.4,1005.8,1009.45,4,wiosna,98,0.9932568492674143,-0.11593459959550041,3.650000000000091,1.0229166666665606,5.1354166666667425,-7.018750000000068,1005.3472222222226,1010.2928571428572,1.0229166666665606,1.0,wzrost_cisnienia,0.0,0.0,1.0,0.225,1.38,0.0,3.352083333333333,0.12,1.7249999999999857,2.0749999999999997,-0.10666666666666667,0.05
2024-04-08,0.19999999999999998,6.666666666666666,4.4,9.55,60.97916666666667,1014.01875,1009.45,1017.9,4,wiosna,99,0.9911140639934547,-0.1330147065341959,8.449999999999932,6.618749999999977,7.641666666666538,11.75416666666672,1009.2652777777781,1011.0187500000001,6.618749999999977,1.0,wzrost_cisnienia,0.0,0.0,1.0,0.12,0.225,1.38,6.0770833333333325,0.19999999999999998,0.5449999999999857,1.9249999999999998,-0.043333333333333335,0.07
2024-04-09,0.74,6.89375,2.8,10.3,58.42309782608696,1011.8430253623189,1008.8499999999999,1016.15,4,wiosna,100,0.9886775902323405,-0.1500553983446526,7.300000000000068,-2.1757246376810144,4.443025362318963,5.465942028985523,1011.0872584541066,1010.745432194617,2.1757246376810144,-1.0,spadek_cisnienia,180.0,1.2246467991473532e-16,-1.0,0.19999999999999998,0.12,0.225,6.666666666666666,0.74,1.0599999999999858,2.665,0.06166666666666667,0.19
2024-04-10,0.035,5.94375,3.25,8.95,60.125,1012.8541666666667,1006.5,1016.55,4,wiosna,101,0.9859481499638304,-0.16705162550211924,10.049999999999955,1.0111413043478024,-1.164583333333212,5.454166666666765,1012.9053140096622,1009.8823369565217,1.0111413043478024,1.0,wzrost_cisnienia,0.0,0.0,1.0,0.74,0.19999999999999998,0.12,6.89375,0.035,0.9749999999999858,2.6999999999999997,0.009583333333333334,0.2
2024-04-11,0.0,15.51,13.5,17.6,38.78,1023.78,1023.3,1024.2,4,wiosna,102,0.9829265519799822,-0.18399835165768005,0.900000000000091,10.92583333333323,11.936974637681033,9.761250000000018,1016.1590640096623,1011.2196583850933,10.92583333333323,1.0,wzrost_cisnienia,0.0,0.0,1.0,0.035,0.74,0.19999999999999998,5.94375,0.0,0.7749999999999857,2.6999999999999997,-0.07833333333333334,0.09
2024-04-12,0.38,15.216666666666667,13.3,18.0,59.270833333333336,1022.1875,1017.8,1024.1,4,wiosna,103,0.9796136916454901,-0.20089055513063506,6.2999999999999545,-1.5924999999999727,9.333333333333258,10.34447463768106,1019.6072222222225,1014.0657893374743,1.5924999999999727,-1.0,spadek_cisnienia,180.0,1.2246467991473532e-16,-1.0,0.0,0.035,0.74,15.51,0.38,0.4149999999999857,1.7,-0.002083333333333333,0.13
2024-04-13,0.0,14.345833333333333,12.1,17.4,61.925000000000004,1015.9291666666667,1012.2,1017.4,4,wiosna,104,0.9760105506323683,-0.21772323039653177,5.199999999999932,-6.258333333333326,-7.8508333333332985,3.074999999999932,1020.6322222222226,1015.4303726708074,6.258333333333326,-1.0,spadek_cisnienia,180.0,1.2246467991473532e-16,-1.0,0.38,0.0,0.035,15.216666666666667,0.0,0.3799999999999857,1.4749999999999999,0.045000000000000005,0.13
2024-04-14,5.36,12.9,9.5,14.5,51.737500000000004,1007.5083333333333,1004.7,1011.2,4,wiosna,105,0.9721181966290613,-0.23449138957040985,6.5,-8.420833333333348,-14.679166666666674,-16.271666666666647,1015.2083333333336,1015.4458488612837,8.420833333333348,-1.0,spadek_cisnienia,180.0,1.2246467991473532e-16,-1.0,0.0,0.38,0.0,14.345833333333333,5.36,5.739999999999986,6.715,0.10125,0.28
2024-04-15,0.0,9.179166666666667,7.8,12.2,58.99583333333334,1003.4916666666667,995.5,1007.9,4,wiosna,106,0.9679377830240642,-0.25119006388481935,12.399999999999977,-4.0166666666666515,-12.4375,-18.695833333333326,1008.9763888888892,1013.9419798136647,4.0166666666666515,-1.0,spadek_cisnienia,180.0,1.2246467991473532e-16,-1.0,5.36,0.0,0.38,12.9,0.0,5.359999999999986,6.515000000000001,0.13916666666666666,0.22
2024-04-16,34.980000000000004,7.5625,5.0,8.6,82.59166666666667,992.0583333333334,988.5,995.9,4,wiosna,107,0.9634705485641488,-0.2678143051621742,7.399999999999977,-11.43333333333328,-15.449999999999932,-23.87083333333328,1001.0194444444447,1011.1155952380951,11.43333333333328,-1.0,spadek_cisnienia,180.0,1.2246467991473532e-16,-1.0,0.0,5.36,0.0,9.179166666666667,34.980000000000004,40.33999999999999,40.755,0.24708333333333332,0.38
2024-04-17,0.88,6.695833333333333,5.7,8.0,68.5625,1001.2458333333334,996.6,1005.6,4,wiosna,108,0.9587178169872964,-0.2843591872810034,9.0,9.1875,-2.2458333333332803,-6.262499999999932,998.9319444444449,1009.457261904762,9.1875,1.0,wzrost_cisnienia,0.0,0.0,1.0,34.980000000000004,0.0,5.36,7.5625,0.88,35.85999999999999,41.60000000000001,0.29791666666666666,0.36
2024-04-18,0.51,6.375,5.1,7.5,69.99166666666666,1007.7666666666668,1005.9,1008.8,4,wiosna,109,0.9536809966304457,-0.30081980763566735,2.8999999999999773,6.520833333333371,15.708333333333371,4.275000000000091,1000.3569444444448,1007.1696428571429,6.520833333333371,1.0,wzrost_cisnienia,0.0,0.0,1.0,0.88,34.980000000000004,0.0,6.695833333333333,0.51,36.36999999999999,42.11000000000001,0.2575,0.32
2024-04-19,7.4399999999999995,6.6499999999999995,3.8,9.0,80.19166666666666,1001.7208333333333,999.2,1007.1,4,wiosna,110,0.9483615800121715,-0.3171912885891061,7.899999999999977,-6.045833333333462,0.47499999999990905,9.662499999999909,1003.5777777777781,1004.2458333333333,6.045833333333462,-1.0,spadek_cisnienia,180.0,1.2246467991473532e-16,-1.0,0.51,0.88,34.980000000000004,6.375,7.4399999999999995,8.829999999999984,49.17,0.20125,0.23
2024-04-20,5.44,5.083333333333333,3.7,6.3,65.375,1008.0708333333333,1000.3,1016.0,4,wiosna,111,0.9427611433904207,-0.3334687789181868,15.700000000000045,6.350000000000023,0.30416666666656056,6.824999999999932,1005.8527777777781,1003.1232142857142,6.350000000000023,1.0,wzrost_cisnienia,0.0,0.0,1.0,7.4399999999999995,0.51,0.88,6.6499999999999995,5.44,13.389999999999986,54.61,0.26791666666666664,0.35
2024-04-21,0.17,5.704166666666667,4.5,20.9,60.699999999999996,1018.7416666666667,1016.5,1019.9,4,wiosna,112,0.9368813462954315,-0.3496474552512284,3.3999999999999773,10.670833333333348,17.02083333333337,10.974999999999909,1009.5111111111114,1004.7279761904762,10.670833333333348,1.0,wzrost_cisnienia,0.0,0.0,1.0,5.44,7.4399999999999995,0.51,5.083333333333333,0.17,13.049999999999986,49.42,0.23708333333333334,0.33
2024-04-22,1.6400000000000001,4.666666666666667,3.2,5.6,69.58333333333333,1017.0708333333333,1016.0,1018.7,4,wiosna,113,0.9307239310379795,-0.36572252349726897,2.7000000000000455,-1.6708333333333485,9.0,15.350000000000023,1014.6277777777781,1006.6678571428571,1.6708333333333485,-1.0,spadek_cisnienia,180.0,1.2246467991473532e-16,-1.0,0.17,5.44,7.4399999999999995,5.704166666666667,1.6400000000000001,7.249999999999986,51.06,0.2866666666666667,0.37
2024-04-23,0.0,7.641666666666667,4.2,40.0,62.24583333333334,1014.375,1010.8,1017.6,4,wiosna,114,0.9242907221930934,-0.3816892202666588,6.800000000000068,-2.6958333333333258,-4.366666666666674,6.304166666666674,1016.729166666667,1009.8559523809524,2.6958333333333258,-1.0,spadek_cisnienia,180.0,1.2246467991473532e-16,-1.0,1.6400000000000001,0.17,5.44,4.666666666666667,0.0,1.8099999999999858,16.08,0.06625,0.19
2024-04-24,0.0,7.158333333333334,5.1,8.6,54.166666666666664,1005.9041666666667,1002.0,1010.6,4,wiosna,115,0.9175836260593937,-0.39754281428255595,8.600000000000023,-8.470833333333303,-11.166666666666629,-12.837499999999977,1012.4500000000004,1010.5214285714285,8.470833333333303,-1.0,spadek_cisnienia,180.0,1.2246467991473532e-16,-1.0,0.0,1.6400000000000001,0.17,7.641666666666667,0.0,1.639999999999986,15.2,0.010416666666666666,0.06
2024-04-25,0.14,7.104166666666667,3.9,9.7,63.81666666666666,1001.9499999999999,1000.8,1003.5,4,wiosna,116,0.9106046300942163,-0.4132786077829042,2.7000000000000455,-3.954166666666765,-12.425000000000068,-15.120833333333394,1007.4097222222226,1009.6904761904761,3.954166666666765,-1.0,spadek_cisnienia,180.0,1.2246467991473532e-16,-1.0,0.0,0.0,1.6400000000000001,7.158333333333334,0.14,0.1399999999999858,14.829999999999998,0.03958333333333334,0.09
2024-04-26,0.0,9.6875,5.3,12.8,59.39166666666667,1005.725,1003.4,1008.0,4,wiosna,117,0.9033558023246845,-0.4288919379124835,4.600000000000023,3.775000000000091,-0.17916666666667425,-8.649999999999977,1004.5263888888893,1010.2625,3.775000000000091,1.0,wzrost_cisnienia,0.0,0.0,1.0,0.14,0.0,0.0,7.104166666666667,0.0,0.1399999999999858,7.390000000000001,-0.02625,0.02
2024-04-27,0.0,13.4125,7.6,18.3,49.333333333333336,1010.2958333333332,1007.9,1013.7,4,wiosna,118,0.895839290734909,-0.4443781781046132,5.800000000000068,4.570833333333212,8.345833333333303,4.391666666666538,1005.990277777778,1010.580357142857,4.570833333333212,1.0,wzrost_cisnienia,0.0,0.0,1.0,0.0,0.14,0.0,9.6875,0.0,0.1399999999999858,1.9500000000000002,-0.034583333333333334,0.0
2024-04-28,0.0,15.656521739130437,9.1,21.6,49.42173913043479,1014.8304347826087,1013.9,1015.7,4,wiosna,119,0.8880573226294932,-0.45973273945210397,1.8000000000000682,4.534601449275442,9.105434782608654,12.880434782608745,1010.2837560386478,1010.0216097308488,4.534601449275442,1.0,wzrost_cisnienia,0.0,0.0,1.0,0.0,0.0,0.14,13.4125,0.0,0.0,1.7800000000000002,-0.059166666666666666,-0.03
2024-04-29,0.0,15.1625,11.5,23.5,56.083333333333336,1019.0124999999999,1015.8,1022.5,4,wiosna,120,0.8800122039735357,-0.47495107206704995,6.7000000000000455,4.182065217391255,8.716666666666697,13.287499999999909,1014.7129227053143,1010.2989906832298,4.182065217391255,1.0,wzrost_cisnienia,0.0,0.0,1.0,0.0,0.0,0.0,15.656521739130437,0.0,0.0,0.14,-0.0775,-0.01
2024-04-30,0.0,16.175,10.7,23.2,56.175000000000004,1020.0416666666666,1017.2,1022.5,4,wiosna,121,0.8717063187093218,-0.49002866642905923,5.2999999999999545,1.029166666666697,5.211231884057952,9.745833333333394,1017.9615338164255,1011.1085144927536,1.029166666666697,1.0,wzrost_cisnienia,0.0,0.0,1.0,0.0,0.0,0.0,15.1625,0.0,0.0,0.14,-0.08958333333333333,-0.06
2024-05-01,0.0,17.983333333333334,12.9,23.9,52.76666666666667,1014.4875000000001,1011.6,1017.4,5,wiosna,122,0.8631421280499114,-0.5049610547215204,5.7999999999999545,-5.554166666666561,-4.524999999999864,-0.34293478260860866,1017.8472222222226,1012.334704968944,5.554166666666561,-1.0,spadek_cisnienia,180.0,1.2246467991473532e-16,-1.0,0.0,0.0,0.0,16.175,0.0,0.0,0.14,-0.059166666666666666,-0.02
2024-05-02,0.0,18.545833333333334,11.9,24.8,48.80833333333334,1008.8874999999999,1006.3,1011.7,5,wiosna,123,0.854322169749827,-0.5197438121555155,5.400000000000091,-5.600000000000136,-11.154166666666697,-10.125,1014.4722222222226,1013.3257763975155,5.600000000000136,-1.0,spadek_cisnienia,180.0,1.2246467991473532e-16,-1.0,0.0,0.0,0.0,17.983333333333334,0.0,0.0,0.0,-0.06875,-0.02
2024-05-03,0.0,18.595833333333335,12.6,24.7,55.2875,1008.0041666666666,1007.1,1009.2,5,wiosna,124,0.8452490573530633,-0.5343725582809787,2.1000000000000227,-0.8833333333333258,-6.483333333333462,-12.037500000000023,1010.4597222222225,1013.6513716356106,0.8833333333333258,-1.0,spadek_cisnienia,180.0,1.2246467991473532e-16,-1.0,0.0,0.0,0.0,18.545833333333334,0.0,0.0,0.0,-0.10041666666666667,-0.05
2024-05-04,0.0,17.379166666666666,13.3,24.0,62.98333333333333,1010.0375,1009.3,1010.9,5,wiosna,125,0.835925479418637,-0.548842958284719,1.6000000000000227,2.0333333333334167,1.150000000000091,-4.4500000000000455,1008.9763888888892,1013.6144668737061,2.0333333333334167,1.0,wzrost_cisnienia,0.0,0.0,1.0,0.0,0.0,0.0,18.595833333333335,0.0,0.0,0.0,-0.14375000000000002,-0.1
2024-05-05,14.02,16.508333333333333,12.4,29.4,79.20416666666667,1005.8125,1002.7,1009.8,5,wiosna,126,0.8263541987239096,-0.5631507242749186,7.099999999999909,-4.225000000000023,-2.191666666666606,-3.074999999999932,1007.9513888888893,1012.3261904761905,4.225000000000023,-1.0,spadek_cisnienia,180.0,1.2246467991473532e-16,-1.0,0.0,0.0,0.0,17.379166666666666,14.02,14.019999999999985,14.02,-0.11625,0.0
2024-05-06,1.06,14.220833333333333,11.5,16.8,72.28333333333333,1002.9291666666667,1001.5,1005.0,5,wiosna,127,0.8165380514459161,-0.5772916165517272,3.5,-2.8833333333333258,-7.1083333333333485,-5.074999999999932,1006.2597222222226,1010.0285714285716,2.8833333333333258,-1.0,spadek_cisnienia,180.0,1.2246467991473532e-16,-1.0,14.02,0.0,0.0,16.508333333333333,1.06,15.079999999999986,15.08,-0.04666666666666666,0.0
2024-05-07,0.23,10.504166666666666,8.9,12.2,64.39583333333333,1014.5958333333333,1005.4,1021.0,5,wiosna,128,0.8064799463209448,-0.5912614448635781,15.600000000000023,11.666666666666629,8.783333333333303,4.55833333333328,1007.7791666666672,1009.2505952380952,11.666666666666629,1.0,wzrost_cisnienia,0.0,0.0,1.0,1.06,14.02,0.0,14.220833333333333,0.23,15.309999999999986,15.31,-0.050833333333333335,0.06
2024-05-08,0.0,9.629166666666666,5.8,12.6,56.11666666666667,1023.3166666666666,1021.1,1024.3,5,wiosna,129,0.7961828637826158,-0.6050560696488488,3.199999999999932,8.720833333333303,20.387499999999932,17.504166666666606,1013.6138888888894,1010.5119047619047,8.720833333333303,1.0,wzrost_cisnienia,0.0,0.0,1.0,0.23,1.06,14.02,10.504166666666666,0.0,1.2899999999999858,15.31,-0.14625,-0.09
2024-05-09,0.0,13.220833333333333,7.7,19.0,52.54583333333333,1021.6374999999999,1018.2,1024.2,5,wiosna,130,0.7856498550787145,-0.6186714032625031,6.0,-1.6791666666666742,7.041666666666629,18.708333333333258,1019.8500000000004,1012.3333333333333,1.6791666666666742,-1.0,spadek_cisnienia,180.0,1.2246467991473532e-16,-1.0,0.0,0.23,1.06,9.629166666666666,0.0,0.2299999999999858,15.31,-0.18916666666666668,-0.13
2024-05-10,0.65,12.683333333333332,10.3,15.2,71.98333333333333,1017.6625,1015.9,1020.0,5,wiosna,131,0.7748840413670407,-0.6321034111873487,4.100000000000023,-3.974999999999909,-5.654166666666583,3.0666666666667197,1020.8722222222226,1013.7130952380952,3.974999999999909,-1.0,spadek_cisnienia,180.0,1.2246467991473532e-16,-1.0,0.0,0.0,0.23,13.220833333333333,0.65,0.6499999999999858,15.959999999999999,-0.12958333333333333,-0.08
2024-05-11,0.0,10.408333333333333,8.0,12.0,53.637499999999996,1021.4,1019.9,1022.4,5,wiosna,132,0.7638886127905428,-0.6453481132295501,2.5,3.7374999999999545,-0.23749999999995453,-1.9166666666666288,1020.2333333333337,1015.3363095238094,3.7374999999999545,1.0,wzrost_cisnienia,0.0,0.0,1.0,0.65,0.0,0.0,12.683333333333332,0.0,0.6499999999999858,15.959999999999999,-0.11875000000000001,-0.08
2024-05-12,0.0,10.941666666666668,6.5,14.7,56.37083333333334,1022.3916666666668,1020.4,1023.7,5,wiosna,133,0.7526668275320084,-0.6584015846980488,3.300000000000068,0.9916666666667879,4.7291666666667425,0.7541666666668334,1020.4847222222228,1017.7047619047618,0.9916666666667879,1.0,wzrost_cisnienia,0.0,0.0,1.0,0.0,0.65,0.0,10.408333333333333,0.0,0.6499999999999858,1.94,-0.14916666666666667,-0.08
2024-05-13,0.0,13.229166666666666,7.3,18.7,50.050000000000004,1018.6166666666667,1016.3,1020.3,5,wiosna,134,0.741222010848596,-0.6712599575675313,4.0,-3.775000000000091,-2.783333333333303,0.9541666666666515,1020.8027777777783,1019.9458333333332,3.775000000000091,-1.0,spadek_cisnienia,180.0,1.2246467991473532e-16,-1.0,0.0,0.0,0.65,10.941666666666668,0.0,0.0,0.88,-0.1675,-0.11
2024-05-14,0.0,15.1,8.5,20.0,59.18333333333334,1015.7125,1014.8,1016.2,5,wiosna,135,0.7295575540864875,-0.6839194216246106,1.400000000000091,-2.904166666666697,-6.679166666666788,-5.6875,1018.9069444444449,1020.1053571428572,2.904166666666697,-1.0,spadek_cisnienia,180.0,1.2246467991473532e-16,-1.0,0.0,0.0,0.0,13.229166666666666,0.0,0.0,0.65,-0.16874999999999998,-0.12
2024-05-15,0.0,16.641666666666666,11.9,21.5,46.42916666666667,1016.5124999999999,1015.5,1017.7,5,wiosna,136,0.717676913675962,-0.6963762255968722,2.2000000000000455,0.7999999999999545,-2.1041666666667425,-5.879166666666833,1016.9472222222225,1019.1333333333333,0.7999999999999545,1.0,wzrost_cisnienia,0.0,0.0,1.0,0.0,0.0,0.0,15.1,0.0,0.0,0.65,-0.19499999999999998,-0.16
2024-05-16,0.0,16.416666666666668,11.0,20.6,36.21666666666667,1017.0208333333334,1015.5,1018.1,5,wiosna,137,0.705583610107178,-0.7086266782644596,2.6000000000000227,0.5083333333334394,1.308333333333394,-1.595833333333303,1016.4152777777781,1018.4738095238096,0.5083333333334394,1.0,wzrost_cisnienia,0.0,0.0,1.0,0.0,0.0,0.0,16.641666666666666,0.0,0.0,0.65,-0.22041666666666668,-0.18
2024-05-17,0.0,16.895833333333332,10.7,22.2,35.449999999999996,1015.2291666666666,1012.6,1017.3,5,wiosna,138,0.6932812268869777,-0.7206671495538609,4.699999999999932,-1.7916666666667425,-1.283333333333303,-0.4833333333333485,1016.2541666666671,1018.1261904761905,1.7916666666667425,-1.0,spadek_cisnienia,180.0,1.2246467991473532e-16,-1.0,0.0,0.0,0.0,16.416666666666668,0.0,0.0,0.0,-0.2070833333333333,-0.15
2024-05-18,0.0,17.8125,11.4,24.1,45.520833333333336,1011.1999999999999,1009.5,1012.6,5,wiosna,139,0.6807734094770161,-0.7324940716135789,3.1000000000000227,-4.029166666666697,-5.820833333333439,-5.3125,1014.4833333333337,1016.6690476190477,4.029166666666697,-1.0,spadek_cisnienia,180.0,1.2246467991473532e-16,-1.0,0.0,0.0,0.0,16.895833333333332,0.0,0.0,0.0,-0.21666666666666667,-0.16
2024-05-19,1.08,17.337500000000002,12.2,23.3,64.94166666666666,1008.5708333333333,1007.2,1009.4,5,wiosna,140,0.6680638642135335,-0.7441039398713607,2.199999999999932,-2.629166666666606,-6.658333333333303,-8.450000000000045,1011.666666666667,1014.6946428571428,2.629166666666606,-1.0,spadek_cisnienia,180.0,1.2246467991473532e-16,-1.0,0.0,0.0,0.0,17.8125,1.08,1.0799999999999859,1.08,-0.24,-0.19
2024-05-20,0.0,18.004347826086956,13.8,22.4,64.01739130434783,1009.7260869565217,1008.0,1011.6,5,wiosna,141,0.6551563572090853,-0.7554933140726803,3.6000000000000227,1.1552536231884005,-1.4739130434782055,-5.5030797101449025,1009.8323067632855,1013.4245600414079,1.1552536231884005,1.0,wzrost_cisnienia,0.0,0.0,1.0,1.08,0.0,0.0,17.337500000000002,0.0,1.0799999999999859,1.08,-0.14375000000000002,-0.06
2024-05-21,0.0,18.195833333333333,14.8,21.1,68.9375,1011.5500000000001,1010.4,1012.6,5,wiosna,142,0.6420547132365637,-0.766658819300159,2.2000000000000455,1.823913043478342,2.9791666666667425,0.3500000000001364,1009.9489734299522,1012.8299171842649,1.823913043478342,1.0,wzrost_cisnienia,0.0,0.0,1.0,0.0,1.08,0.0,18.004347826086956,0.0,1.0799999999999859,1.08,-0.13791666666666666,-0.1
2024-05-22,0.0,19.983333333333334,15.6,23.8,63.87916666666666,1008.9708333333333,1006.9,1010.5,5,wiosna,143,0.6287628145958344,-0.777597146973627,3.6000000000000227,-2.579166666666765,-0.7552536231884233,0.39999999999997726,1010.0823067632855,1011.752536231884,2.579166666666765,-1.0,spadek_cisnienia,180.0,1.2246467991473532e-16,-1.0,0.0,0.0,1.08,18.195833333333333,0.0,0.0,1.08,-0.15958333333333333,-0.12
2024-05-23,0.72,18.691666666666666,15.9,21.3,70.14583333333333,1010.2416666666667,1007.4,1014.2,5,wiosna,144,0.6152845999633276,-0.7883050558305255,6.800000000000068,1.2708333333333712,-1.308333333333394,0.515579710144948,1010.2541666666671,1010.7840838509318,1.2708333333333712,1.0,wzrost_cisnienia,0.0,0.0,1.0,0.0,0.0,0.0,19.983333333333334,0.72,0.7199999999999858,1.8,-0.18333333333333335,-0.16
2024-05-24,0.0,17.3625,15.4,20.0,72.125,1016.6999999999999,1014.5,1018.3,5,wiosna,145,0.6016240632249226,-0.7987793728863649,3.7999999999999545,6.4583333333332575,7.729166666666629,5.149999999999864,1011.9708333333336,1010.9942028985507,6.4583333333332575,1.0,wzrost_cisnienia,0.0,0.0,1.0,0.72,0.0,0.0,18.691666666666666,0.0,0.7199999999999858,1.8,-0.23375,-0.17
2024-05-25,0.48,20.087500000000002,15.0,25.6,66.81666666666666,1015.9125,1014.9,1016.7,5,wiosna,146,0.5877852522924732,-0.8090169943749473,1.8000000000000682,-0.787499999999909,5.6708333333333485,6.94166666666672,1014.2847222222226,1011.667417184265,0.787499999999909,-1.0,spadek_cisnienia,180.0,1.2246467991473532e-16,-1.0,0.0,0.72,0.0,17.3625,0.48,1.1999999999999857,2.2800000000000002,-0.21875,-0.17
2024-05-26,0.0,20.616666666666667,15.7,25.1,59.49166666666667,1017.1916666666666,1015.9,1018.0,5,wiosna,147,0.5737722679043246,-0.8190148866680801,2.1000000000000227,1.2791666666665833,0.49166666666667425,6.949999999999932,1016.6013888888892,1012.8989648033127,1.2791666666665833,1.0,wzrost_cisnienia,0.0,0.0,1.0,0.48,0.0,0.72,20.087500000000002,0.0,0.47999999999998577,1.2,-0.18958333333333333,-0.12
2024-05-27,0.0,22.504166666666666,15.9,28.4,42.483333333333334,1015.8416666666667,1013.5,1017.9,5,wiosna,148,0.5595892624101765,-0.8287700871745037,4.399999999999977,-1.349999999999909,-0.07083333333332575,-0.8583333333332348,1016.3152777777782,1013.7726190476191,1.349999999999909,-1.0,spadek_cisnienia,180.0,1.2246467991473532e-16,-1.0,0.0,0.48,0.0,20.616666666666667,0.0,0.47999999999998577,1.2,-0.22291666666666665,-0.17
2024-05-28,0.0,21.452173913043477,14.9,27.9,48.27826086956522,1012.2739130434783,1010.1,1014.3,5,wiosna,149,0.545240438540651,-0.8382797052177743,4.199999999999932,-3.5677536231884233,-4.917753623188332,-3.638586956521749,1015.1024154589376,1013.8760351966874,3.5677536231884233,-1.0,spadek_cisnienia,180.0,1.2246467991473532e-16,-1.0,0.0,0.0,0.48,22.504166666666666,0.0,0.0,1.2,-0.21333333333333335,-0.08
2024-05-29,0.0,17.075,14.8,20.2,67.42916666666666,1011.2083333333334,1008.3,1013.2,5,wiosna,150,0.5307300481619334,-0.8475409228928311,4.900000000000091,-1.0655797101449025,-4.633333333333326,-5.983333333333235,1013.1079710144932,1014.1956780538302,1.0655797101449025,-1.0,spadek_cisnienia,180.0,1.2246467991473532e-16,-1.0,0.0,0.0,0.0,21.452173913043477,0.0,0.0,1.2,-0.22791666666666666,-0.18
2024-05-30,0.0,19.125,14.1,23.7,67.6125,1005.275,1003.1,1008.1,5,wiosna,151,0.5160623910158528,-0.8565509959010036,5.0,-5.933333333333394,-6.9989130434782965,-10.56666666666672,1009.5857487922709,1013.4861542443062,5.933333333333394,-1.0,spadek_cisnienia,180.0,1.2246467991473532e-16,-1.0,0.0,0.0,0.0,17.075,0.0,0.0,0.48,-0.18916666666666668,-0.13
2024-05-31,0.0,20.325,14.9,26.3,63.47083333333333,1005.3083333333334,1003.5,1007.1,5,wiosna,152,0.5012418134457758,-0.865307254363206,3.6000000000000227,0.033333333333416704,-5.899999999999977,-6.96557971014488,1007.2638888888893,1011.8587732919253,0.033333333333416704,1.0,wzrost_cisnienia,0.0,0.0,1.0,0.0,0.0,0.0,19.125,0.0,0.0,0.48,-0.13875,0.03
2024-06-01,0.0,21.087500000000002,16.4,25.0,63.229166666666664,1006.7666666666668,1006.2,1007.3,6,lato,153,0.48627270710869,-0.8738071036110808,1.099999999999909,1.4583333333333712,1.491666666666788,-4.441666666666606,1005.7833333333338,1010.552225672878,1.4583333333333712,1.0,wzrost_cisnienia,0.0,0.0,1.0,0.0,0.0,0.0,20.325,0.0,0.0,0.0,-0.11875000000000001,-0.09
2024-06-02,0.0,20.066666666666666,16.5,24.1,67.89583333333333,1006.5208333333334,1005.5,1007.9,6,lato,154,0.4711595076738638,-0.8820480249558537,2.3999999999999773,-0.24583333333339397,1.2124999999999773,1.245833333333394,1006.1986111111115,1009.0278209109731,0.24583333333339397,-1.0,spadek_cisnienia,180.0,1.2246467991473532e-16,-1.0,0.0,0.0,0.0,21.087500000000002,0.0,0.0,0.0,-0.08666666666666667,-0.05
2024-06-03,0.0,18.912499999999998,14.9,24.1,64.175,1008.1333333333333,1007.4,1008.9,6,lato,155,0.4559066935084588,-0.8900275764346767,1.5,1.6124999999999545,1.3666666666665606,2.824999999999932,1007.1402777777781,1007.9266304347826,1.6124999999999545,1.0,wzrost_cisnienia,0.0,0.0,1.0,0.0,0.0,0.0,20.066666666666666,0.0,0.0,0.0,-0.13083333333333333,-0.08
2024-06-04,0.0,17.783333333333335,14.2,22.3,57.65,1008.7958333333332,1007.8,1009.5,6,lato,156,0.440518784350495,-0.8977433935342337,1.7000000000000455,0.662499999999909,2.2749999999998636,2.0291666666664696,1007.8166666666671,1007.4297619047619,0.662499999999909,1.0,wzrost_cisnienia,0.0,0.0,1.0,0.0,0.0,0.0,18.912499999999998,0.0,0.0,0.0,-0.13375,-0.09
2024-06-05,5.25,18.708695652173912,14.3,24.9,61.02173913043478,1006.3086956521738,1004.9,1008.5,6,lato,157,0.42500033996955416,-0.9051931898913974,3.6000000000000227,-2.4871376811594246,-1.8246376811595155,-0.212137681159561,1007.7459541062805,1006.7298136645962,2.4871376811594246,-1.0,spadek_cisnienia,180.0,1.2246467991473532e-16,-1.0,0.0,0.0,0.0,17.783333333333335,5.25,5.249999999999986,5.25,-0.12458333333333334,-0.07
2024-06-06,0.0,15.625,13.2,19.3,58.65416666666667,1012.0791666666668,1008.4,1013.7,6,lato,158,0.4093559588156213,-0.9123747579707273,5.300000000000068,5.770471014492955,3.2833333333335304,3.9458333333334394,1009.0612318840582,1007.7018374741201,5.770471014492955,1.0,wzrost_cisnienia,0.0,0.0,1.0,5.25,0.0,0.0,18.708695652173912,0.0,5.249999999999986,5.25,-0.09125,-0.02
2024-06-07,0.0,14.691666666666668,11.1,17.9,56.791666666666664,1013.4125,1012.5,1014.1,6,lato,159,0.39359027665646673,-0.9192859697186104,1.6000000000000227,1.3333333333332575,7.1038043478262125,4.616666666666788,1010.6001207729473,1008.8595755693583,1.3333333333332575,1.0,wzrost_cisnienia,0.0,0.0,1.0,0.0,5.25,0.0,15.625,0.0,5.249999999999986,5.25,-0.08458333333333334,-0.04
2024-06-08,0.62,17.479166666666668,13.0,21.7,49.51666666666667,1008.5958333333333,1000.8,1012.6,6,lato,160,0.3777079652039649,-0.9259247771938498,11.800000000000068,-4.81666666666672,-3.483333333333462,2.287137681159493,1011.3625000000005,1009.1208850931677,4.81666666666672,-1.0,spadek_cisnienia,180.0,1.2246467991473532e-16,-1.0,0.0,0.0,5.25,14.691666666666668,0.62,0.6199999999999858,5.87,-0.09333333333333334,-0.05
2024-06-09,4.06,16.070833333333333,13.1,19.5,52.50833333333333,1001.875,999.7,1003.0,6,lato,161,0.36171373072976765,-0.9322892131745133,3.2999999999999545,-6.720833333333303,-11.537500000000023,-10.204166666666765,1007.9611111111116,1008.4571946169772,6.720833333333303,-1.0,spadek_cisnienia,180.0,1.2246467991473532e-16,-1.0,0.62,0.0,0.0,17.479166666666668,4.06,4.6799999999999855,9.93,-0.002500000000000001,0.15
2024-06-10,0.0,15.9,12.3,19.5,53.5625,1001.4958333333334,1001.0,1002.1,6,lato,162,0.3456123126707335,-0.9383773917408641,1.1000000000000227,-0.37916666666660603,-7.099999999999909,-11.916666666666629,1003.9888888888894,1007.5089803312629,0.37916666666660603,-1.0,spadek_cisnienia,180.0,1.2246467991473532e-16,-1.0,4.06,0.62,0.0,16.070833333333333,0.0,4.6799999999999855,9.93,-0.03916666666666667,0.03
2024-06-11,1.44,15.120833333333332,12.2,19.9,64.25416666666666,1002.5916666666667,1000.3,1007.6,6,lato,163,0.3294084822245304,-0.9441875088341993,7.300000000000068,1.095833333333303,0.716666666666697,-6.004166666666606,1001.9875000000005,1006.6226708074535,1.095833333333303,1.0,wzrost_cisnienia,0.0,0.0,1.0,0.0,4.06,0.62,15.9,1.44,5.499999999999986,11.37,0.07708333333333334,0.17
2024-06-12,4.87,15.399999999999999,11.7,32.3,61.98333333333333,1010.2291666666666,1007.8,1012.5,6,lato,164,0.3131070409358269,-0.9497178427914316,4.7000000000000455,7.637499999999932,8.733333333333235,8.354166666666629,1004.7722222222227,1007.1827380952382,7.637499999999932,1.0,wzrost_cisnienia,0.0,0.0,1.0,1.44,0.0,4.06,15.120833333333332,4.87,6.309999999999985,10.99,0.10666666666666667,0.16
2024-06-13,0.0,14.112499999999999,11.0,18.1,67.74583333333334,1012.7458333333334,1012.4,1013.4,6,lato,165,0.29671281927349075,-0.9549667548552551,1.0,2.516666666666765,10.154166666666697,11.25,1008.5222222222227,1007.2779761904761,2.516666666666765,1.0,wzrost_cisnienia,0.0,0.0,1.0,4.87,1.44,0.0,15.399999999999999,0.0,6.309999999999985,10.99,0.11958333333333333,0.16
2024-06-14,0.0,13.540000000000001,9.5,26.5,75.11999999999999,1013.01,1012.8,1013.2,6,lato,166,0.28023067519921585,-0.9599326896597447,0.40000000000009095,0.26416666666659694,2.780833333333362,10.418333333333294,1011.9950000000005,1007.2204761904761,0.26416666666659694,1.0,wzrost_cisnienia,0.0,0.0,1.0,0.0,4.87,1.44,14.112499999999999,0.0,4.869999999999985,10.99,0.11791666666666667,0.16
2024-06-15,0.19,21.31875,17.7,24.1,45.4875,1005.75625,1004.3,1008.0,6,lato,167,0.26366549272800704,-0.9646141756912435,3.7000000000000455,-7.253749999999968,-6.989583333333371,-4.472916666666606,1010.5040277777781,1006.8148214285715,7.253749999999968,-1.0,spadek_cisnienia,180.0,1.2246467991473532e-16,-1.0,0.0,0.0,4.87,13.540000000000001,0.19,0.1899999999999858,10.56,0.10291666666666667,0.2
2024-06-16,2.94,16.5625,14.9,18.1,81.85416666666667,1008.2041666666668,1007.1,1009.0,6,lato,168,0.24702218048093552,-0.9690098257244062,1.8999999999999773,2.4479166666667425,-4.805833333333226,-4.541666666666629,1008.9901388888893,1007.7189880952382,2.4479166666667425,1.0,wzrost_cisnienia,0.0,0.0,1.0,0.19,0.0,0.0,21.31875,2.94,3.1299999999999857,9.440000000000001,0.059166666666666666,0.15
2024-06-17,0.0,19.633333333333333,14.8,25.6,68.58749999999999,1009.1458333333334,1008.3,1009.6,6,lato,169,0.23030567023061221,-0.9731183372332619,1.3000000000000682,0.941666666666606,3.3895833333333485,-3.8641666666666197,1007.7020833333337,1008.8118452380953,0.941666666666606,1.0,wzrost_cisnienia,0.0,0.0,1.0,2.94,0.19,0.0,16.5625,0.0,3.1299999999999857,9.440000000000001,0.05875,0.11
2024-06-18,0.0,20.641666666666666,16.9,25.6,63.96666666666667,1010.8458333333333,1009.2,1011.9,6,lato,170,0.21352091543979612,-0.9769384927771817,2.699999999999932,1.6999999999999318,2.641666666666538,5.08958333333328,1009.3986111111116,1009.9910119047619,1.6999999999999318,1.0,wzrost_cisnienia,0.0,0.0,1.0,0.0,2.94,0.19,19.633333333333333,0.0,2.9399999999999857,8.0,0.01625,0.07
2024-06-19,6.47,17.641666666666666,14.1,34.7,71.94583333333334,1008.1833333333334,1003.9,1012.6,6,lato,171,0.19667288979357647,-0.980469160361632,8.700000000000045,-2.662499999999909,-0.9624999999999773,-0.02083333333337123,1009.391666666667,1009.6987499999999,2.662499999999909,-1.0,spadek_cisnienia,180.0,1.2246467991473532e-16,-1.0,0.0,0.0,2.94,20.641666666666666,6.47,6.4699999999999855,9.6,0.052083333333333336,0.14
2024-06-20,0.0,17.6375,13.4,23.1,58.59583333333333,1015.6541666666667,1012.9,1017.3,6,lato,172,0.1797665857255624,-0.9837092937736097,4.399999999999977,7.470833333333303,4.808333333333394,6.508333333333326,1011.5611111111115,1010.1142261904762,7.470833333333303,1.0,wzrost_cisnienia,0.0,0.0,1.0,6.47,0.0,0.0,17.641666666666666,0.0,6.4699999999999855,9.6,0.048749999999999995,0.16
2024-06-21,0.0,18.283333333333335,12.7,24.7,53.19583333333333,1013.25,1008.9,1015.6,6,lato,173,0.16280701293851715,-0.986657932891657,6.7000000000000455,-2.404166666666697,5.066666666666606,2.404166666666697,1012.3625000000003,1010.148511904762,2.404166666666697,-1.0,spadek_cisnienia,180.0,1.2246467991473532e-16,-1.0,0.0,6.47,0.0,17.6375,0.0,6.4699999999999855,9.6,0.07416666666666667,0.17
2024-06-22,15.200000000000001,18.650000000000002,16.0,22.9,74.77916666666667,1003.6583333333333,1000.9,1007.8,6,lato,174,0.1457991969198751,-0.9893142039703663,6.899999999999977,-9.591666666666697,-11.995833333333394,-4.525000000000091,1010.854166666667,1009.8488095238096,9.591666666666697,-1.0,spadek_cisnienia,180.0,1.2246467991473532e-16,-1.0,0.0,0.0,6.47,18.283333333333335,15.200000000000001,15.199999999999987,24.61,0.17375,0.31
2024-06-23,0.0,16.345833333333335,15.7,17.0,70.85416666666667,1007.7583333333333,1004.1,1011.6,6,lato,175,0.12874817745258132,-0.99167731989929,7.5,4.100000000000023,-5.491666666666674,-7.895833333333371,1008.2222222222226,1009.7851190476191,4.100000000000023,1.0,wzrost_cisnienia,0.0,0.0,1.0,15.200000000000001,0.0,0.0,18.650000000000002,0.0,15.199999999999987,21.67,0.17916666666666667,0.26
2024-06-24,0.0,17.837500000000002,14.7,21.5,66.60416666666667,1014.9666666666667,1011.6,1017.9,6,lato,176,0.11165900712169512,-0.993746580436178,6.2999999999999545,7.208333333333371,11.308333333333394,1.716666666666697,1008.7944444444447,1010.6166666666667,7.208333333333371,1.0,wzrost_cisnienia,0.0,0.0,1.0,0.0,15.200000000000001,0.0,16.345833333333335,0.0,15.199999999999987,21.67,0.1691666666666667,0.2
2024-06-25,0.0,18.708333333333332,12.9,22.5,65.57083333333334,1017.7291666666666,1016.0,1018.8,6,lato,177,0.09453674981719912,-0.9955213724144752,2.7999999999999545,2.762499999999932,9.970833333333303,14.070833333333326,1013.4847222222226,1011.6,2.762499999999932,1.0,wzrost_cisnienia,0.0,0.0,1.0,0.0,0.0,15.200000000000001,17.837500000000002,0.0,0.0,21.67,0.13625,0.17
2024-06-26,0.0,22.5125,15.6,27.7,61.645833333333336,1013.5625,1010.8,1015.9,6,lato,178,0.07738647923346301,-0.9970011699250151,5.100000000000023,-4.166666666666629,-1.404166666666697,5.804166666666674,1015.4194444444448,1012.3684523809524,4.166666666666629,-1.0,spadek_cisnienia,180.0,1.2246467991473532e-16,-1.0,0.0,0.0,0.0,18.708333333333332,0.0,0.0,15.200000000000001,0.10958333333333332,0.14
2024-06-27,0.0,24.979166666666668,17.6,30.8,54.55416666666667,1009.1374999999999,1007.3,1010.6,6,lato,179,0.06021327736579302,-0.9981855344718586,3.300000000000068,-4.425000000000068,-8.591666666666697,-5.829166666666765,1013.4763888888892,1011.4375,4.425000000000068,-1.0,spadek_cisnienia,180.0,1.2246467991473532e-16,-1.0,0.0,0.0,0.0,22.5125,0.0,0.0,15.200000000000001,0.10875,0.14
2024-06-28,17.82,23.929166666666664,18.6,36.6,71.45,1007.7458333333334,1005.8,1011.4,6,lato,180,0.04302223300453059,-0.99907411510223,5.600000000000023,-1.3916666666665378,-5.816666666666606,-9.983333333333235,1010.1486111111116,1010.6511904761903,1.3916666666665378,-1.0,spadek_cisnienia,180.0,1.2246467991473532e-16,-1.0,0.0,0.0,0.0,24.979166666666668,17.82,17.819999999999986,33.02,0.12375000000000001,0.31
2024-06-29,0.0,19.695833333333333,15.4,23.6,61.666666666666664,1014.2208333333333,1011.8,1016.1,6,lato,181,0.02581844022713308,-0.9996666485105112,4.300000000000068,6.474999999999909,5.083333333333371,0.658333333333303,1010.368055555556,1012.1601190476191,6.474999999999909,1.0,wzrost_cisnienia,0.0,0.0,1.0,17.82,0.0,0.0,23.929166666666664,0.0,17.819999999999986,17.82,0.04750000000000001,0.15
2024-06-30,11.77,23.5125,16.4,33.2,63.137499999999996,1002.9875000000001,997.0,1011.4,6,lato,182,0.008606996888688698,-0.9999629591162655,14.399999999999977,-11.233333333333235,-4.758333333333326,-6.149999999999864,1008.3180555555559,1011.4785714285715,11.233333333333235,-1.0,spadek_cisnienia,180.0,1.2246467991473532e-16,-1.0,0.0,17.82,0.0,19.695833333333333,11.77,29.589999999999986,29.59,0.10791666666666666,0.34
2024-07-01,0.32,19.279166666666665,16.6,22.3,67.0625,1004.2624999999999,1000.6,1006.3,7,lato,183,-0.008606996888688009,-0.9999629591162655,5.699999999999932,1.2749999999998636,-9.958333333333371,-3.483333333333462,1007.1569444444449,1009.9494047619047,1.2749999999998636,1.0,wzrost_cisnienia,0.0,0.0,1.0,11.77,0.0,17.82,23.5125,0.32,12.089999999999986,29.910000000000004,0.11875000000000001,0.26
2024-07-02,4.4,15.629166666666668,14.3,16.9,80.25,1002.5416666666666,1001.3,1003.9,7,lato,184,-0.02581844022713239,-0.9996666485105112,2.6000000000000227,-1.720833333333303,-0.44583333333343944,-11.679166666666674,1003.2638888888893,1007.779761904762,1.720833333333303,-1.0,spadek_cisnienia,180.0,1.2246467991473532e-16,-1.0,0.32,11.77,0.0,19.279166666666665,4.4,16.489999999999988,34.31,0.11208333333333333,0.15
2024-07-03,0.0,16.566666666666666,14.1,19.0,64.24166666666666,1002.0541666666667,1000.0,1004.1,7,lato,185,-0.04302223300453034,-0.99907411510223,4.100000000000023,-0.4874999999999545,-2.2083333333332575,-0.933333333333394,1002.9527777777781,1006.1357142857144,0.4874999999999545,-1.0,spadek_cisnienia,180.0,1.2246467991473532e-16,-1.0,4.4,0.32,11.77,15.629166666666668,0.0,4.719999999999986,34.31,0.135,0.19
2024-07-04,1.03,16.658333333333335,12.5,20.3,61.50833333333333,1002.3958333333334,1000.3,1004.0,7,lato,186,-0.060213277365792774,-0.9981855344718586,3.7000000000000455,0.341666666666697,-0.14583333333325754,-1.8666666666665606,1002.3305555555559,1005.172619047619,0.341666666666697,1.0,wzrost_cisnienia,0.0,0.0,1.0,0.0,4.4,0.32,16.566666666666666,1.03,5.429999999999986,35.34,0.12708333333333333,0.19
2024-07-05,0.0,17.433333333333334,12.7,21.4,52.82916666666667,1004.9958333333334,1002.5,1006.0,7,lato,187,-0.07738647923346322,-0.9970011699250151,3.5,2.6000000000000227,2.9416666666667197,2.454166666666765,1003.1486111111116,1004.7797619047618,2.6000000000000227,1.0,wzrost_cisnienia,0.0,0.0,1.0,1.03,0.0,4.4,16.658333333333335,0.0,1.0299999999999858,17.520000000000003,0.1375,0.2
2024-07-06,0.0,21.787499999999998,13.9,28.0,44.1875,1003.7083333333334,998.8,1006.5,7,lato,188,-0.09453674981719933,-0.9955213724144752,7.7000000000000455,-1.2875000000000227,1.3125,1.654166666666697,1003.7000000000004,1003.2779761904761,1.2875000000000227,-1.0,spadek_cisnienia,180.0,1.2246467991473532e-16,-1.0,0.0,1.03,0.0,17.433333333333334,0.0,1.0299999999999858,17.520000000000003,0.1125,0.17
2024-07-07,0.83,20.258333333333333,16.1,24.2,55.291666666666664,1007.8249999999999,999.3,1013.9,7,lato,189,-0.11165900712169444,-0.9937465804361781,14.600000000000023,4.116666666666561,2.829166666666538,5.429166666666561,1005.5097222222225,1003.9690476190475,4.116666666666561,1.0,wzrost_cisnienia,0.0,0.0,1.0,0.0,0.0,1.03,21.787499999999998,0.83,0.8299999999999857,6.5800000000000045,0.1825,0.43
2024-07-08,0.0,19.5,14.7,24.7,60.074999999999996,1015.0375,1013.8,1017.2,7,lato,190,-0.12874817745258066,-0.99167731989929,3.400000000000091,7.212500000000091,11.329166666666652,10.041666666666629,1008.8569444444447,1005.5083333333333,7.212500000000091,1.0,wzrost_cisnienia,0.0,0.0,1.0,0.83,0.0,0.0,20.258333333333333,0.0,0.8299999999999857,6.260000000000004,0.15833333333333333,0.25
2024-07-09,0.0,20.5125,15.5,23.9,68.4625,1018.4125,1017.2,1019.6,7,lato,191,-0.14579919691987442,-0.9893142039703664,2.3999999999999773,3.375,10.587500000000091,14.704166666666652,1013.7583333333337,1007.7755952380952,3.375,1.0,wzrost_cisnienia,0.0,0.0,1.0,0.0,0.83,0.0,19.5,0.0,0.8299999999999857,1.8600000000000034,0.16416666666666666,0.2
2024-07-10,10.58,24.304166666666664,18.2,32.3,61.56666666666667,1014.1999999999999,1010.6,1017.1,7,lato,192,-0.16280701293851646,-0.9866579328916572,6.5,-4.212500000000091,-0.837500000000091,6.375,1015.8833333333338,1009.5107142857142,4.212500000000091,-1.0,spadek_cisnienia,180.0,1.2246467991473532e-16,-1.0,0.0,0.0,0.83,20.5125,10.58,10.579999999999986,12.440000000000003,0.20541666666666666,0.43
2024-07-11,10.98,21.329166666666666,18.7,25.1,86.1875,1011.7541666666666,1011.2,1012.5,7,lato,193,-0.17976658572556214,-0.9837092937736098,1.2999999999999545,-2.4458333333333258,-6.658333333333417,-3.2833333333334167,1014.7888888888892,1010.8476190476191,2.4458333333333258,-1.0,spadek_cisnienia,180.0,1.2246467991473532e-16,-1.0,10.58,0.0,0.0,24.304166666666664,10.98,21.559999999999988,22.390000000000004,0.17875,0.29
2024-07-12,0.0,20.670833333333334,17.0,24.9,74.77916666666667,1011.9916666666667,1008.0,1013.4,7,lato,194,-0.19667288979357622,-0.9804691603616321,5.399999999999977,0.2375000000000682,-2.2083333333332575,-6.4208333333333485,1012.6486111111116,1011.8470238095239,0.2375000000000682,1.0,wzrost_cisnienia,0.0,0.0,1.0,10.98,10.58,0.0,21.329166666666666,0.0,21.559999999999988,22.390000000000004,0.11750000000000001,0.18
2024-07-13,32.79,21.5125,16.2,38.0,77.34583333333333,1004.0124999999999,999.6,1009.2,7,lato,195,-0.2135209154397959,-0.9769384927771817,9.600000000000023,-7.9791666666667425,-7.741666666666674,-10.1875,1009.2527777777781,1011.8904761904762,7.9791666666667425,-1.0,spadek_cisnienia,180.0,1.2246467991473532e-16,-1.0,0.0,10.98,10.58,20.670833333333334,32.79,43.76999999999999,55.18000000000001,0.22,0.37
2024-07-14,9.36,18.5,14.2,25.5,72.32083333333334,1011.0041666666666,1009.4,1012.5,7,lato,196,-0.23030567023061196,-0.973118337233262,3.1000000000000227,6.991666666666674,-0.9875000000000682,-0.75,1009.0027777777781,1012.344642857143,6.991666666666674,1.0,wzrost_cisnienia,0.0,0.0,1.0,32.79,0.0,10.98,21.5125,9.36,42.14999999999999,63.71,0.06208333333333333,0.19
2024-07-15,0.0,21.770833333333332,15.3,27.3,63.68333333333334,1011.0583333333334,1009.8,1011.9,7,lato,197,-0.24702218048093527,-0.9690098257244063,2.1000000000000227,0.05416666666678793,7.045833333333462,-0.9333333333332803,1008.691666666667,1011.7761904761904,0.05416666666678793,1.0,wzrost_cisnienia,0.0,0.0,1.0,9.36,32.79,0.0,18.5,0.0,42.14999999999999,63.71,0.0825,0.11
2024-07-16,19.84,23.570833333333336,17.5,32.2,67.95833333333333,1008.0458333333332,1004.3,1010.0,7,lato,198,-0.2636654927280072,-0.9646141756912435,5.7000000000000455,-3.012500000000159,-2.9583333333333712,4.033333333333303,1010.0361111111115,1010.295238095238,3.012500000000159,-1.0,spadek_cisnienia,180.0,1.2246467991473532e-16,-1.0,0.0,9.36,32.79,21.770833333333332,19.84,29.199999999999985,83.55,0.14708333333333334,0.54
2024-07-17,0.0,22.47083333333333,18.8,26.1,61.85,1012.25,1007.9,1015.7,7,lato,199,-0.2802306751992161,-0.9599326896597445,7.800000000000068,4.204166666666765,1.191666666666606,1.245833333333394,1010.4513888888893,1010.0166666666665,4.204166666666765,1.0,wzrost_cisnienia,0.0,0.0,1.0,19.84,0.0,9.36,23.570833333333336,0.0,19.839999999999986,72.97,0.085,0.18
2024-07-18,0.0,20.733333333333334,17.4,24.7,60.0875,1017.3083333333334,1015.8,1018.8,7,lato,200,-0.2967128192734901,-0.9549667548552553,3.0,5.058333333333394,9.26250000000016,6.25,1012.5347222222226,1010.810119047619,5.058333333333394,1.0,wzrost_cisnienia,0.0,0.0,1.0,0.0,19.84,0.0,22.47083333333333,0.0,19.839999999999986,61.989999999999995,0.04666666666666667,0.12
2024-07-19,0.0,19.441666666666666,15.2,24.1,66.6125,1017.4499999999999,1014.8,1019.1,7,lato,201,-0.3131070409358267,-0.9497178427914317,4.300000000000068,0.14166666666653782,5.199999999999932,9.404166666666697,1015.6694444444448,1011.5898809523808,0.14166666666653782,1.0,wzrost_cisnienia,0.0,0.0,1.0,0.0,0.0,19.84,20.733333333333334,0.0,0.0,61.989999999999995,0.10916666666666668,0.16
2024-07-20,0.0,20.8625,15.4,25.9,65.26666666666667,1011.1625,1008.6,1014.5,7,lato,202,-0.3294084822245302,-0.9441875088341994,5.899999999999977,-6.287499999999909,-6.145833333333371,-1.0874999999999773,1015.3069444444449,1012.6113095238095,6.287499999999909,-1.0,spadek_cisnienia,180.0,1.2246467991473532e-16,-1.0,0.0,0.0,0.0,19.441666666666666,0.0,0.0,29.2,0.13541666666666666,0.17
2024-07-21,0.0,21.875,16.4,26.3,66.35000000000001,1007.5208333333334,1006.9,1008.4,7,lato,203,-0.3456123126707333,-0.9383773917408642,1.5,-3.6416666666666515,-9.92916666666656,-9.787500000000023,1012.0444444444448,1012.1136904761905,3.6416666666666515,-1.0,spadek_cisnienia,180.0,1.2246467991473532e-16,-1.0,0.0,0.0,0.0,20.8625,0.0,0.0,19.84,0.15083333333333335,0.19
2024-07-22,3.04,22.670833333333334,18.1,29.4,68.8125,1007.35,1006.5,1009.8,7,lato,204,-0.3617137307297674,-0.9322892131745134,3.2999999999999545,-0.1708333333333485,-3.8125,-10.099999999999909,1008.6777777777783,1011.5839285714285,0.1708333333333485,-1.0,spadek_cisnienia,180.0,1.2246467991473532e-16,-1.0,0.0,0.0,0.0,21.875,3.04,3.039999999999986,22.88,0.14291666666666666,0.19
2024-07-23,0.0,20.212500000000002,16.8,24.1,66.43333333333334,1011.4458333333333,1010.1,1012.4,7,lato,205,-0.37770796520396466,-0.9259247771938499,2.2999999999999545,4.095833333333303,3.9249999999999545,0.283333333333303,1008.7722222222227,1012.0696428571429,4.095833333333303,1.0,wzrost_cisnienia,0.0,0.0,1.0,3.04,0.0,0.0,22.670833333333334,0.0,3.039999999999986,3.04,0.10458333333333335,0.17
2024-07-24,18.89,18.81304347826087,15.4,23.4,79.74782608695652,1009.6260869565218,1008.9,1011.0,7,lato,206,-0.39359027665646645,-0.9192859697186105,2.1000000000000227,-1.8197463768115085,2.2760869565217945,2.105253623188446,1009.473973429952,1011.694798136646,1.8197463768115085,-1.0,spadek_cisnienia,180.0,1.2246467991473532e-16,-1.0,0.0,3.04,0.0,20.212500000000002,18.89,21.929999999999986,21.93,0.1525,0.32
2024-07-25,0.0,19.2,15.1,22.5,67.70416666666667,1009.3166666666666,1008.9,1010.2,7,lato,207,-0.4093559588156211,-0.9123747579707274,1.3000000000000682,-0.3094202898552112,-2.1291666666667197,1.9666666666665833,1010.1295289855076,1010.5531314699793,0.3094202898552112,-1.0,spadek_cisnienia,180.0,1.2246467991473532e-16,-1.0,18.89,0.0,3.04,18.81304347826087,0.0,18.889999999999986,21.93,0.16083333333333333,0.22
2024-07-26,1.27,19.395833333333332,13.6,24.2,63.770833333333336,1009.75,1008.8,1010.5,7,lato,208,-0.42500033996955394,-0.9051931898913975,1.7000000000000455,0.43333333333339397,0.12391304347818277,-1.6958333333333258,1009.5642512077299,1009.4531314699792,0.43333333333339397,1.0,wzrost_cisnienia,0.0,0.0,1.0,0.0,18.89,0.0,19.2,1.27,20.159999999999986,23.2,0.12833333333333333,0.16
2024-07-27,0.13,21.025,16.4,24.7,70.01666666666667,1010.8416666666667,1009.9,1011.8,7,lato,209,-0.4405187843504952,-0.8977433935342336,1.8999999999999773,1.091666666666697,1.525000000000091,1.2155797101448798,1009.9694444444449,1009.407298136646,1.091666666666697,1.0,wzrost_cisnienia,0.0,0.0,1.0,1.27,0.0,18.89,19.395833333333332,0.13,1.3999999999999857,23.33,0.11208333333333333,0.15
2024-07-28,28.04,17.575,14.2,20.1,77.42083333333333,1009.9625,1007.7,1011.3,7,lato,210,-0.455906693508459,-0.8900275764346766,3.599999999999909,-0.8791666666667197,0.21249999999997726,0.6458333333333712,1010.1847222222226,1009.7561076604554,0.8791666666667197,-1.0,spadek_cisnienia,180.0,1.2246467991473532e-16,-1.0,0.13,1.27,0.0,21.025,28.04,29.439999999999984,51.37,0.20833333333333334,0.35
2024-07-29,0.0,19.912499999999998,17.4,22.6,55.09583333333333,1013.7916666666666,1011.3,1015.5,7,lato,211,-0.47115950767386394,-0.8820480249558535,4.2000000000000455,3.8291666666666515,2.949999999999932,4.041666666666629,1011.5319444444449,1010.6763457556935,3.8291666666666515,1.0,wzrost_cisnienia,0.0,0.0,1.0,28.04,0.13,1.27,17.575,0.0,28.169999999999984,48.33,0.31416666666666665,0.43
2024-07-30,0.0,19.729166666666668,15.1,24.9,62.96666666666667,1013.9708333333333,1012.1,1015.1,7,lato,212,-0.4862727071086902,-0.8738071036110807,3.0,0.17916666666667425,4.008333333333326,3.129166666666606,1012.5750000000004,1011.0370600414079,0.17916666666667425,1.0,wzrost_cisnienia,0.0,0.0,1.0,0.0,28.04,0.13,19.912499999999998,0.0,28.039999999999985,48.33,0.20291666666666666,0.26
2024-07-31,0.0,20.09130434782609,14.8,25.5,55.18260869565218,1010.1130434782608,1008.4,1011.9,7,lato,213,-0.5012418134457756,-0.8653072543632061,3.5,-3.8577898550724967,-3.6786231884058225,0.15054347826082903,1012.6251811594207,1011.1066252587991,3.8577898550724967,-1.0,spadek_cisnienia,180.0,1.2246467991473532e-16,-1.0,0.0,0.0,28.04,19.729166666666668,0.0,0.0,29.439999999999998,0.15458333333333332,0.19
2024-08-01,0.0,19.179166666666667,15.0,23.9,62.24166666666667,1008.0583333333334,1007.5,1008.5,8,lato,214,-0.5160623910158526,-0.8565509959010037,1.0,-2.0547101449274123,-5.912499999999909,-5.733333333333235,1010.7140700483096,1010.9268633540372,2.0547101449274123,-1.0,spadek_cisnienia,180.0,1.2246467991473532e-16,-1.0,0.0,0.0,0.0,20.09130434782609,0.0,0.0,29.439999999999998,0.1991666666666667,0.24
2024-08-02,0.0,18.8,13.9,22.8,58.57916666666667,1007.3333333333334,1006.0,1008.3,8,lato,215,-0.5307300481619331,-0.8475409228928312,2.2999999999999545,-0.7250000000000227,-2.779710144927435,-6.637499999999932,1008.5015700483096,1010.5816252587991,0.7250000000000227,-1.0,spadek_cisnienia,180.0,1.2246467991473532e-16,-1.0,0.0,0.0,0.0,19.179166666666667,0.0,0.0,28.169999999999998,0.18166666666666667,0.21
2024-08-03,0.0,19.400000000000002,14.3,24.4,64.97916666666667,1006.0458333333332,1005.5,1006.9,8,lato,216,-0.5452404385406507,-0.8382797052177745,1.3999999999999773,-1.2875000000001364,-2.012500000000159,-4.0672101449275715,1007.1458333333338,1009.8965062111802,1.2875000000001364,-1.0,spadek_cisnienia,180.0,1.2246467991473532e-16,-1.0,0.0,0.0,0.0,18.8,0.0,0.0,28.04,0.1691666666666667,0.22
2024-08-04,7.11,19.525000000000002,15.7,24.8,72.40416666666667,1005.9958333333334,1005.2,1006.9,8,lato,217,-0.5595892624101763,-0.828770087174504,1.6999999999999318,-0.04999999999984084,-1.3374999999999773,-2.0625,1006.4583333333338,1009.3298395445134,0.04999999999984084,-1.0,spadek_cisnienia,180.0,1.2246467991473532e-16,-1.0,0.0,0.0,0.0,19.400000000000002,7.11,7.109999999999986,7.11,0.15458333333333332,0.19
2024-08-05,0.0,19.8125,16.6,35.5,70.00416666666666,1007.1416666666668,1004.8,1010.5,8,lato,218,-0.5737722679043243,-0.8190148866680802,5.7000000000000455,1.1458333333333712,1.0958333333335304,-0.19166666666660603,1006.3944444444447,1008.3798395445135,1.1458333333333712,1.0,wzrost_cisnienia,0.0,0.0,1.0,7.11,0.0,0.0,19.525000000000002,0.0,7.109999999999986,7.11,0.23958333333333334,0.27
2024-08-06,0.0,19.633333333333333,15.3,23.6,71.77499999999999,1010.9,1010.3,1011.3,8,lato,219,-0.5877852522924734,-0.8090169943749472,1.0,3.758333333333212,4.904166666666583,4.8541666666667425,1008.0125000000004,1007.941149068323,3.758333333333212,1.0,wzrost_cisnienia,0.0,0.0,1.0,0.0,7.11,0.0,19.8125,0.0,7.109999999999986,7.11,0.21958333333333332,0.26
2024-08-07,0.0,20.3,15.3,24.5,70.83749999999999,1010.5458333333332,1009.6,1011.2,8,lato,220,-0.6016240632249227,-0.7987793728863648,1.6000000000000227,-0.35416666666674246,3.4041666666664696,4.549999999999841,1009.5291666666672,1008.0029761904761,0.35416666666674246,-1.0,spadek_cisnienia,180.0,1.2246467991473532e-16,-1.0,0.0,0.0,7.11,19.633333333333333,0.0,0.0,7.11,0.15458333333333332,0.19
2024-08-08,0.0,21.3125,18.4,26.6,66.87083333333334,1009.1,1008.3,1011.0,8,lato,221,-0.6152845999633277,-0.7883050558305253,2.7000000000000455,-1.445833333333212,-1.7999999999999545,1.9583333333332575,1010.1819444444449,1008.1517857142857,1.445833333333212,-1.0,spadek_cisnienia,180.0,1.2246467991473532e-16,-1.0,0.0,0.0,0.0,20.3,0.0,0.0,7.11,0.15208333333333332,0.19
2024-08-09,3.77,20.670833333333334,16.6,25.6,63.166666666666664,1010.0541666666667,1008.0,1011.7,8,lato,222,-0.6287628145958345,-0.7775971469736268,3.7000000000000455,0.9541666666666515,-0.49166666666656056,-0.845833333333303,1009.9000000000002,1008.5404761904763,0.9541666666666515,1.0,wzrost_cisnienia,0.0,0.0,1.0,0.0,0.0,0.0,21.3125,3.77,3.769999999999986,10.88,0.09333333333333334,0.16
2024-08-10,0.0,19.75,17.3,22.9,61.699999999999996,1011.3166666666666,1008.1,1013.1,8,lato,223,-0.6420547132365636,-0.7666588193001592,5.0,1.2624999999999318,2.2166666666665833,0.7708333333333712,1010.1569444444449,1009.2934523809524,1.2624999999999318,1.0,wzrost_cisnienia,0.0,0.0,1.0,3.77,0.0,0.0,20.670833333333334,0.0,3.769999999999986,10.88,0.06916666666666667,0.15
2024-08-11,0.0,18.641666666666666,15.6,21.8,55.875,1013.0749999999999,1012.0,1014.2,8,lato,224,-0.655156357209085,-0.7554933140726804,2.2000000000000455,1.7583333333333258,3.0208333333332575,3.974999999999909,1011.4819444444448,1010.3047619047619,1.7583333333333258,1.0,wzrost_cisnienia,0.0,0.0,1.0,0.0,3.77,0.0,19.75,0.0,3.769999999999986,3.77,0.1975,0.26
2024-08-12,0.0,18.33478260869565,14.6,22.4,54.73478260869565,1012.1086956521739,1011.3,1013.6,8,lato,225,-0.6680638642135333,-0.7441039398713608,2.300000000000068,-0.9663043478260533,0.7920289855072724,2.054528985507204,1012.1667874396138,1011.0143374741201,0.9663043478260533,-1.0,spadek_cisnienia,180.0,1.2246467991473532e-16,-1.0,0.0,0.0,3.77,18.641666666666666,0.0,0.0,3.77,0.2754166666666667,0.32
2024-08-13,0.0,18.208333333333332,12.7,23.3,60.6875,1014.0208333333334,1012.2,1015.0,8,lato,226,-0.6807734094770159,-0.7324940716135792,2.7999999999999545,1.9121376811594928,0.9458333333334394,2.704166666666765,1013.0681763285028,1011.4601708074533,1.9121376811594928,1.0,wzrost_cisnienia,0.0,0.0,1.0,0.0,0.0,0.0,18.33478260869565,0.0,0.0,3.77,0.24125,0.28
2024-08-14,0.0,20.525000000000002,14.0,26.5,59.9,1014.0541666666667,1012.2,1015.2,8,lato,227,-0.6932812268869771,-0.7206671495538615,3.0,0.03333333333330302,1.9454710144927958,0.9791666666667425,1013.3945652173917,1011.9613612836439,0.03333333333330302,1.0,wzrost_cisnienia,0.0,0.0,1.0,0.0,0.0,0.0,18.208333333333332,0.0,0.0,3.77,0.17541666666666667,0.22
2024-08-15,0.0,23.270833333333332,14.8,33.2,54.95416666666667,1011.4041666666667,1010.0,1012.5,8,lato,228,-0.7055836101071774,-0.7086266782644601,2.5,-2.6499999999999773,-2.6166666666666742,-0.7045289855071815,1013.1597222222226,1012.2905279503104,2.6499999999999773,-1.0,spadek_cisnienia,180.0,1.2246467991473532e-16,-1.0,0.0,0.0,0.0,20.525000000000002,0.0,0.0,3.77,0.13375,0.19
2024-08-16,0.0,23.8,20.6,27.6,66.89999999999999,1010.2958333333332,1009.1,1010.9,8,lato,229,-0.7176769136759615,-0.6963762255968726,1.7999999999999545,-1.1083333333334622,-3.7583333333334394,-3.7250000000001364,1011.9180555555558,1012.3250517598343,1.1083333333334622,-1.0,spadek_cisnienia,180.0,1.2246467991473532e-16,-1.0,0.0,0.0,0.0,23.270833333333332,0.0,0.0,0.0,0.08791666666666666,0.13
2024-08-17,0.0,22.912499999999998,19.4,26.2,67.82916666666667,1008.625,1008.3,1009.2,8,lato,230,-0.7295575540864876,-0.6839194216246105,0.900000000000091,-1.6708333333332348,-2.779166666666697,-5.429166666666674,1010.1083333333337,1011.9405279503105,1.6708333333332348,-1.0,spadek_cisnienia,180.0,1.2246467991473532e-16,-1.0,0.0,0.0,0.0,23.8,0.0,0.0,0.0,0.15666666666666668,0.2
2024-08-18,2.87,22.604166666666668,19.4,25.8,74.03333333333333,1006.2458333333334,1004.2,1008.9,8,lato,231,-0.7412220108485957,-0.6712599575675315,4.699999999999932,-2.379166666666606,-4.049999999999841,-5.158333333333303,1008.3888888888893,1010.9649327122153,2.379166666666606,-1.0,spadek_cisnienia,180.0,1.2246467991473532e-16,-1.0,0.0,0.0,0.0,22.912499999999998,2.87,2.869999999999986,2.87,0.21166666666666667,0.44
2024-08-19,0.0,19.633333333333333,15.2,21.6,70.91666666666667,1010.4166666666666,1005.4,1014.8,8,lato,232,-0.7526668275320083,-0.6584015846980489,9.399999999999977,4.170833333333235,1.7916666666666288,0.12083333333339397,1008.4291666666671,1010.7232142857143,4.170833333333235,1.0,wzrost_cisnienia,0.0,0.0,1.0,2.87,0.0,0.0,22.604166666666668,0.0,2.869999999999986,2.87,0.22375,0.29
2024-08-20,0.0,18.079166666666666,13.4,21.8,65.24583333333334,1012.9125,1009.1,1014.7,8,lato,233,-0.7638886127905429,-0.64534811322955,5.600000000000023,2.495833333333394,6.666666666666629,4.287500000000023,1009.8583333333337,1010.5648809523809,2.495833333333394,1.0,wzrost_cisnienia,0.0,0.0,1.0,0.0,2.87,0.0,19.633333333333333,0.0,2.869999999999986,2.87,0.18708333333333335,0.24
2024-08-21,8.99,18.358333333333334,15.2,23.0,78.83333333333333,1005.4875000000001,1003.1,1008.6,8,lato,234,-0.7748840413670406,-0.6321034111873488,5.5,-7.4249999999999545,-4.929166666666561,-0.7583333333333258,1009.605555555556,1009.3410714285714,7.4249999999999545,-1.0,spadek_cisnienia,180.0,1.2246467991473532e-16,-1.0,0.0,0.0,2.87,18.079166666666666,8.99,8.989999999999986,11.86,0.19583333333333333,0.35
2024-08-22,0.0,16.273913043478263,13.4,18.9,64.13478260869564,1008.5565217391304,1007.9,1009.1,8,lato,235,-0.7856498550787144,-0.6186714032625032,1.2000000000000455,3.069021739130335,-4.35597826086962,-1.8601449275362256,1008.9855072463773,1008.934265010352,3.069021739130335,1.0,wzrost_cisnienia,0.0,0.0,1.0,8.99,0.0,0.0,18.358333333333334,0.0,8.989999999999986,11.860000000000001,0.15875,0.25
2024-08-23,0.0,20.0625,15.3,24.5,54.47083333333333,1006.1291666666666,1004.6,1008.1,8,lato,236,-0.7961828637826154,-0.6050560696488494,3.5,-2.427355072463797,0.6416666666665378,-6.783333333333417,1006.724396135266,1008.3390269151139,2.427355072463797,-1.0,spadek_cisnienia,180.0,1.2246467991473532e-16,-1.0,0.0,8.99,0.0,16.273913043478263,0.0,8.989999999999986,11.860000000000001,0.10958333333333332,0.2
2024-08-24,0.0,23.27916666666667,16.2,28.5,55.1625,1010.0541666666667,1007.0,1012.2,8,lato,237,-0.8064799463209447,-0.5912614448635782,5.2000000000000455,3.925000000000068,1.497644927536271,4.566666666666606,1008.2466183574883,1008.5431935817805,3.925000000000068,1.0,wzrost_cisnienia,0.0,0.0,1.0,0.0,0.0,8.99,20.0625,0.0,0.0,11.860000000000001,0.10333333333333333,0.24
2024-08-25,0.0,21.366666666666664,16.1,29.3,57.44166666666666,1010.625,1005.6,1018.3,8,lato,238,-0.8165380514459157,-0.5772916165517278,12.699999999999932,0.5708333333333258,4.495833333333394,2.068478260869597,1008.9361111111115,1009.1687888198758,0.5708333333333258,1.0,wzrost_cisnienia,0.0,0.0,1.0,0.0,0.0,0.0,23.27916666666667,0.0,0.0,8.990000000000002,0.16041666666666668,0.35
2024-08-26,0.0,18.958333333333332,14.6,38.0,56.95416666666667,1019.9666666666667,1018.7,1021.0,8,lato,239,-0.8263541987239095,-0.5631507242749187,2.2999999999999545,9.341666666666697,9.912500000000023,13.837500000000091,1013.5486111111114,1010.5330745341615,9.341666666666697,1.0,wzrost_cisnienia,0.0,0.0,1.0,0.0,0.0,0.0,21.366666666666664,0.0,0.0,8.990000000000002,0.13208333333333333,0.19
2024-08-27,0.0,19.3625,14.0,25.7,55.01666666666667,1021.775,1020.7,1022.6,8,lato,240,-0.8359254794186365,-0.5488429582847199,1.8999999999999773,1.8083333333332803,11.149999999999977,11.720833333333303,1017.4555555555559,1011.799145962733,1.8083333333332803,1.0,wzrost_cisnienia,0.0,0.0,1.0,0.0,0.0,0.0,18.958333333333332,0.0,0.0,8.990000000000002,0.12208333333333334,0.19
2024-08-28,0.0,14.2125,13.4,15.6,82.4125,1022.6875,1022.6,1022.8,8,lato,241,-0.8452490573530634,-0.5343725582809785,0.1999999999999318,0.9125000000000227,2.720833333333303,12.0625,1021.4763888888892,1014.2562888198757,0.9125000000000227,1.0,wzrost_cisnienia,0.0,0.0,1.0,0.0,0.0,0.0,19.3625,0.0,0.0,0.0,0.1125,0.14
2024-08-29,0.0,26.93125,21.3,31.4,48.075,1015.79375,1014.5,1017.6,8,lato,242,-0.8543221697498269,-0.5197438121555157,3.1000000000000227,-6.8937499999999545,-5.981249999999932,-4.1729166666666515,1020.0854166666671,1015.2901785714286,6.8937499999999545,-1.0,spadek_cisnienia,180.0,1.2246467991473532e-16,-1.0,0.0,0.0,0.0,14.2125,0.0,0.0,0.0,0.14125000000000001,0.17
2024-08-30,0.0,24.208333333333332,19.3,33.2,57.79583333333333,1015.0541666666667,1014.2,1016.7,8,lato,243,-0.8631421280499115,-0.5049610547215202,2.5,-0.7395833333333712,-7.633333333333326,-6.720833333333303,1017.8451388888893,1016.5651785714286,0.7395833333333712,-1.0,spadek_cisnienia,180.0,1.2246467991473532e-16,-1.0,0.0,0.0,0.0,26.93125,0.0,0.0,0.0,0.13375,0.25
2024-08-31,5.5,17.854166666666668,14.3,21.1,68.05416666666666,1020.3583333333332,1017.0,1022.4,8,lato,244,-0.8717063187093218,-0.4900286664290594,5.399999999999977,5.304166666666561,4.564583333333189,-2.329166666666765,1017.0687500000004,1018.0372023809524,5.304166666666561,1.0,wzrost_cisnienia,0.0,0.0,1.0,0.0,0.0,0.0,24.208333333333332,5.5,5.499999999999986,5.5,0.18583333333333332,0.25
2024-09-01,0.0,17.0,13.2,21.5,65.86666666666666,1020.0041666666666,1017.2,1022.2,9,jesien,245,-0.8800122039735356,-0.4749510720670502,5.0,-0.35416666666662877,4.949999999999932,4.210416666666561,1018.4722222222226,1019.3770833333334,0.35416666666662877,-1.0,spadek_cisnienia,180.0,1.2246467991473532e-16,-1.0,5.5,0.0,0.0,17.854166666666668,0.0,5.499999999999986,5.5,0.20458333333333334,0.24
2024-09-02,0.0,18.558333333333334,13.0,36.6,67.75833333333334,1015.8958333333334,1015.3,1016.9,9,jesien,246,-0.888057322629493,-0.4597327394521046,1.6000000000000227,-4.108333333333235,-4.462499999999864,0.841666666666697,1018.7527777777781,1018.7955357142856,4.108333333333235,-1.0,spadek_cisnienia,180.0,1.2246467991473532e-16,-1.0,0.0,5.5,0.0,17.0,0.0,5.499999999999986,5.5,0.16874999999999998,0.25
2024-09-03,0.0,21.020833333333332,14.6,26.7,70.53750000000001,1016.4250000000001,1015.7,1017.1,9,jesien,247,-0.8958392907349089,-0.44437817810461344,1.3999999999999773,0.529166666666697,-3.579166666666538,-3.9333333333331666,1017.4416666666671,1018.03125,0.529166666666697,1.0,wzrost_cisnienia,0.0,0.0,1.0,0.0,0.0,5.5,18.558333333333334,0.0,0.0,5.5,0.11458333333333333,0.16
2024-09-04,0.0,22.320833333333336,16.4,26.9,63.25,1017.1125000000001,1016.1,1017.9,9,jesien,248,-0.9033558023246842,-0.4288919379124841,1.7999999999999545,0.6875,1.216666666666697,-2.891666666666538,1016.4777777777782,1017.2348214285714,0.6875,1.0,wzrost_cisnienia,0.0,0.0,1.0,0.0,0.0,0.0,21.020833333333332,0.0,0.0,5.5,0.08416666666666667,0.11
2024-09-05,0.0,21.76521739130435,16.6,26.1,61.04782608695652,1018.6652173913043,1017.8,1019.7,9,jesien,249,-0.9106046300942162,-0.41327860778290443,1.900000000000091,1.5527173913042134,2.2402173913042134,2.7693840579709104,1017.4009057971019,1017.6450310559006,1.5527173913042134,1.0,wzrost_cisnienia,0.0,0.0,1.0,0.0,0.0,0.0,22.320833333333336,0.0,0.0,5.5,0.06875,0.1
2024-09-06,0.0,21.7625,16.5,26.0,62.65,1017.7375000000001,1016.1,1018.8,9,jesien,250,-0.9175836260593934,-0.3975428142825566,2.699999999999932,-0.9277173913042134,0.625,1.3125,1017.8384057971019,1018.0283643892341,0.9277173913042134,-1.0,spadek_cisnienia,180.0,1.2246467991473532e-16,-1.0,0.0,0.0,0.0,21.76521739130435,0.0,0.0,5.5,0.034999999999999996,0.07
2024-09-07,0.0,22.395833333333332,15.9,29.1,49.012499999999996,1015.6958333333333,1014.2,1016.8,9,jesien,251,-0.9242907221930934,-0.3816892202666586,2.599999999999909,-2.0416666666667425,-2.969384057970956,-1.4166666666667425,1017.3661835748795,1017.3622929606626,2.0416666666667425,-1.0,spadek_cisnienia,180.0,1.2246467991473532e-16,-1.0,0.0,0.0,0.0,21.7625,0.0,0.0,0.0,-0.030833333333333334,0.0
2024-09-08,0.0,22.70434782608696,17.3,29.0,38.67826086956522,1011.6652173913043,1007.8,1014.3,9,jesien,252,-0.9307239310379793,-0.3657225234972692,6.5,-4.030615942029044,-6.072282608695787,-7.0,1015.0328502415463,1016.1710144927537,4.030615942029044,-1.0,spadek_cisnienia,180.0,1.2246467991473532e-16,-1.0,0.0,0.0,0.0,22.395833333333332,0.0,0.0,0.0,-0.07125,-0.04
2024-09-09,0.0,20.058333333333334,16.9,25.6,43.07083333333333,1000.5458333333332,996.8,1007.2,9,jesien,253,-0.9368813462954315,-0.34964745525122826,10.400000000000091,-11.119384057971047,-15.150000000000091,-17.191666666666833,1009.3022946859907,1013.9781573498965,11.119384057971047,-1.0,spadek_cisnienia,180.0,1.2246467991473532e-16,-1.0,0.0,0.0,0.0,22.70434782608696,0.0,0.0,0.0,-0.13041666666666665,-0.06
2024-09-10,1.84,17.545833333333334,14.3,20.3,76.2375,1001.2666666666668,997.5,1004.0,9,jesien,254,-0.9427611433904206,-0.33346877891818705,6.5,0.7208333333335304,-10.398550724637516,-14.42916666666656,1004.4925724637684,1011.8126811594203,0.7208333333335304,1.0,wzrost_cisnienia,0.0,0.0,1.0,0.0,0.0,0.0,20.058333333333334,1.84,1.8399999999999859,1.84,-0.09749999999999999,-0.02
2024-09-11,0.0,15.591666666666667,11.6,19.8,66.59166666666667,1001.1541666666667,999.1,1003.4,9,jesien,255,-0.9483615800121716,-0.31719128858910595,4.2999999999999545,-0.11250000000006821,0.6083333333334622,-10.511050724637585,1000.9888888888892,1009.5329192546584,0.11250000000006821,-1.0,spadek_cisnienia,180.0,1.2246467991473532e-16,-1.0,1.84,0.0,0.0,17.545833333333334,0.0,1.8399999999999859,1.84,-0.14125000000000001,-0.04
2024-09-12,8.85,13.216666666666667,11.7,14.5,76.55,1007.4499999999999,1003.7,1009.9,9,jesien,256,-0.9536809966304455,-0.300819807635668,6.199999999999932,6.295833333333235,6.183333333333167,6.904166666666697,1003.2902777777781,1007.9307453416149,6.295833333333235,1.0,wzrost_cisnienia,0.0,0.0,1.0,0.0,1.84,0.0,15.591666666666667,8.85,10.689999999999985,10.69,0.006666666666666668,0.08
2024-09-13,6.8,14.583333333333334,12.0,33.5,84.28750000000001,1009.7416666666667,1009.2,1010.6,9,jesien,257,-0.9587178169872964,-0.2843591872810036,1.3999999999999773,2.2916666666667425,8.587499999999977,8.474999999999909,1006.115277777778,1006.788483436853,2.2916666666667425,1.0,wzrost_cisnienia,0.0,0.0,1.0,8.85,0.0,1.84,13.216666666666667,6.8,15.649999999999984,17.49,0.20375,0.32
2024-09-14,1.47,16.279166666666665,15.4,17.1,73.60000000000001,1012.6708333333332,1010.7,1014.7,9,jesien,258,-0.9634705485641486,-0.26781430516217486,4.0,2.9291666666665606,5.220833333333303,11.516666666666538,1009.954166666667,1006.3563405797101,2.9291666666665606,1.0,wzrost_cisnienia,0.0,0.0,1.0,6.8,8.85,0.0,14.583333333333334,1.47,17.119999999999987,18.96,0.3491666666666667,0.43
2024-09-15,2.3600000000000003,17.345833333333335,15.2,18.2,84.87083333333334,1013.7291666666666,1012.6,1014.7,9,jesien,259,-0.9679377830240642,-0.25119006388481957,2.1000000000000227,1.058333333333394,3.9874999999999545,6.279166666666697,1012.0472222222226,1006.6511904761903,1.058333333333394,1.0,wzrost_cisnienia,0.0,0.0,1.0,1.47,6.8,8.85,16.279166666666665,2.3600000000000003,10.629999999999985,21.32,0.3116666666666667,0.43
2024-09-16,0.0,19.2375,16.2,21.8,78.325,1016.0625,1013.8,1020.2,9,jesien,260,-0.9721181966290612,-0.23449138957041052,6.400000000000091,2.3333333333333712,3.391666666666765,6.320833333333326,1014.154166666667,1008.8678571428571,2.3333333333333712,1.0,wzrost_cisnienia,0.0,0.0,1.0,2.3600000000000003,1.47,6.8,17.345833333333335,0.0,3.829999999999986,21.32,0.18583333333333332,0.29
2024-09-17,0.0,18.337500000000002,14.1,23.4,75.08333333333333,1023.7666666666668,1020.5,1026.4,9,jesien,261,-0.9760105506323682,-0.21772323039653224,5.900000000000091,7.704166666666765,10.037500000000136,11.09583333333353,1017.8527777777781,1012.0821428571428,7.704166666666765,1.0,wzrost_cisnienia,0.0,0.0,1.0,0.0,2.3600000000000003,1.47,19.2375,0.0,2.359999999999986,19.48,0.1175,0.16
2024-09-18,0.0,18.191666666666666,16.9,21.5,84.55,1026.9458333333334,1026.3,1027.6,9,jesien,262,-0.9796136916454901,-0.20089055513063528,1.2999999999999545,3.1791666666666742,10.88333333333344,13.21666666666681,1022.2583333333338,1015.7666666666667,3.1791666666666742,1.0,wzrost_cisnienia,0.0,0.0,1.0,0.0,0.0,2.3600000000000003,18.337500000000002,0.0,0.0,19.48,0.10791666666666666,0.15
2024-09-19,0.0,18.991666666666667,16.0,22.5,78.69583333333334,1026.325,1025.7,1027.0,9,jesien,263,-0.9829265519799822,-0.18399835165767986,1.2999999999999545,-0.620833333333394,2.5583333333332803,10.262500000000045,1025.679166666667,1018.4630952380952,0.620833333333394,-1.0,spadek_cisnienia,180.0,1.2246467991473532e-16,-1.0,0.0,0.0,0.0,18.191666666666666,0.0,0.0,10.629999999999999,0.0625,0.11
2024-09-20,0.0,17.829166666666666,13.0,23.8,71.45,1026.6375,1025.6,1027.8,9,jesien,264,-0.9859481499638303,-0.1670516255021195,2.2000000000000455,0.3125,-0.30833333333339397,2.8708333333332803,1026.6361111111116,1020.8767857142858,0.3125,1.0,wzrost_cisnienia,0.0,0.0,1.0,0.0,0.0,0.0,18.991666666666667,0.0,0.0,3.83,-0.014583333333333332,0.03
2024-09-21,0.0,17.4875,13.6,22.3,78.58333333333333,1023.1999999999999,1021.1,1025.4,9,jesien,265,-0.9886775902323404,-0.15005539834465262,4.300000000000068,-3.4375000000001137,-3.1250000000001137,-3.7458333333335077,1025.3875000000005,1022.3809523809524,3.4375000000001137,-1.0,spadek_cisnienia,180.0,1.2246467991473532e-16,-1.0,0.0,0.0,0.0,17.829166666666666,0.0,0.0,2.3600000000000003,-0.041666666666666664,-0.01
2024-09-22,0.0,17.466666666666665,13.5,22.6,74.39999999999999,1017.275,1013.1,1020.9,9,jesien,266,-0.9911140639934546,-0.13301470653419636,7.7999999999999545,-5.9249999999999545,-9.362500000000068,-9.050000000000068,1022.3708333333337,1022.8875,5.9249999999999545,-1.0,spadek_cisnienia,180.0,1.2246467991473532e-16,-1.0,0.0,0.0,0.0,17.4875,0.0,0.0,0.0,-0.046250000000000006,0.02
2024-09-23,0.0,17.40869565217391,13.2,23.2,66.28695652173913,1008.7565217391304,1005.9,1012.7,9,jesien,267,-0.9932568492674143,-0.11593459959550066,6.800000000000068,-8.518478260869529,-14.443478260869483,-17.880978260869597,1016.4105072463772,1021.8437888198758,8.518478260869529,-1.0,spadek_cisnienia,180.0,1.2246467991473532e-16,-1.0,0.0,0.0,0.0,17.466666666666665,0.0,0.0,0.0,-0.09708333333333334,-0.07
2024-09-24,0.0,17.620833333333334,12.2,23.9,62.15,1001.9666666666667,998.3,1005.6,9,jesien,268,-0.9951053111006974,-0.09882013873287211,7.300000000000068,-6.789855072463752,-15.30833333333328,-21.233333333333235,1009.3327294685995,1018.7295031055901,6.789855072463752,-1.0,spadek_cisnienia,180.0,1.2246467991473532e-16,-1.0,0.0,0.0,0.0,17.40869565217391,0.0,0.0,0.0,-0.12916666666666668,-0.09
2024-09-25,0.0,16.875,14.4,20.1,64.52499999999999,1001.9833333333332,1000.4,1003.5,9,jesien,269,-0.99665890175417,-0.08167639533042288,3.1000000000000227,0.01666666666653782,-6.773188405797214,-15.291666666666742,1004.2355072463771,1015.1634316770186,0.01666666666653782,1.0,wzrost_cisnienia,0.0,0.0,1.0,0.0,0.0,0.0,17.620833333333334,0.0,0.0,0.0,-0.21333333333333335,-0.05
2024-09-26,0.41,16.133333333333333,13.1,19.3,74.16666666666667,995.7541666666666,990.6,1001.9,9,jesien,270,-0.9979171608653922,-0.06450844944931625,11.299999999999955,-6.229166666666629,-6.212500000000091,-13.002355072463843,999.9013888888893,1010.7961697722567,6.229166666666629,-1.0,spadek_cisnienia,180.0,1.2246467991473532e-16,-1.0,0.0,0.0,0.0,16.875,0.41,0.40999999999998576,0.41,-0.17208333333333334,0.05
2024-09-27,0.44,17.604166666666668,15.1,20.4,59.46666666666667,992.775,989.5,995.5,9,jesien,271,-0.9988797155850335,-0.04732138832243232,6.0,-2.9791666666666288,-9.208333333333258,-9.19166666666672,996.8375000000002,1005.9586697722567,2.9791666666666288,-1.0,spadek_cisnienia,180.0,1.2246467991473532e-16,-1.0,0.41,0.0,0.0,16.133333333333333,0.44,0.8499999999999858,0.85,-0.08583333333333333,0.11
2024-09-28,0.8400000000000001,13.458333333333334,10.4,15.7,65.17083333333333,1002.725,995.3,1012.7,9,jesien,272,-0.9995462806873573,-0.03012030484690836,17.40000000000009,9.950000000000045,6.970833333333417,0.7416666666667879,997.0847222222227,1003.0336697722566,9.950000000000045,1.0,wzrost_cisnienia,0.0,0.0,1.0,0.44,0.41,0.0,17.604166666666668,0.8400000000000001,1.6899999999999857,1.69,0.04750000000000001,0.21
2024-09-29,1.3399999999999999,11.262500000000001,9.6,13.8,66.00416666666666,1019.3958333333334,1013.3,1024.0,9,jesien,273,-0.9999166586547379,-0.012910296075008843,10.700000000000045,16.67083333333335,26.620833333333394,23.641666666666765,1004.9652777777783,1003.336645962733,16.67083333333335,1.0,wzrost_cisnienia,0.0,0.0,1.0,0.8400000000000001,0.44,0.41,13.458333333333334,1.3399999999999999,2.619999999999986,3.03,0.09125,0.18
2024-09-30,0.0,11.108333333333334,7.3,14.6,60.19583333333333,1023.0749999999999,1020.7,1024.6,9,jesien,274,-0.9999907397361901,0.004303538296243821,3.8999999999998636,3.6791666666665606,20.34999999999991,30.299999999999955,1015.0652777777782,1005.3821428571429,3.6791666666665606,1.0,wzrost_cisnienia,0.0,0.0,1.0,1.3399999999999999,0.8400000000000001,0.44,11.262500000000001,0.0,2.1799999999999855,3.03,0.09000000000000001,0.15
2024-10-01,0.0,9.6875,6.0,12.8,64.02499999999999,1015.2458333333334,1010.7,1020.4,10,jesien,275,-0.9997685019798909,0.021516097436222233,9.699999999999932,-7.829166666666538,-4.149999999999977,12.520833333333371,1019.2388888888894,1007.2791666666666,7.829166666666538,-1.0,spadek_cisnienia,180.0,1.2246467991473532e-16,-1.0,0.0,1.3399999999999999,0.8400000000000001,11.108333333333334,0.0,1.3399999999999854,3.03,0.03,0.09
2024-10-02,0.3,11.158333333333333,7.5,14.6,58.07083333333333,1008.2125,1007.5,1010.4,10,jesien,276,-0.9992500112396835,0.03872228089217399,2.8999999999999773,-7.033333333333417,-14.862499999999955,-11.183333333333394,1015.5111111111115,1008.1690476190477,7.033333333333417,-1.0,spadek_cisnienia,180.0,1.2246467991473532e-16,-1.0,0.0,0.0,1.3399999999999999,9.6875,0.3,0.29999999999998556,3.3299999999999996,0.06958333333333333,0.12
2024-10-03,26.21,12.8375,11.6,29.2,87.1125,1008.2875,1006.2,1011.2,10,jesien,277,-0.9984354211555643,0.05591699010060302,5.0,0.07500000000004547,-6.958333333333371,-14.787499999999909,1010.581944444445,1009.9595238095238,0.07500000000004547,1.0,wzrost_cisnienia,0.0,0.0,1.0,0.3,0.0,0.0,11.158333333333333,26.21,26.509999999999987,29.13,0.09541666666666666,0.12
2024-10-04,12.05,12.591666666666667,11.9,13.7,78.3875,1013.8791666666666,1011.4,1016.1,10,jesien,278,-0.9973249731081555,0.07309512989807776,4.7000000000000455,5.591666666666583,5.666666666666629,-1.366666666666788,1010.1263888888893,1012.9744047619048,5.591666666666583,1.0,wzrost_cisnienia,0.0,0.0,1.0,26.21,0.3,0.0,12.8375,12.05,38.55999999999999,40.739999999999995,0.04125,0.1
2024-10-05,0.0,11.320833333333333,9.2,13.6,68.57083333333334,1016.15,1015.0,1017.2,10,jesien,279,-0.9959189961471792,0.0902516100310407,2.2000000000000455,2.2708333333333712,7.8624999999999545,7.9375,1012.7722222222225,1014.8922619047619,2.2708333333333712,1.0,wzrost_cisnienia,0.0,0.0,1.0,12.05,26.21,0.3,12.591666666666667,0.0,38.25999999999999,39.900000000000006,-0.030833333333333334,0.0
2024-10-06,0.0,11.058333333333332,8.2,12.9,71.49583333333334,1011.125,1008.4,1014.5,10,jesien,280,-0.994217906893952,0.10738134666416306,6.100000000000023,-5.024999999999977,-2.754166666666606,2.8374999999999773,1013.718055555556,1013.7107142857142,5.024999999999977,-1.0,spadek_cisnienia,180.0,1.2246467991473532e-16,-1.0,0.0,12.05,26.21,11.320833333333333,0.0,12.049999999999986,38.56,-0.07208333333333333,-0.04
2024-10-07,0.27,12.020833333333334,10.6,13.7,63.77916666666667,1006.6916666666666,1005.5,1007.9,10,jesien,281,-0.9922222094179324,0.12447926388678869,2.3999999999999773,-4.433333333333394,-9.458333333333371,-7.1875,1011.3222222222226,1011.370238095238,4.433333333333394,-1.0,spadek_cisnienia,180.0,1.2246467991473532e-16,-1.0,0.0,0.0,12.05,11.058333333333332,0.27,0.2699999999999858,38.83,-0.05833333333333333,-0.04
2024-10-08,0.0,14.25,10.3,31.8,74.47083333333333,1003.4041666666667,998.6,1005.8,10,jesien,282,-0.989932495087353,0.141540295217043,7.199999999999932,-3.287499999999909,-7.720833333333303,-12.74583333333328,1007.0736111111115,1009.6785714285714,3.287499999999909,-1.0,spadek_cisnienia,180.0,1.2246467991473532e-16,-1.0,0.27,0.0,0.0,12.020833333333334,0.0,0.2699999999999858,38.83,-0.09291666666666666,0.0
2024-10-09,0.91,14.9,13.5,16.7,81.14583333333333,994.3208333333333,992.7,998.0,10,jesien,283,-0.9873494423939864,0.15855938510313475,5.2999999999999545,-9.083333333333371,-12.37083333333328,-16.804166666666674,1001.4722222222226,1007.6940476190476,9.083333333333371,-1.0,spadek_cisnienia,180.0,1.2246467991473532e-16,-1.0,0.0,0.27,0.0,14.25,0.91,1.179999999999986,39.440000000000005,-0.11375,-0.05
2024-10-10,0.0,15.483333333333334,13.2,20.2,76.14166666666667,988.6750000000001,984.9,994.5,10,jesien,284,-0.9844738167520923,0.17553149042142777,9.600000000000023,-5.6458333333332575,-14.729166666666629,-18.016666666666538,995.4666666666672,1004.8922619047619,5.6458333333332575,-1.0,spadek_cisnienia,180.0,1.2246467991473532e-16,-1.0,0.91,0.0,0.27,14.9,0.0,0.9099999999999858,13.23,-0.08916666666666667,0.23
2024-10-11,0.0,11.466666666666667,9.6,13.7,63.98333333333333,1004.7166666666667,995.5,1013.3,10,jesien,285,-0.9813064702716093,0.19245158197082995,17.799999999999955,16.04166666666663,10.395833333333371,1.3125,995.9041666666672,1003.5833333333333,16.04166666666663,1.0,wzrost_cisnienia,0.0,0.0,1.0,0.0,0.91,0.0,15.483333333333334,0.0,0.9099999999999858,1.1800000000000002,-0.03958333333333333,0.07
2024-10-12,0.0,10.9375,8.5,15.0,63.65,1016.0208333333334,1013.5,1018.0,10,jesien,286,-0.9778483415056568,0.20931464596304888,4.5,11.304166666666674,27.345833333333303,21.700000000000045,1003.1375000000004,1003.564880952381,11.304166666666674,1.0,wzrost_cisnienia,0.0,0.0,1.0,0.0,0.0,0.91,11.466666666666667,0.0,0.0,1.1800000000000002,0.0008333333333333336,0.07
2024-10-13,3.55,9.720833333333333,8.4,11.6,77.65833333333333,1000.7416666666667,995.5,1012.3,10,jesien,287,-0.9741004551724206,0.22611568550828803,16.799999999999955,-15.279166666666697,-3.9750000000000227,12.066666666666606,1007.1597222222226,1002.0815476190476,15.279166666666697,-1.0,spadek_cisnienia,180.0,1.2246467991473532e-16,-1.0,0.0,0.0,0.0,10.9375,3.55,3.5499999999999856,4.73,0.000833333333333333,0.17
2024-10-14,0.0,12.008333333333333,10.8,13.4,71.0,1006.3833333333333,999.7,1010.9,10,jesien,288,-0.970063921851507,0.2428497220959358,11.199999999999932,5.6416666666666515,-9.637500000000045,1.6666666666666288,1007.7152777777782,1002.0375000000001,5.6416666666666515,1.0,wzrost_cisnienia,0.0,0.0,1.0,3.55,0.0,0.0,9.720833333333333,0.0,3.5499999999999856,4.460000000000001,0.13375,0.2
2024-10-15,0.0,10.891304347826088,8.2,13.2,73.2304347826087,1017.3000000000001,1011.0,1023.9,10,jesien,289,-0.965739937654855,0.25951179706979943,12.899999999999977,10.916666666666742,16.558333333333394,1.279166666666697,1008.141666666667,1004.022619047619,10.916666666666742,1.0,wzrost_cisnienia,0.0,0.0,1.0,0.0,3.55,0.0,12.008333333333333,0.0,3.5499999999999856,4.460000000000001,0.19375,0.23
2024-10-16,0.0,9.133333333333333,6.2,12.3,70.58749999999999,1026.3208333333334,1024.2,1028.0,10,jesien,290,-0.9611297838723007,0.27609697309746883,3.7999999999999545,9.020833333333371,19.937500000000114,25.579166666666765,1016.668055555556,1008.5940476190477,9.020833333333371,1.0,wzrost_cisnienia,0.0,0.0,1.0,0.0,0.0,3.55,10.891304347826088,0.0,0.0,3.55,0.055,0.2
2024-10-17,0.0,9.325000000000001,6.1,13.7,59.574999999999996,1022.6541666666667,1020.0,1025.9,10,jesien,291,-0.9562348265919058,0.2926003356333479,5.900000000000091,-3.6666666666667425,5.354166666666629,16.27083333333337,1022.0916666666672,1013.4482142857142,3.6666666666667425,-1.0,spadek_cisnienia,180.0,1.2246467991473532e-16,-1.0,0.0,0.0,0.0,9.133333333333333,0.0,0.0,3.55,-0.15208333333333332,-0.05
2024-10-18,0.0,10.216666666666667,6.8,13.9,60.137499999999996,1019.0791666666668,1017.9,1020.2,10,jesien,292,-0.9510565162951536,0.30901699437494723,2.300000000000068,-3.574999999999932,-7.241666666666674,1.779166666666697,1022.6847222222227,1015.5000000000001,3.574999999999932,-1.0,spadek_cisnienia,180.0,1.2246467991473532e-16,-1.0,0.0,0.0,0.0,9.325000000000001,0.0,0.0,3.55,-0.18041666666666667,-0.13
2024-10-19,0.0,10.370833333333334,6.7,14.9,52.458333333333336,1019.9833333333332,1019.0,1021.8,10,jesien,293,-0.9455963874271428,0.3253420847119795,2.7999999999999545,0.9041666666664696,-2.670833333333462,-6.337500000000205,1020.5722222222226,1016.0660714285714,0.9041666666664696,1.0,wzrost_cisnienia,0.0,0.0,1.0,0.0,0.0,0.0,10.216666666666667,0.0,0.0,3.55,-0.15625,-0.08
2024-10-20,0.0,9.7125,6.7,12.4,66.09166666666667,1021.9416666666666,1019.9,1023.0,10,jesien,294,-0.9398560579418953,0.341570769167856,3.1000000000000227,1.9583333333333712,2.862499999999841,-0.712500000000091,1020.3347222222225,1019.0946428571427,1.9583333333333712,1.0,wzrost_cisnienia,0.0,0.0,1.0,0.0,0.0,0.0,10.370833333333334,0.0,0.0,0.0,-0.17625000000000002,-0.1
2024-10-21,0.0,12.652173913043478,10.0,16.0,70.84347826086957,1019.6478260869566,1018.1,1021.4,10,jesien,295,-0.9338372288229252,0.35769823883312546,3.2999999999999545,-2.293840579710036,-0.3355072463766646,0.568659420289805,1020.5242753623191,1020.9895703933747,2.293840579710036,-1.0,spadek_cisnienia,180.0,1.2246467991473532e-16,-1.0,0.0,0.0,0.0,9.7125,0.0,0.0,0.0,-0.18416666666666667,-0.14
2024-10-22,0.0,15.0375,12.3,20.2,73.25416666666666,1018.9,1015.4,1023.0,10,jesien,296,-0.9275416835791965,0.3737197147904692,7.600000000000023,-0.7478260869565929,-3.0416666666666288,-1.0833333333332575,1020.1631642512081,1021.2181418219461,0.7478260869565929,-1.0,spadek_cisnienia,180.0,1.2246467991473532e-16,-1.0,0.0,0.0,0.0,12.652173913043478,0.0,0.0,0.0,-0.02333333333333333,0.19
2024-10-23,0.0,12.5375,9.5,14.7,65.8,1027.3416666666667,1023.4,1030.4,10,jesien,297,-0.9209712877166346,0.38963044953078774,7.000000000000114,8.44166666666672,7.693840579710127,5.400000000000091,1021.9631642512081,1021.3639751552795,8.44166666666672,1.0,wzrost_cisnienia,0.0,0.0,1.0,0.0,0.0,0.0,15.0375,0.0,0.0,0.0,0.0037500000000000003,0.06
2024-10-24,0.0,10.637500000000001,7.9,14.8,76.64166666666667,1028.9916666666666,1026.6,1030.4,10,jesien,298,-0.9141279881853337,0.4054257283599973,3.800000000000182,1.6499999999998636,10.091666666666583,9.34384057970999,1025.0777777777782,1022.2693322981366,1.6499999999998636,1.0,wzrost_cisnienia,0.0,0.0,1.0,0.0,0.0,0.0,12.5375,0.0,0.0,0.0,0.0375,0.1
2024-10-25,0.0,9.941666666666666,5.1,30.1,79.02499999999999,1021.4416666666666,1018.0,1026.1,10,jesien,299,-0.9070138128026362,0.42110087079608916,8.099999999999909,-7.5499999999999545,-5.900000000000091,2.5416666666666288,1025.9250000000004,1022.6068322981365,7.5499999999999545,-1.0,spadek_cisnienia,180.0,1.2246467991473532e-16,-1.0,0.0,0.0,0.0,10.637500000000001,0.0,0.0,0.0,0.02125,0.07
2024-10-26,0.0,10.75,7.5,15.0,81.56666666666666,1017.8874999999999,1017.2,1018.3,10,jesien,300,-0.8996308696522434,0.4366512319560638,1.099999999999909,-3.5541666666666742,-11.104166666666629,-9.454166666666765,1022.7736111111113,1022.3074275362318,3.5541666666666742,-1.0,spadek_cisnienia,180.0,1.2246467991473532e-16,-1.0,0.0,0.0,0.0,9.941666666666666,0.0,0.0,0.0,0.049999999999999996,0.1
2024-10-27,0.0,11.536,9.2,14.8,82.132,1015.232,1012.6,1017.7,10,jesien,301,-0.8919813464595487,0.45207220393230374,5.100000000000023,-2.655499999999961,-6.209666666666635,-13.75966666666659,1018.187055555556,1021.348903726708,2.655499999999961,-1.0,spadek_cisnienia,180.0,1.2246467991473532e-16,-1.0,0.0,0.0,0.0,10.75,0.0,0.0,0.0,0.0192,0.09
2024-10-28,0.0,11.808333333333332,8.2,13.4,71.46666666666667,1018.4499999999999,1017.1,1020.3,10,jesien,302,-0.8840675099433637,0.46735921715800205,3.199999999999932,3.217999999999961,0.5625,-2.9916666666666742,1017.1898333333337,1021.1777857142855,3.217999999999961,1.0,wzrost_cisnienia,0.0,0.0,1.0,0.0,0.0,0.0,11.536,0.0,0.0,0.0,0.025833333333333333,0.08
2024-10-29,0.0,13.229166666666666,11.8,14.4,84.0375,1017.8166666666666,1016.1,1019.2,10,jesien,303,-0.8758917051442433,0.48250774176121763,3.1000000000000227,-0.6333333333333258,2.584666666666635,-0.07083333333332575,1017.1662222222226,1021.0230238095238,0.6333333333333258,-1.0,spadek_cisnienia,180.0,1.2246467991473532e-16,-1.0,0.0,0.0,0.0,11.808333333333332,0.0,0.0,0.0,0.09125,0.14
2024-10-30,0.0,13.458333333333334,11.1,14.6,72.12916666666666,1015.5333333333333,1014.8,1017.0,10,jesien,304,-0.867456354729597,0.4975132889071803,2.2000000000000455,-2.283333333333303,-2.9166666666666288,0.3013333333333321,1017.266666666667,1019.3361190476189,2.283333333333303,-1.0,spadek_cisnienia,180.0,1.2246467991473532e-16,-1.0,0.0,0.0,0.0,13.229166666666666,0.0,0.0,0.0,0.1125,0.26
2024-10-31,0.0,12.958333333333334,11.1,28.9,69.33333333333333,1014.7125,1009.5,1017.5,10,jesien,305,-0.858763958275803,0.5123714121284235,8.0,-0.8208333333333258,-3.1041666666666288,-3.7374999999999545,1016.0208333333336,1017.296238095238,0.8208333333333258,-1.0,spadek_cisnienia,180.0,1.2246467991473532e-16,-1.0,0.0,0.0,0.0,13.458333333333334,0.0,0.0,0.0,0.22624999999999998,0.34
2024-11-01,0.51,13.945833333333333,10.9,16.1,64.8,1006.7125,1005.4,1009.8,11,jesien,306,-0.8498170915275277,0.5270777086423724,4.399999999999977,-8.0,-8.820833333333326,-11.104166666666629,1012.3194444444448,1015.1920714285715,8.0,-1.0,spadek_cisnienia,180.0,1.2246467991473532e-16,-1.0,0.0,0.0,0.0,12.958333333333334,0.51,0.5099999999999858,0.51,0.27166666666666667,0.54
2024-11-02,0.0,7.970833333333332,6.7,10.2,45.975,1021.8958333333334,1011.0,1027.5,11,jesien,307,-0.8406184056344783,0.5416278206559811,16.5,15.183333333333394,7.183333333333394,6.362500000000068,1014.4402777777782,1015.7646904761905,15.183333333333394,1.0,wzrost_cisnienia,0.0,0.0,1.0,0.51,0.0,0.0,13.945833333333333,0.0,0.5099999999999858,0.51,0.525,0.68
2024-11-03,0.0,8.933333333333334,5.5,12.4,60.50416666666666,1020.8625000000001,1016.1,1027.3,11,jesien,308,-0.8311706263658079,0.5560174366570446,11.199999999999932,-1.033333333333303,14.150000000000091,6.150000000000091,1016.4902777777783,1016.5690476190476,1.033333333333303,-1.0,spadek_cisnienia,180.0,1.2246467991473532e-16,-1.0,0.0,0.51,0.0,7.970833333333332,0.0,0.5099999999999858,0.51,0.27666666666666667,0.52
2024-11-04,0.0,9.4625,5.8,12.3,64.19166666666666,1025.2458333333334,1017.8,1028.0,11,jesien,309,-0.8214765533024145,0.5702422926917867,10.200000000000045,4.383333333333326,3.3500000000000227,18.533333333333417,1022.668055555556,1017.5398809523809,4.383333333333326,1.0,wzrost_cisnienia,0.0,0.0,1.0,0.0,0.0,0.51,8.933333333333334,0.0,0.0,0.51,0.3575,0.5
2024-11-05,0.0,7.9624999999999995,4.3,12.0,78.625,1024.9583333333333,1023.7,1027.2,11,jesien,310,-0.8115390590073611,0.5842981736283683,3.5,-0.2875000000001364,4.095833333333189,3.0624999999998863,1023.6888888888892,1018.560119047619,0.2875000000001364,-1.0,spadek_cisnienia,180.0,1.2246467991473532e-16,-1.0,0.0,0.0,0.0,9.4625,0.0,0.0,0.51,0.1758333333333333,0.24
2024-11-06,9.7,7.254166666666666,6.3,9.0,78.47500000000001,1026.6583333333333,1024.5,1028.9,11,jesien,311,-0.8013610881746769,0.5981809144059159,4.400000000000091,1.7000000000000455,1.412499999999909,5.795833333333235,1025.6208333333336,1020.1494047619047,1.7000000000000455,1.0,wzrost_cisnienia,0.0,0.0,1.0,0.0,0.0,0.0,7.9624999999999995,9.7,9.699999999999985,10.209999999999999,0.14958333333333335,0.18
2024-11-07,0.0,8.012500000000001,6.5,9.3,79.83333333333333,1029.2875,1028.0,1031.1,11,jesien,312,-0.7909456567567774,0.6118864012687242,3.099999999999909,2.629166666666606,4.3291666666666515,4.041666666666515,1026.9680555555558,1022.2315476190477,2.629166666666606,1.0,wzrost_cisnienia,0.0,0.0,1.0,9.7,0.0,0.0,7.254166666666666,0.0,9.699999999999985,10.209999999999999,0.17375,0.24
2024-11-08,0.0,8.716666666666667,7.1,10.0,79.45833333333333,1032.2375,1031.2,1033.4,11,jesien,313,-0.780295851070776,0.6254105729852457,2.2000000000000455,2.9500000000000455,5.5791666666666515,7.279166666666697,1029.3944444444448,1025.8779761904761,2.9500000000000455,1.0,wzrost_cisnienia,0.0,0.0,1.0,0.0,9.7,0.0,8.012500000000001,0.0,9.699999999999985,9.7,0.12583333333333332,0.19
2024-11-09,0.0,5.425,4.8,6.9,84.10000000000001,1029.5125,1027.9,1031.7,11,jesien,314,-0.7694148268839381,0.6387494220515268,3.7999999999999545,-2.724999999999909,0.22500000000013642,2.8541666666667425,1030.3458333333338,1026.9660714285715,2.724999999999909,-1.0,spadek_cisnienia,180.0,1.2246467991473532e-16,-1.0,0.0,0.0,9.7,8.716666666666667,0.0,0.0,9.7,0.07541666666666667,0.14
2024-11-10,0.0,4.308333333333334,3.7,4.9,85.42083333333333,1026.6166666666666,1026.0,1027.8,11,jesien,315,-0.7583058084785625,0.6518989958787125,1.7999999999999545,-2.895833333333485,-5.620833333333394,-2.6708333333333485,1029.455555555556,1027.7880952380951,2.895833333333485,-1.0,spadek_cisnienia,180.0,1.2246467991473532e-16,-1.0,0.0,0.0,0.0,5.425,0.0,0.0,9.7,0.07583333333333334,0.11
2024-11-11,0.0,3.4916666666666667,3.0,4.4,84.6875,1025.7,1024.9,1027.3,11,jesien,316,-0.7469720876965551,0.6648553979642867,2.3999999999998636,-0.9166666666665151,-3.8125,-6.537499999999909,1027.2763888888892,1027.852976190476,0.9166666666665151,-1.0,spadek_cisnienia,180.0,1.2246467991473532e-16,-1.0,0.0,0.0,0.0,4.308333333333334,0.0,0.0,9.7,0.01875,0.07
2024-11-12,0.2,4.666666666666667,2.9,6.1,85.91250000000001,1028.0125,1025.6,1029.9,11,jesien,317,-0.7354170229639858,0.6776147890466887,4.300000000000182,2.3125,1.395833333333485,-1.5,1026.7763888888892,1028.2892857142856,2.3125,1.0,wzrost_cisnienia,0.0,0.0,1.0,0.0,0.0,0.0,3.4916666666666667,0.2,0.1999999999999858,9.899999999999999,0.05625,0.12
2024-11-13,0.16999999999999998,6.2749999999999995,5.1,7.7,77.97500000000001,1023.2291666666666,1020.2,1025.4,11,jesien,318,-0.7236440382959123,0.690173388242972,5.2000000000000455,-4.783333333333417,-2.4708333333334167,-3.387499999999932,1025.6472222222226,1027.7994047619047,4.783333333333417,-1.0,spadek_cisnienia,180.0,1.2246467991473532e-16,-1.0,0.2,0.0,0.0,4.666666666666667,0.16999999999999998,0.3699999999999858,0.37,0.0016666666666666663,0.09
2024-11-14,0.44,7.8374999999999995,6.3,9.2,80.22083333333333,1014.0833333333334,1011.2,1019.5,11,jesien,319,-0.7116566222817751,0.7025274741691566,8.299999999999955,-9.145833333333258,-13.929166666666674,-11.616666666666674,1021.7750000000004,1025.627380952381,9.145833333333258,-1.0,spadek_cisnienia,180.0,1.2246467991473532e-16,-1.0,0.16999999999999998,0.2,0.0,6.2749999999999995,0.44,0.8099999999999858,0.81,0.05708333333333334,0.19
2024-11-15,0.0,8.975,7.0,10.9,74.74166666666666,1014.0416666666666,1012.1,1015.3,11,jesien,320,-0.6994583270516471,0.7146733860429608,3.199999999999932,-0.04166666666674246,-9.1875,-13.970833333333417,1017.118055555556,1023.0279761904761,0.04166666666674246,-1.0,spadek_cisnienia,180.0,1.2246467991473532e-16,-1.0,0.44,0.16999999999999998,0.2,7.8374999999999995,0.0,0.6099999999999859,0.81,0.07291666666666667,0.16
2024-11-16,0.0,9.770833333333334,7.7,12.0,69.45416666666667,1007.65,1001.9,1011.6,11,jesien,321,-0.6870527672236675,0.726607524768565,9.700000000000045,-6.3916666666666515,-6.433333333333394,-15.579166666666652,1011.9250000000005,1019.904761904762,6.3916666666666515,-1.0,spadek_cisnienia,180.0,1.2246467991473532e-16,-1.0,0.0,0.44,0.16999999999999998,8.975,0.0,0.4399999999999858,0.81,-0.007916666666666667,0.14
2024-11-17,1.38,8.141666666666667,7.1,9.3,72.47500000000001,995.8125,992.9,1001.1,11,jesien,322,-0.6744436188329457,0.7383263540031063,8.200000000000045,-11.837499999999977,-18.22916666666663,-18.27083333333337,1005.8347222222225,1015.5041666666667,11.837499999999977,-1.0,spadek_cisnienia,180.0,1.2246467991473532e-16,-1.0,0.0,0.0,0.44,9.770833333333334,1.38,1.3799999999999857,2.19,0.037083333333333336,0.17
2024-11-18,4.84,6.145833333333333,5.1,7.3,72.4875,995.3541666666666,993.9,997.9,11,jesien,323,-0.661634618242279,0.749826401204568,4.0,-0.45833333333337123,-12.295833333333348,-18.6875,999.605555555556,1011.1690476190477,0.45833333333337123,-1.0,spadek_cisnienia,180.0,1.2246467991473532e-16,-1.0,1.38,0.0,0.0,8.141666666666667,4.84,6.2199999999999855,7.029999999999999,0.23083333333333333,0.32
2024-11-19,9.96,6.083333333333333,2.5,37.9,76.99166666666666,991.6541666666667,974.4,998.3,11,jesien,324,-0.6486295610349818,0.7611042586607742,23.899999999999977,-3.699999999999932,-4.158333333333303,-15.99583333333328,994.2736111111116,1005.9750000000001,3.699999999999932,-1.0,spadek_cisnienia,180.0,1.2246467991473532e-16,-1.0,4.84,1.38,0.0,6.145833333333333,9.96,16.179999999999986,16.79,0.25958333333333333,0.33
2024-11-20,0.4,4.9875,3.4,6.9,78.80416666666666,981.8708333333334,973.6,987.0,11,jesien,325,-0.6354323008901775,0.7721565844991641,13.399999999999977,-9.783333333333303,-13.483333333333235,-13.941666666666606,989.6263888888893,1000.0666666666667,9.783333333333303,-1.0,spadek_cisnienia,180.0,1.2246467991473532e-16,-1.0,9.96,4.84,1.38,6.083333333333333,0.4,15.199999999999987,17.02,0.50375,0.61
2024-11-21,0.28,4.0874999999999995,2.5,20.0,70.12916666666666,987.2125,986.2,988.8,11,jesien,326,-0.622046748440868,0.7829801036770625,2.599999999999909,5.341666666666583,-4.44166666666672,-8.141666666666652,986.9125000000004,996.2279761904762,5.341666666666583,1.0,wzrost_cisnienia,0.0,0.0,1.0,0.4,9.96,4.84,4.9875,0.28,10.639999999999985,16.86,0.3675,0.45
2024-11-22,0.0,4.6000000000000005,1.9,36.5,68.52916666666667,991.6291666666666,986.5,996.1,11,jesien,327,-0.6084768701151264,0.7935716089521472,9.600000000000023,4.416666666666629,9.758333333333212,-0.02500000000009095,986.9041666666672,993.0261904761904,4.416666666666629,1.0,wzrost_cisnienia,0.0,0.0,1.0,0.28,0.4,9.96,4.0874999999999995,0.0,0.6799999999999841,16.86,0.33041666666666664,0.43
2024-11-23,0.23,3.6666666666666665,2.3,5.3,70.52499999999999,1006.6958333333333,995.7,1014.3,11,jesien,328,-0.594726686960764,0.8039279618328208,18.59999999999991,15.06666666666672,19.48333333333335,24.824999999999932,995.1791666666671,992.8898809523808,15.06666666666672,1.0,wzrost_cisnienia,0.0,0.0,1.0,0.0,0.28,0.4,4.6000000000000005,0.23,0.509999999999984,17.09,0.32916666666666666,0.43
2024-11-24,0.4,4.0125,1.4,7.7,82.83333333333333,1010.9250000000001,1009.5,1014.0,11,jesien,329,-0.5808002734538014,0.8140460935082175,4.5,4.2291666666667425,19.295833333333462,23.71250000000009,1003.0833333333336,995.0488095238095,4.2291666666667425,1.0,wzrost_cisnienia,0.0,0.0,1.0,0.23,0.0,0.28,3.6666666666666665,0.4,0.629999999999984,16.11,0.14291666666666666,0.21
2024-11-25,0.0,10.054166666666667,7.5,12.7,66.32083333333334,1007.4291666666667,1004.8,1009.4,11,jesien,330,-0.5667017562911184,0.8239230057575536,4.600000000000023,-3.495833333333394,0.7333333333333485,15.800000000000068,1008.3500000000004,996.7738095238095,3.495833333333394,-1.0,spadek_cisnienia,180.0,1.2246467991473532e-16,-1.0,0.4,0.23,0.0,4.0125,0.0,0.629999999999984,11.27,-0.0041666666666666675,0.11
2024-11-26,0.75,9.6875,7.6,11.2,77.30833333333334,1010.2958333333332,1005.9,1014.7,11,jesien,331,-0.5524353131676203,0.8335557718385695,8.800000000000068,2.8666666666665606,-0.6291666666668334,3.599999999999909,1009.5500000000005,999.4369047619047,2.8666666666665606,1.0,wzrost_cisnienia,0.0,0.0,1.0,0.0,0.4,0.23,10.054166666666667,0.75,1.149999999999984,2.0599999999999983,0.18583333333333332,0.25
2024-11-27,0.0,7.291666666666667,5.9,8.9,76.84583333333333,1015.8416666666667,1014.0,1017.1,11,jesien,332,-0.5380051715382992,0.8429415373547832,3.1000000000000227,5.545833333333462,8.412500000000023,4.916666666666629,1011.1888888888892,1004.2898809523809,5.545833333333462,1.0,wzrost_cisnienia,0.0,0.0,1.0,0.75,0.0,0.4,9.6875,0.0,0.749999999999984,1.6599999999999984,0.22791666666666668,0.28
2024-11-28,4.51,7.558333333333334,5.9,9.1,85.42916666666667,1007.3791666666666,1003.7,1013.8,11,jesien,333,-0.5234156073655503,0.8520775211013093,10.099999999999909,-8.462500000000091,-2.9166666666666288,-0.05000000000006821,1011.1722222222224,1007.1708333333333,8.462500000000091,-1.0,spadek_cisnienia,180.0,1.2246467991473532e-16,-1.0,0.0,0.75,0.0,7.291666666666667,4.51,5.259999999999984,5.889999999999998,0.36333333333333334,0.51
2024-11-29,0.39,7.716666666666666,6.4,8.8,70.5125,1024.5249999999999,1014.8,1030.3,11,jesien,334,-0.5086709438521042,0.8609610158889945,15.5,17.145833333333258,8.683333333333167,14.229166666666629,1015.9152777777781,1011.870238095238,17.145833333333258,1.0,wzrost_cisnienia,0.0,0.0,1.0,4.51,0.0,0.75,7.558333333333334,0.39,4.8999999999999835,6.279999999999998,0.3670833333333334,0.53
2024-11-30,0.0,5.7250000000000005,3.5,6.9,69.28333333333333,1029.6166666666666,1027.4,1031.0,11,jesien,335,-0.4937755501599774,0.8695893893466109,3.599999999999909,5.091666666666697,22.237499999999955,13.774999999999864,1020.5069444444447,1015.1446428571428,5.091666666666697,1.0,wzrost_cisnienia,0.0,0.0,1.0,0.39,4.51,0.0,7.716666666666666,0.0,4.8999999999999835,6.049999999999998,0.1425,0.25
2024-12-01,0.0,5.045833333333333,4.1,6.0,73.5,1023.1166666666667,1017.9,1027.2,12,zima,336,-0.4787338401157883,0.8779600847008883,9.300000000000068,-6.499999999999886,-1.4083333333331893,15.737500000000068,1025.752777777778,1016.8863095238095,6.499999999999886,-1.0,spadek_cisnienia,180.0,1.2246467991473532e-16,-1.0,0.0,0.39,4.51,5.7250000000000005,0.0,0.389999999999984,5.649999999999998,0.065,0.13
2024-12-02,0.0,4.854166666666667,2.6,21.2,79.03750000000001,1011.7875,1008.7,1017.1,12,zima,337,-0.4635502709028512,0.8860706215341377,8.399999999999977,-11.329166666666652,-17.829166666666538,-12.73749999999984,1021.5069444444449,1017.5089285714286,11.329166666666652,-1.0,spadek_cisnienia,180.0,1.2246467991473532e-16,-1.0,0.0,0.0,0.39,5.045833333333333,0.0,0.0,5.649999999999998,0.019583333333333335,0.11
2024-12-03,3.64,8.112499999999999,6.5,9.4,80.46249999999999,1009.9166666666666,1007.6,1013.5,12,zima,338,-0.4482293417404106,0.893918596519257,5.899999999999977,-1.870833333333394,-13.200000000000045,-19.699999999999932,1014.9402777777782,1017.4547619047618,1.870833333333394,-1.0,spadek_cisnienia,180.0,1.2246467991473532e-16,-1.0,0.0,0.0,0.0,4.854166666666667,3.64,3.639999999999984,8.54,0.26708333333333334,0.37
2024-12-04,10.86,7.070833333333333,5.6,9.2,87.77499999999999,1017.0583333333333,1013.7,1020.3,12,zima,339,-0.4327755925504317,0.9015016841318838,6.599999999999909,7.1416666666666515,5.2708333333332575,-6.058333333333394,1012.9208333333336,1017.6285714285714,7.1416666666666515,1.0,wzrost_cisnienia,0.0,0.0,1.0,3.64,0.0,0.0,8.112499999999999,10.86,14.499999999999984,19.4,0.34375,0.4
2024-12-05,1.52,5.208333333333333,3.6,6.4,85.97916666666667,1018.8541666666666,1014.2,1020.6,12,zima,340,-0.41719360261231697,0.9088176373395028,6.399999999999977,1.7958333333333485,8.9375,7.066666666666606,1015.2763888888893,1019.2678571428571,1.7958333333333485,1.0,wzrost_cisnienia,0.0,0.0,1.0,10.86,3.64,0.0,7.070833333333333,1.52,16.019999999999985,16.41,0.1691666666666667,0.3
2024-12-06,0.0,3.8541666666666665,2.6,4.5,75.125,1007.7208333333333,1005.1,1013.3,12,zima,341,-0.4014879892059737,0.9158642882672868,8.199999999999932,-11.133333333333326,-9.337499999999977,-2.1958333333333258,1014.5444444444448,1016.8672619047619,11.133333333333326,-1.0,spadek_cisnienia,180.0,1.2246467991473532e-16,-1.0,1.52,10.86,3.64,5.208333333333333,0.0,12.379999999999983,16.02,0.01625,0.13
2024-12-07,0.0,4.054166666666666,3.2,5.1,81.20833333333333,1007.0083333333333,1005.4,1009.0,12,zima,342,-0.38566340624360745,0.9226395488404875,3.6000000000000227,-0.7124999999999773,-11.845833333333303,-10.049999999999955,1011.1944444444448,1013.6374999999999,0.7124999999999773,-1.0,spadek_cisnienia,180.0,1.2246467991473532e-16,-1.0,0.0,1.52,10.86,3.8541666666666665,0.0,1.519999999999984,16.02,0.08083333333333333,0.16
2024-12-08,3.2,5.679166666666667,4.5,6.8,80.52499999999999,1012.0416666666666,1007.0,1016.9,12,zima,343,-0.3697245428906732,0.9291414114031743,9.899999999999977,5.033333333333303,4.320833333333326,-6.8125,1008.9236111111114,1012.0553571428571,5.033333333333303,1.0,wzrost_cisnienia,0.0,0.0,1.0,0.0,0.0,1.52,4.054166666666666,3.2,3.199999999999984,19.22,0.13708333333333333,0.18
2024-12-09,5.94,5.7625,5.1,6.5,83.14583333333333,1023.1,1017.3,1027.6,12,zima,344,-0.3536761221763721,0.935367949313148,10.299999999999955,11.058333333333394,16.091666666666697,15.37916666666672,1014.0500000000005,1013.6714285714287,11.058333333333394,1.0,wzrost_cisnienia,0.0,0.0,1.0,3.2,0.0,0.0,5.679166666666667,5.94,9.139999999999985,25.159999999999997,0.18666666666666668,0.28
2024-12-10,0.0,5.1000000000000005,4.0,6.0,81.50833333333334,1027.5708333333334,1025.7,1028.6,12,zima,345,-0.33752289959411347,0.941317317512847,2.8999999999998636,4.470833333333417,15.52916666666681,20.562500000000114,1020.9041666666672,1016.1934523809524,4.470833333333417,1.0,wzrost_cisnienia,0.0,0.0,1.0,5.94,3.2,0.0,5.7625,0.0,9.139999999999985,21.519999999999996,0.043333333333333335,0.12
2024-12-11,0.5,5.379166666666666,4.4,7.7,74.06666666666666,1023.3416666666667,1022.3,1025.3,12,zima,346,-0.32126966169236515,0.946987753076075,3.0,-4.2291666666667425,0.24166666666667425,11.300000000000068,1024.6708333333338,1017.0910714285714,4.2291666666667425,-1.0,spadek_cisnienia,180.0,1.2246467991473532e-16,-1.0,0.0,5.94,3.2,5.1000000000000005,0.5,6.439999999999984,11.159999999999998,0.065,0.14
2024-12-12,0.08,5.929166666666667,4.6,8.1,67.22083333333333,1025.825,1024.2,1028.4,12,zima,347,-0.3049212246562894,0.9523775757303973,4.2000000000000455,2.4833333333333485,-1.745833333333394,2.7250000000000227,1025.579166666667,1018.0869047619047,2.4833333333333485,1.0,wzrost_cisnienia,0.0,0.0,1.0,0.5,0.0,5.94,5.379166666666666,0.08,0.579999999999984,9.719999999999999,0.08625,0.17
2024-12-13,0.0,3.533333333333333,1.0,5.2,72.79166666666667,1028.0625,1020.9,1031.5,12,zima,348,-0.2884824328806098,0.9574851883550389,10.600000000000023,2.2374999999999545,4.720833333333303,0.49166666666656056,1025.7430555555559,1020.9928571428572,2.2374999999999545,1.0,wzrost_cisnienia,0.0,0.0,1.0,0.08,0.5,0.0,5.929166666666667,0.0,0.579999999999984,9.719999999999999,-0.08666666666666667,0.09
2024-12-14,0.0,2.0916666666666663,-0.4,3.8,72.075,1008.2541666666666,1000.3,1019.7,12,zima,349,-0.27195815753410524,0.9623090774541487,19.40000000000009,-19.808333333333394,-17.57083333333344,-15.087500000000091,1020.7138888888893,1021.1708333333333,19.808333333333394,-1.0,spadek_cisnienia,180.0,1.2246467991473532e-16,-1.0,0.0,0.08,0.5,3.533333333333333,0.0,0.07999999999998401,9.719999999999999,-0.15166666666666667,-0.05
2024-12-15,0.5800000000000001,6.2250000000000005,4.6,8.0,67.875,1004.0500000000001,1000.4,1008.0,12,zima,350,-0.2553532951161881,0.9668478136052773,7.600000000000023,-4.204166666666538,-24.012499999999932,-21.774999999999977,1013.4555555555559,1020.0291666666666,4.204166666666538,-1.0,spadek_cisnienia,180.0,1.2246467991473532e-16,-1.0,0.0,0.0,0.08,2.0916666666666663,0.5800000000000001,0.5799999999999841,7.099999999999998,0.15875,0.39
2024-12-16,7.71,10.387500000000001,8.9,11.5,67.12083333333334,1003.125,997.7,1007.0,12,zima,351,-0.23867276600594997,0.9711000518829505,9.299999999999955,-0.9250000000000682,-5.129166666666606,-24.9375,1005.1430555555559,1017.1755952380952,0.9250000000000682,-1.0,spadek_cisnienia,180.0,1.2246467991473532e-16,-1.0,0.5800000000000001,0.0,0.0,6.2250000000000005,7.71,8.289999999999985,8.869999999999997,0.09291666666666666,0.41
2024-12-17,4.2299999999999995,9.179166666666667,8.4,9.7,69.40833333333333,1009.0708333333333,1003.7,1013.9,12,zima,352,-0.22192151300416674,0.9750645322571945,10.199999999999932,5.945833333333326,5.0208333333332575,0.8166666666667197,1005.4152777777781,1014.532738095238,5.945833333333326,1.0,wzrost_cisnienia,0.0,0.0,1.0,7.71,0.5800000000000001,0.0,10.387500000000001,4.2299999999999995,12.519999999999984,13.099999999999998,0.19458333333333333,0.25
2024-12-18,0.06,9.35,8.3,10.5,72.76666666666667,1007.3249999999999,998.8,1013.9,12,zima,353,-0.20510449986861926,0.9787400799669153,15.100000000000023,-1.745833333333394,4.199999999999932,3.2749999999998636,1006.5069444444448,1012.2446428571429,1.745833333333394,-1.0,spadek_cisnienia,180.0,1.2246467991473532e-16,-1.0,4.2299999999999995,7.71,0.5800000000000001,9.179166666666667,0.06,11.999999999999984,12.659999999999998,0.11,0.2
2024-12-19,1.65,12.183333333333335,8.3,28.6,70.45416666666667,991.3083333333334,985.5,998.5,12,zima,354,-0.1882267098432439,0.9821256058680006,13.0,-16.016666666666538,-17.762499999999932,-11.816666666666606,1002.5680555555559,1007.3136904761906,16.016666666666538,-1.0,spadek_cisnienia,180.0,1.2246467991473532e-16,-1.0,0.06,4.2299999999999995,7.71,9.35,1.65,5.9399999999999835,14.229999999999997,0.02791666666666667,0.17
2024-12-20,0.25,6.9624999999999995,6.0,8.2,63.324999999999996,998.0500000000001,989.9,1007.5,12,zima,355,-0.1712931441814778,0.9852201067560606,17.600000000000023,6.741666666666674,-9.274999999999864,-11.020833333333258,998.8944444444447,1003.0261904761903,6.741666666666674,1.0,wzrost_cisnienia,0.0,0.0,1.0,1.65,0.06,4.2299999999999995,12.183333333333335,0.25,1.959999999999984,14.479999999999997,0.24958333333333335,0.32
2024-12-21,0.16,5.7875000000000005,5.0,6.8,72.05833333333334,1005.0208333333334,998.0,1008.4,12,zima,356,-0.154308820664281,0.9880226656636976,10.399999999999977,6.970833333333303,13.712499999999977,-2.3041666666665606,998.1263888888893,1002.5642857142858,6.970833333333303,1.0,wzrost_cisnienia,0.0,0.0,1.0,0.25,1.65,0.06,6.9624999999999995,0.16,2.059999999999984,14.639999999999997,0.15458333333333332,0.32
2024-12-22,1.6600000000000001,7.170833333333333,6.3,8.4,78.90833333333333,990.875,988.1,996.6,12,zima,357,-0.13727877211326517,0.9905324521322227,8.5,-14.145833333333371,-7.175000000000068,-0.43333333333339397,997.9819444444448,1000.6821428571429,14.145833333333371,-1.0,spadek_cisnienia,180.0,1.2246467991473532e-16,-1.0,0.16,0.25,1.65,5.7875000000000005,1.6600000000000001,2.0699999999999843,15.719999999999997,0.1779166666666667,0.31
2024-12-23,0.06,6.075,3.8,7.2,77.96666666666667,1000.3791666666666,993.7,1008.2,12,zima,358,-0.12020804489935275,0.9927487224577402,14.5,9.504166666666606,-4.641666666666765,2.329166666666538,998.7583333333337,1000.289880952381,9.504166666666606,1.0,wzrost_cisnienia,0.0,0.0,1.0,1.6600000000000001,0.16,0.25,7.170833333333333,0.06,1.8799999999999841,8.069999999999999,0.3116666666666667,0.35
2024-12-24,0.0,6.4125000000000005,4.6,7.5,75.125,1018.3625000000001,1008.9,1026.6,12,zima,359,-0.10310169744743544,0.9946708199115211,17.699999999999932,17.983333333333462,27.487500000000068,13.341666666666697,1003.2055555555559,1001.617261904762,17.983333333333462,1.0,wzrost_cisnienia,0.0,0.0,1.0,0.06,1.6600000000000001,0.16,6.075,0.0,1.7199999999999842,3.839999999999998,0.33125,0.43
2024-12-25,0.0,6.1125,4.3,7.3,69.47500000000001,1029.3416666666667,1027.0,1030.8,12,zima,360,-0.0859647987374467,0.9962981749346077,3.7999999999999545,10.979166666666629,28.96250000000009,38.4666666666667,1016.0277777777782,1004.7624999999999,10.979166666666629,1.0,wzrost_cisnienia,0.0,0.0,1.0,0.0,0.06,1.6600000000000001,6.4125000000000005,0.0,0.05999999999998401,3.779999999999998,0.14708333333333334,0.2
2024-12-26,0.0,8.608333333333333,7.0,23.9,78.95833333333333,1032.0916666666667,1030.9,1033.1,12,zima,361,-0.06880242680232064,0.9976303053065857,2.199999999999818,2.75,13.729166666666629,31.71250000000009,1026.5986111111115,1010.5886904761904,2.75,1.0,wzrost_cisnienia,0.0,0.0,1.0,0.0,0.0,0.06,6.1125,0.0,0.0,2.129999999999998,0.21541666666666667,0.26
2024-12-27,0.0,8.125,7.1,8.7,79.7625,1030.5083333333334,1027.8,1032.2,12,zima,362,-0.05161966722325418,0.9986668162884759,4.400000000000091,-1.5833333333332575,1.1666666666667425,12.145833333333371,1030.6472222222226,1015.2255952380953,1.5833333333332575,-1.0,spadek_cisnienia,180.0,1.2246467991473532e-16,-1.0,0.0,0.0,0.0,8.608333333333333,0.0,0.0,1.8799999999999983,0.27416666666666667,0.38
2024-12-28,0.0,7.0125,6.1,7.5,84.03333333333333,1024.7791666666667,1021.9,1027.5,12,zima,363,-0.034421611622745804,0.9994074007397048,5.600000000000023,-5.7291666666667425,-7.3125,-4.5625,1029.1263888888896,1018.0482142857143,5.7291666666667425,-1.0,spadek_cisnienia,180.0,1.2246467991473532e-16,-1.0,0.0,0.0,0.0,8.125,0.0,0.0,1.7199999999999984,0.22916666666666666,0.3
2024-12-29,0.0,5.9750000000000005,5.2,7.0,76.70416666666667,1017.8666666666667,1016.0,1021.3,12,zima,364,-0.01721335615583528,0.9998518392091162,5.2999999999999545,-6.912500000000023,-12.641666666666765,-14.225000000000023,1024.3847222222225,1021.9041666666666,6.912500000000023,-1.0,spadek_cisnienia,180.0,1.2246467991473532e-16,-1.0,0.0,0.0,0.0,7.0125,0.0,0.0,0.05999999999999822,0.1325,0.2
2024-12-30,0.0,7.108333333333333,6.2,8.0,75.45416666666667,1014.1333333333333,1012.5,1015.9,12,zima,365,6.432490598706546e-16,1.0,3.3999999999999773,-3.7333333333333485,-10.645833333333371,-16.375000000000114,1018.9263888888894,1023.8690476190477,3.7333333333333485,-1.0,spadek_cisnienia,180.0,1.2246467991473532e-16,-1.0,0.0,0.0,0.0,5.9750000000000005,0.0,0.0,0.0,0.19666666666666666,0.4
2024-12-31,0.27,7.395833333333333,4.7,8.9,78.4375,1013.1916666666666,1009.6,1015.1,12,zima,366,0.017213356155833904,0.9998518392091162,5.5,-0.9416666666667197,-4.675000000000068,-11.587500000000091,1015.0638888888892,1023.1303571428572,0.9416666666667197,-1.0,spadek_cisnienia,180.0,1.2246467991473532e-16,-1.0,0.0,0.0,0.0,7.108333333333333,0.27,0.26999999999998403,0.26999999999999824,0.29750000000000004,0.41
2025-01-01,0.35,6.833333333333333,4.9,8.1,70.375,999.9583333333334,992.0,1008.5,1,zima,1,0.017213356155834685,0.9998518392091162,16.5,-13.233333333333235,-14.174999999999955,-17.908333333333303,1009.0944444444448,1018.9327380952382,13.233333333333235,-1.0,spadek_cisnienia,180.0,1.2246467991473532e-16,-1.0,0.27,0.0,0.0,7.395833333333333,0.35,0.619999999999984,0.6199999999999982,0.23083333333333333,0.4
2025-01-02,4.63,6.158333333333334,2.6,35.7,70.32916666666667,995.5541666666667,990.7,1000.8,1,zima,2,0.03442161162274574,0.9994074007397048,10.099999999999909,-4.404166666666697,-17.637499999999932,-18.57916666666665,1002.9013888888893,1013.7130952380952,4.404166666666697,-1.0,spadek_cisnienia,180.0,1.2246467991473532e-16,-1.0,0.35,0.27,0.0,6.833333333333333,4.63,5.249999999999984,5.249999999999998,0.42083333333333334,0.62
2025-01-03,3.91,2.441666666666667,0.9,3.4,70.45416666666667,997.7041666666668,993.8,1000.0,1,zima,3,0.051619667223253764,0.998666816288476,6.2000000000000455,2.150000000000091,-2.254166666666606,-15.48749999999984,997.7388888888894,1009.0267857142857,2.150000000000091,1.0,wzrost_cisnienia,0.0,0.0,1.0,4.63,0.35,0.27,6.158333333333334,3.91,8.889999999999985,9.159999999999998,0.5158333333333333,0.75
2025-01-04,0.81,0.8749999999999999,-1.8,18.9,64.57916666666667,1008.0541666666667,999.8,1011.0,1,zima,4,0.06880242680231986,0.9976303053065857,11.200000000000045,10.349999999999909,12.5,8.095833333333303,1000.4375000000003,1006.6374999999999,10.349999999999909,1.0,wzrost_cisnienia,0.0,0.0,1.0,3.91,4.63,0.35,2.441666666666667,0.81,9.349999999999985,9.969999999999999,0.55125,0.78
2025-01-05,0.0,1.2916666666666667,-1.5,3.8,73.2375,1004.8708333333334,1000.3,1007.9,1,zima,5,0.08596479873744647,0.9962981749346078,7.600000000000023,-3.1833333333332803,7.166666666666629,9.31666666666672,1003.543055555556,1004.7809523809525,3.1833333333332803,-1.0,spadek_cisnienia,180.0,1.2246467991473532e-16,-1.0,0.81,3.91,4.63,0.8749999999999999,0.0,4.719999999999985,9.969999999999999,0.3758333333333333,0.45
2025-01-06,4.76,2.6625,-0.9,6.7,83.19166666666666,990.4958333333334,987.4,998.8,1,zima,6,0.10310169744743485,0.9946708199115211,11.399999999999977,-14.375,-17.55833333333328,-7.208333333333371,1001.1402777777781,1001.4041666666668,14.375,-1.0,spadek_cisnienia,180.0,1.2246467991473532e-16,-1.0,0.0,0.81,3.91,1.2916666666666667,4.76,5.569999999999984,14.729999999999999,0.33375,0.46
2025-01-07,0.0,6.979166666666667,4.3,9.0,67.22916666666667,993.2083333333334,988.9,994.3,1,zima,7,0.1202080448993527,0.9927487224577402,5.399999999999977,2.7124999999999773,-11.662500000000023,-14.845833333333303,996.1916666666671,998.5494047619048,2.7124999999999773,1.0,wzrost_cisnienia,0.0,0.0,1.0,4.76,0.0,0.81,2.6625,0.0,4.759999999999984,14.459999999999999,0.26708333333333334,0.49
2025-01-08,0.0,4.4750000000000005,3.6,5.1,62.791666666666664,995.4250000000001,993.2,998.8,1,zima,8,0.13727877211326478,0.9905324521322229,5.599999999999909,2.216666666666697,4.929166666666674,-9.445833333333326,993.043055555556,997.9017857142857,2.216666666666697,1.0,wzrost_cisnienia,0.0,0.0,1.0,0.0,4.76,0.0,6.979166666666667,0.0,4.759999999999984,14.11,0.24583333333333335,0.31
2025-01-09,9.95,3.095833333333333,1.0,5.4,82.26666666666667,995.8958333333334,989.0,999.3,1,zima,9,0.15430882066428117,0.9880226656636976,10.299999999999955,0.470833333333303,2.6875,5.399999999999977,994.843055555556,997.9505952380953,0.470833333333303,1.0,wzrost_cisnienia,0.0,0.0,1.0,0.0,0.0,4.76,4.4750000000000005,9.95,9.949999999999983,19.43,0.2866666666666667,0.46
2025-01-10,5.62,3.3249999999999997,2.6,5.7,79.59166666666667,995.3541666666666,987.7,998.7,1,zima,10,0.1712931441814776,0.9852201067560606,11.0,-0.5416666666667425,-0.07083333333343944,2.1458333333332575,995.5583333333337,997.614880952381,0.5416666666667425,-1.0,spadek_cisnienia,180.0,1.2246467991473532e-16,-1.0,9.95,0.0,0.0,3.095833333333333,5.62,15.569999999999983,21.139999999999997,0.6275000000000001,0.77
2025-01-11,7.7700000000000005,3.1791666666666667,2.0,4.5,83.2375,997.8874999999999,993.0,1007.9,1,zima,11,0.1882267098432442,0.9821256058680006,14.899999999999977,2.533333333333303,1.9916666666665606,2.4624999999998636,996.3791666666671,996.1625,2.533333333333303,1.0,wzrost_cisnienia,0.0,0.0,1.0,5.62,9.95,0.0,3.3249999999999997,7.7700000000000005,23.339999999999982,28.1,0.795,0.83
2025-01-12,3.73,4.158333333333333,2.9,5.3,69.62916666666666,1019.1333333333333,1008.5,1030.8,1,zima,12,0.2051044998686192,0.9787400799669153,22.299999999999955,21.245833333333394,23.779166666666697,23.237499999999955,1004.1250000000003,998.1999999999999,21.245833333333394,1.0,wzrost_cisnienia,0.0,0.0,1.0,7.7700000000000005,5.62,9.95,3.1791666666666667,3.73,17.119999999999983,31.83,0.87,1.13
2025-01-13,0.0,3.658333333333333,1.8,5.1,66.50833333333334,1033.1625000000001,1028.9,1036.1,1,zima,13,0.22192151300416552,0.9750645322571948,7.199999999999818,14.02916666666681,35.275000000000205,37.80833333333351,1016.7277777777781,1004.2952380952381,14.02916666666681,1.0,wzrost_cisnienia,0.0,0.0,1.0,3.73,7.7700000000000005,5.62,4.158333333333333,0.0,11.499999999999984,27.069999999999997,0.33375,0.55
2025-01-14,1.01,3.2541666666666664,1.7,5.1,74.63333333333334,1019.6958333333333,1013.5,1028.1,1,zima,14,0.2386727660059501,0.9711000518829505,14.599999999999909,-13.46666666666681,0.5625,21.808333333333394,1023.9972222222227,1008.0791666666667,13.46666666666681,-1.0,spadek_cisnienia,180.0,1.2246467991473532e-16,-1.0,0.0,3.73,7.7700000000000005,3.658333333333333,1.01,4.739999999999984,28.08,0.22875,0.35
2025-01-15,0.0,6.233333333333333,4.7,7.1,81.425,1021.5708333333333,1014.3,1028.3,1,zima,15,0.255353295116187,0.9668478136052775,14.0,1.875,-11.59166666666681,2.4375,1024.8097222222225,1011.8142857142858,1.875,1.0,wzrost_cisnienia,0.0,0.0,1.0,1.01,0.0,3.73,3.2541666666666664,0.0,1.009999999999984,28.08,0.42333333333333334,0.52
2025-01-16,0.0,6.191666666666666,3.4,22.0,76.13333333333334,1027.4875,1025.9,1028.6,1,zima,16,0.2719581575341055,0.9623090774541486,2.699999999999818,5.916666666666629,7.791666666666629,-5.675000000000182,1022.9180555555558,1016.3273809523808,5.916666666666629,1.0,wzrost_cisnienia,0.0,0.0,1.0,0.0,1.01,0.0,6.233333333333333,0.0,1.009999999999984,18.13,0.3045833333333333,0.49
2025-01-17,0.0,5.583333333333333,4.9,6.5,72.95,1028.5041666666666,1026.9,1029.6,1,zima,17,0.288482432880609,0.9574851883550393,2.699999999999818,1.0166666666666515,6.93333333333328,8.80833333333328,1025.854166666667,1021.0630952380952,1.0166666666666515,1.0,wzrost_cisnienia,0.0,0.0,1.0,0.0,0.0,1.01,6.191666666666666,0.0,0.0,12.509999999999998,0.33666666666666667,0.4
2025-01-18,0.0,5.8125,4.0,7.0,79.35833333333333,1026.7333333333333,1025.5,1027.5,1,zima,18,0.30492122465628907,0.9523775757303974,2.0,-1.7708333333332575,-0.754166666666606,5.162500000000023,1027.5750000000005,1025.1839285714286,1.7708333333332575,-1.0,spadek_cisnienia,180.0,1.2246467991473532e-16,-1.0,0.0,0.0,0.0,5.583333333333333,0.0,0.0,4.739999999999998,0.3745833333333333,0.47
2025-01-19,0.0,4.1125,2.2,5.2,83.32916666666667,1023.2791666666667,1021.3,1026.6,1,zima,19,0.3212696616923644,0.9469877530760753,5.2999999999999545,-3.4541666666666515,-5.224999999999909,-4.2083333333332575,1026.1722222222227,1025.7761904761905,3.4541666666666515,-1.0,spadek_cisnienia,180.0,1.2246467991473532e-16,-1.0,0.0,0.0,0.0,5.8125,0.0,0.0,1.0099999999999982,0.32125,0.42
2025-01-20,0.0,1.7166666666666668,0.0,3.9,89.02499999999999,1018.1708333333332,1014.4,1020.8,1,zima,20,0.3375228995941133,0.9413173175128471,6.399999999999977,-5.108333333333462,-8.562500000000114,-10.333333333333371,1022.7277777777781,1023.6345238095238,5.108333333333462,-1.0,spadek_cisnienia,180.0,1.2246467991473532e-16,-1.0,0.0,0.0,0.0,4.1125,0.0,0.0,1.0099999999999982,0.34625,0.39
2025-01-21,0.0,3.2583333333333333,2.2,4.2,86.63333333333333,1013.2708333333334,1012.6,1013.9,1,zima,21,0.3536761221763716,0.9353679493131483,1.2999999999999545,-4.899999999999864,-10.008333333333326,-13.462499999999977,1018.2402777777783,1022.7166666666666,4.899999999999864,-1.0,spadek_cisnienia,180.0,1.2246467991473532e-16,-1.0,0.0,0.0,0.0,1.7166666666666668,0.0,0.0,0.0,0.29791666666666666,0.35
2025-01-22,0.0,2.6458333333333335,-0.2,17.2,82.5625,1010.9833333333332,1008.2,1012.9,1,zima,22,0.3697245428906731,0.9291414114031743,4.699999999999932,-2.2875000000001364,-7.1875,-12.295833333333462,1014.141666666667,1021.2041666666667,2.2875000000001364,-1.0,spadek_cisnienia,180.0,1.2246467991473532e-16,-1.0,0.0,0.0,0.0,3.2583333333333333,0.0,0.0,0.0,0.2004166666666667,0.25
2025-01-23,0.83,2.0375,-0.2,5.5,85.78750000000001,1002.1625,998.3,1007.7,1,zima,23,0.38566340624360707,0.9226395488404876,9.400000000000091,-8.820833333333212,-11.108333333333348,-16.008333333333212,1008.805555555556,1017.5863095238095,8.820833333333212,-1.0,spadek_cisnienia,180.0,1.2246467991473532e-16,-1.0,0.0,0.0,0.0,2.6458333333333335,0.83,0.829999999999984,0.8299999999999982,0.17625000000000002,0.25
2025-01-24,0.0,5.366666666666667,4.5,6.3,75.4875,1005.8458333333333,1002.9,1007.6,1,zima,24,0.401487989205973,0.9158642882672872,4.7000000000000455,3.6833333333332803,-5.137499999999932,-7.425000000000068,1006.3305555555559,1014.3494047619048,3.6833333333332803,1.0,wzrost_cisnienia,0.0,0.0,1.0,0.83,0.0,0.0,2.0375,0.0,0.829999999999984,0.8299999999999982,0.1025,0.22
2025-01-25,0.17,8.045833333333333,5.8,10.1,75.36666666666666,1002.8708333333334,1000.6,1005.4,1,zima,25,0.4171936026123168,0.9088176373395029,4.7999999999999545,-2.974999999999909,0.7083333333333712,-8.11249999999984,1003.6263888888893,1010.9404761904761,2.974999999999909,-1.0,spadek_cisnienia,180.0,1.2246467991473532e-16,-1.0,0.0,0.83,0.0,5.366666666666667,0.17,0.999999999999984,0.9999999999999982,0.07125,0.21
2025-01-26,1.9200000000000002,7.841666666666666,6.2,9.1,81.76666666666667,1002.7666666666668,1000.1,1005.9,1,zima,26,0.4327755925504312,0.901501684131884,5.7999999999999545,-0.10416666666662877,-3.079166666666538,0.6041666666667425,1003.8277777777781,1008.0101190476191,0.10416666666662877,-1.0,spadek_cisnienia,180.0,1.2246467991473532e-16,-1.0,0.17,0.0,0.83,8.045833333333333,1.9200000000000002,2.0899999999999843,2.919999999999998,0.16833333333333333,0.38
2025-01-27,0.22,7.158333333333334,4.6,9.2,75.0125,998.4583333333334,995.5,1001.6,1,zima,27,0.4482293417404106,0.893918596519257,6.100000000000023,-4.308333333333394,-4.412500000000023,-7.387499999999932,1001.3652777777783,1005.1940476190476,4.308333333333394,-1.0,spadek_cisnienia,180.0,1.2246467991473532e-16,-1.0,1.9200000000000002,0.17,0.0,7.841666666666666,0.22,2.309999999999984,3.1399999999999983,0.22041666666666668,0.35
2025-01-28,0.22,8.7875,6.4,10.5,81.05,996.1458333333334,993.6,997.9,1,zima,28,0.4635502709028509,0.886070621534138,4.2999999999999545,-2.3125,-6.620833333333394,-6.725000000000023,999.1236111111116,1002.747619047619,2.3125,-1.0,spadek_cisnienia,180.0,1.2246467991473532e-16,-1.0,0.22,1.9200000000000002,0.17,7.158333333333334,0.22,2.3599999999999843,3.3599999999999985,0.20333333333333334,0.29
2025-01-29,0.08,8.920833333333333,8.4,9.5,73.93333333333334,997.8625000000001,993.4,1003.2,1,zima,29,0.47873384011578846,0.8779600847008882,9.800000000000068,1.716666666666697,-0.595833333333303,-4.904166666666697,997.4888888888894,1000.8732142857143,1.716666666666697,1.0,wzrost_cisnienia,0.0,0.0,1.0,0.22,0.22,1.9200000000000002,8.7875,0.08,0.519999999999984,3.439999999999998,0.23,0.33
2025-01-30,0.08,8.516666666666667,7.2,9.9,65.37916666666666,1009.8916666666668,1004.0,1012.3,1,zima,30,0.4937755501599772,0.869589389346611,8.299999999999955,12.029166666666697,13.745833333333394,11.433333333333394,1001.3000000000005,1001.977380952381,12.029166666666697,1.0,wzrost_cisnienia,0.0,0.0,1.0,0.08,0.22,0.22,8.920833333333333,0.08,0.379999999999984,2.689999999999998,0.1679166666666667,0.25
2025-01-31,4.93,6.308333333333334,4.5,8.6,77.72500000000001,1014.4166666666666,1010.6,1020.0,1,zima,31,0.5086709438521044,0.8609610158889943,9.399999999999977,4.524999999999864,16.55416666666656,18.270833333333258,1007.3902777777781,1003.2017857142857,4.524999999999864,1.0,wzrost_cisnienia,0.0,0.0,1.0,0.08,0.08,0.22,8.516666666666667,4.93,5.089999999999984,7.619999999999997,0.23416666666666666,0.35
2025-02-01,0.0,4.6625000000000005,2.7,5.6,67.20416666666667,1023.5791666666668,1020.4,1025.0,2,zima,32,0.5234156073655503,0.8520775211013093,4.600000000000023,9.162500000000136,13.6875,25.716666666666697,1015.9625000000004,1006.1601190476192,9.162500000000136,1.0,wzrost_cisnienia,0.0,0.0,1.0,4.93,0.08,0.08,6.308333333333334,0.0,5.009999999999984,7.4499999999999975,0.30416666666666664,0.36
2025-02-02,0.0,3.466666666666667,2.1,4.4,66.60833333333333,1021.225,1020.5,1023.2,2,zima,33,0.5380051715382996,0.8429415373547828,2.7000000000000455,-2.3541666666667425,6.808333333333394,11.333333333333258,1019.7402777777783,1008.7970238095238,2.3541666666667425,-1.0,spadek_cisnienia,180.0,1.2246467991473532e-16,-1.0,0.0,4.93,0.08,4.6625000000000005,0.0,4.929999999999984,5.529999999999998,0.255,0.3
2025-02-03,0.0,3.8375,1.7,5.3,71.05833333333334,1022.8625000000001,1021.2,1023.9,2,zima,34,0.5524353131676196,0.8335557718385699,2.699999999999932,1.6375000000000455,-0.716666666666697,8.44583333333344,1022.555555555556,1012.2833333333334,1.6375000000000455,1.0,wzrost_cisnienia,0.0,0.0,1.0,0.0,0.0,4.93,3.466666666666667,0.0,0.0,5.309999999999997,0.24458333333333335,0.29
2025-02-04,0.0,5.604166666666667,4.5,7.2,63.050000000000004,1024.375,1023.9,1025.1,2,zima,35,0.5667017562911176,0.8239230057575542,1.1999999999999318,1.5124999999999318,3.1499999999999773,0.7958333333332348,1022.8208333333337,1016.3160714285715,1.5124999999999318,1.0,wzrost_cisnienia,0.0,0.0,1.0,0.0,0.0,0.0,3.8375,0.0,0.0,5.089999999999997,0.14083333333333334,0.2
2025-02-05,0.0,4.8125,1.6,7.1,73.21249999999999,1027.4291666666666,1025.2,1031.0,2,zima,36,0.5808002734538009,0.8140460935082178,5.7999999999999545,3.0541666666665606,4.566666666666492,6.204166666666538,1024.8888888888894,1020.539880952381,3.0541666666665606,1.0,wzrost_cisnienia,0.0,0.0,1.0,0.0,0.0,0.0,5.604166666666667,0.0,0.0,5.009999999999997,0.0175,0.06
2025-02-06,0.0,6.033333333333334,4.8,7.9,75.30416666666666,1035.9291666666666,1031.3,1038.6,2,zima,37,0.5947266869607634,0.8039279618328213,7.2999999999999545,8.5,11.55416666666656,13.066666666666492,1029.2444444444448,1024.2595238095237,8.5,1.0,wzrost_cisnienia,0.0,0.0,1.0,0.0,0.0,0.0,4.8125,0.0,0.0,4.929999999999997,0.18708333333333335,0.25
2025-02-07,0.09,4.229166666666667,1.1,6.4,67.45416666666667,1037.7708333333333,1037.2,1038.3,2,zima,38,0.6084768701151261,0.7935716089521474,1.099999999999909,1.841666666666697,10.341666666666697,13.395833333333258,1033.7097222222226,1027.5958333333333,1.841666666666697,1.0,wzrost_cisnienia,0.0,0.0,1.0,0.0,0.0,0.0,6.033333333333334,0.09,0.08999999999998401,0.08999999999999733,0.10916666666666668,0.2
2025-02-08,0.0,2.2833333333333337,-0.6,35.6,59.512499999999996,1033.9208333333333,1032.2,1037.0,2,zima,39,0.6220467484408675,0.7829801036770629,4.7999999999999545,-3.849999999999909,-2.008333333333212,6.491666666666788,1035.8736111111114,1029.0732142857141,3.849999999999909,-1.0,spadek_cisnienia,180.0,1.2246467991473532e-16,-1.0,0.09,0.0,0.0,4.229166666666667,0.0,0.08999999999998401,0.08999999999999733,-0.007083333333333334,0.02
2025-02-09,0.0,0.5125000000000001,-1.4,2.9,69.04583333333333,1031.9624999999999,1031.6,1032.5,2,zima,40,0.6354323008901774,0.7721565844991642,0.900000000000091,-1.958333333333485,-5.808333333333394,-3.966666666666697,1034.551388888889,1030.607142857143,1.958333333333485,-1.0,spadek_cisnienia,180.0,1.2246467991473532e-16,-1.0,0.0,0.09,0.0,2.2833333333333337,0.0,0.08999999999998401,0.08999999999999733,0.0016666666666666668,0.05
2025-02-10,0.0,1.6500000000000001,-1.0,16.0,71.41666666666667,1033.6166666666666,1032.4,1034.8,2,zima,41,0.6486295610349814,0.7611042586607747,2.3999999999998636,1.654166666666697,-0.30416666666678793,-4.154166666666697,1033.166666666667,1032.1434523809523,1.654166666666697,1.0,wzrost_cisnienia,0.0,0.0,1.0,0.0,0.0,0.09,0.5125000000000001,0.0,0.0,0.08999999999999733,-0.005833333333333334,0.08
2025-02-11,0.0,-2.5,-4.6,0.3,75.10000000000001,1033.2916666666667,1031.1,1034.7,2,zima,42,0.6616346182422783,0.7498264012045686,3.6000000000001364,-0.3249999999998181,1.3291666666668789,-0.629166666666606,1032.9569444444448,1033.4172619047617,0.3249999999998181,-1.0,spadek_cisnienia,180.0,1.2246467991473532e-16,-1.0,0.0,0.0,0.0,1.6500000000000001,0.0,0.0,0.08999999999999733,-0.08625,-0.03
2025-02-12,0.0,-1.8916666666666666,-4.9,2.0,63.762499999999996,1025.2958333333333,1020.1,1030.8,2,zima,43,0.6744436188329455,0.7383263540031065,10.699999999999932,-7.995833333333394,-8.320833333333212,-6.666666666666515,1030.7347222222227,1033.1125,7.995833333333394,-1.0,spadek_cisnienia,180.0,1.2246467991473532e-16,-1.0,0.0,0.0,0.0,-2.5,0.0,0.0,0.08999999999999733,-0.14208333333333334,-0.1
2025-02-13,0.0,1.45,-0.9,3.3,64.41250000000001,1016.025,1014.2,1019.7,2,zima,44,0.6870527672236669,0.7266075247685656,5.5,-9.270833333333371,-17.266666666666765,-17.591666666666583,1024.8708333333336,1030.2690476190476,9.270833333333371,-1.0,spadek_cisnienia,180.0,1.2246467991473532e-16,-1.0,0.0,0.0,0.0,-1.8916666666666666,0.0,0.0,0.08999999999999733,-0.06041666666666667,0.05
2025-02-14,1.98,1.7291666666666667,-0.1,3.6,65.20416666666667,1017.9166666666666,1014.8,1020.7,2,zima,45,0.6994583270516471,0.7146733860429609,5.900000000000091,1.8916666666666515,-7.37916666666672,-15.375000000000114,1019.7458333333337,1027.432738095238,1.8916666666666515,1.0,wzrost_cisnienia,0.0,0.0,1.0,0.0,0.0,0.0,1.45,1.98,1.979999999999984,1.9799999999999973,0.02625,0.09
2025-02-15,0.0,0.6458333333333334,-0.8,2.6,59.1,1017.9541666666668,1016.1,1020.6,2,zima,46,0.7116566222817746,0.702527474169157,4.5,0.037500000000136424,1.929166666666788,-7.341666666666583,1017.2986111111114,1025.1517857142858,0.037500000000136424,1.0,wzrost_cisnienia,0.0,0.0,1.0,1.98,0.0,0.0,1.7291666666666667,0.0,1.979999999999984,1.9799999999999973,-0.06291666666666666,0.03
2025-02-16,1.6,0.12916666666666668,-1.6,1.8,63.75833333333333,1019.3291666666668,1016.3,1021.4,2,zima,47,0.7236440382959124,0.6901733882429719,5.100000000000023,1.375,1.4125000000001364,3.304166666666788,1018.4000000000002,1023.3470238095239,1.375,1.0,wzrost_cisnienia,0.0,0.0,1.0,0.0,1.98,0.0,0.6458333333333334,1.6,3.579999999999984,3.5799999999999974,-0.04833333333333333,0.04
2025-02-17,0.0,-0.23750000000000002,-2.3,1.8,60.97083333333333,1019.5875,1018.6,1021.1,2,zima,48,0.7354170229639855,0.6776147890466889,2.5,0.25833333333321207,1.633333333333212,1.6708333333333485,1018.9569444444447,1021.342857142857,0.25833333333321207,1.0,wzrost_cisnienia,0.0,0.0,1.0,1.6,0.0,1.98,0.12916666666666668,0.0,1.599999999999984,3.5799999999999974,-0.14833333333333334,-0.13
2025-02-18,0.0,2.404166666666667,-0.3,20.8,60.949999999999996,1021.4166666666666,1018.7,1023.2,2,zima,49,0.7469720876965552,0.6648553979642865,4.5,1.8291666666666515,2.0874999999998636,3.4624999999998636,1020.1111111111113,1019.6464285714286,1.8291666666666515,1.0,wzrost_cisnienia,0.0,0.0,1.0,0.0,1.6,0.0,-0.23750000000000002,0.0,1.599999999999984,3.5799999999999974,-0.12375000000000001,-0.06
2025-02-19,0.0,2.441666666666667,-0.5,4.4,61.637499999999996,1027.2416666666666,1023.4,1029.7,2,zima,50,0.7583058084785625,0.6518989958787126,6.300000000000068,5.824999999999932,7.654166666666583,7.912499999999795,1022.7486111111115,1019.9244047619047,5.824999999999932,1.0,wzrost_cisnienia,0.0,0.0,1.0,0.0,0.0,1.6,2.404166666666667,0.0,0.0,3.5799999999999974,-0.1325,-0.06
2025-02-20,0.0,0.31666666666666665,-2.1,3.0,70.47083333333333,1029.5041666666666,1028.5,1030.5,2,zima,51,0.7694148268839378,0.6387494220515272,2.0,2.2625000000000455,8.087499999999977,9.916666666666629,1026.0541666666668,1021.8500000000001,2.2625000000000455,1.0,wzrost_cisnienia,0.0,0.0,1.0,0.0,0.0,0.0,2.441666666666667,0.0,0.0,3.5799999999999974,-0.27291666666666664,-0.19
2025-02-21,0.0,1.2125000000000001,-2.1,4.3,52.72083333333333,1025.3041666666666,1023.2,1028.2,2,zima,52,0.7802958510707755,0.6254105729852463,5.0,-4.2000000000000455,-1.9375,3.887499999999932,1027.3500000000001,1022.905357142857,4.2000000000000455,-1.0,spadek_cisnienia,180.0,1.2246467991473532e-16,-1.0,0.0,0.0,0.0,0.31666666666666665,0.0,0.0,1.5999999999999974,-0.4816666666666667,-0.39
2025-02-22,0.0,4.008333333333334,0.9,8.2,47.48333333333333,1021.2624999999999,1019.7,1022.9,2,zima,53,0.7909456567567772,0.6118864012687243,3.199999999999932,-4.041666666666629,-8.241666666666674,-5.979166666666629,1025.3569444444447,1023.3779761904761,4.041666666666629,-1.0,spadek_cisnienia,180.0,1.2246467991473532e-16,-1.0,0.0,0.0,0.0,1.2125000000000001,0.0,0.0,1.5999999999999974,-0.38208333333333333,-0.31
2025-02-23,0.2,4.704166666666667,0.2,8.1,59.14166666666667,1021.1708333333332,1020.3,1022.4,2,zima,54,0.8013610881746766,0.5981809144059164,2.1000000000000227,-0.09166666666669698,-4.133333333333326,-8.333333333333371,1022.5791666666669,1023.6410714285713,0.09166666666669698,-1.0,spadek_cisnienia,180.0,1.2246467991473532e-16,-1.0,0.0,0.0,0.0,4.008333333333334,0.2,0.19999999999998402,0.19999999999999735,-0.3175,-0.19
2025-02-24,0.0,5.9875,4.0,7.4,84.47500000000001,1020.525,1016.5,1022.8,2,zima,55,0.8115390590073611,0.5842981736283683,6.2999999999999545,-0.6458333333332575,-0.7374999999999545,-4.779166666666583,1020.9861111111113,1023.7749999999999,0.6458333333332575,-1.0,spadek_cisnienia,180.0,1.2246467991473532e-16,-1.0,0.2,0.0,0.0,4.704166666666667,0.0,0.19999999999998402,0.19999999999999735,-0.25708333333333333,-0.16
2025-02-25,3.7899999999999996,4.983333333333333,2.8,6.9,86.2375,1012.6208333333334,1011.0,1016.0,2,zima,56,0.8214765533024142,0.5702422926917871,5.0,-7.904166666666583,-8.54999999999984,-8.641666666666538,1018.1055555555558,1022.5184523809522,7.904166666666583,-1.0,spadek_cisnienia,180.0,1.2246467991473532e-16,-1.0,0.0,0.2,0.0,5.9875,3.7899999999999996,3.989999999999984,3.989999999999997,-0.27791666666666665,-0.12
2025-02-26,2.04,6.808333333333334,6.0,7.7,89.02083333333333,1012.0833333333334,1011.2,1012.6,2,zima,57,0.8311706263658079,0.5560174366570446,1.3999999999999773,-0.5375000000000227,-8.441666666666606,-9.087499999999864,1015.0763888888893,1020.3529761904762,0.5375000000000227,-1.0,spadek_cisnienia,180.0,1.2246467991473532e-16,-1.0,3.7899999999999996,0.0,0.2,4.983333333333333,2.04,5.829999999999984,6.029999999999998,-0.1366666666666667,-0.09
2025-02-27,1.69,7.433333333333334,6.1,9.0,89.20416666666667,1012.6625,1011.3,1014.8,2,zima,58,0.8406184056344782,0.5416278206559814,3.5,0.5791666666666515,0.04166666666662877,-7.8624999999999545,1012.4555555555559,1017.9470238095238,0.5791666666666515,1.0,wzrost_cisnienia,0.0,0.0,1.0,2.04,3.7899999999999996,0.0,6.808333333333334,1.69,7.519999999999984,7.719999999999997,-0.08041666666666666,-0.03
2025-02-28,11.77,7.449999999999999,4.7,38.8,90.0,1015.7208333333333,1014.5,1017.5,2,zima,59,0.8498170915275278,0.5270777086423722,3.0,3.0583333333332803,3.637499999999932,3.099999999999909,1013.4888888888892,1016.5779761904762,3.0583333333332803,1.0,wzrost_cisnienia,0.0,0.0,1.0,1.69,2.04,3.7899999999999996,7.433333333333334,11.77,15.499999999999984,19.489999999999995,-0.010416666666666666,0.07
2025-03-01,0.0,4.879166666666666,3.5,6.0,72.82916666666667,1021.275,1017.6,1024.1,3,wiosna,60,0.8587639582758029,0.5123714121284237,6.499999999999886,5.554166666666674,8.612499999999955,9.191666666666606,1016.552777777778,1016.5797619047619,5.554166666666674,1.0,wzrost_cisnienia,0.0,0.0,1.0,11.77,1.69,2.04,7.449999999999999,0.0,13.459999999999983,19.489999999999995,-0.0025000000000000005,0.06
2025-03-02,0.0,6.9375,4.3,24.0,71.075,1020.975,1018.2,1023.5,3,wiosna,61,0.8674563547295968,0.49751328890718066,5.2999999999999545,-0.2999999999999545,5.25416666666672,8.3125,1019.3236111111114,1016.5517857142858,0.2999999999999545,-1.0,spadek_cisnienia,180.0,1.2246467991473532e-16,-1.0,0.0,11.77,1.69,4.879166666666666,0.0,11.769999999999984,19.29,-0.04708333333333334,0.01
2025-03-03,0.03,7.320833333333333,6.1,9.6,62.5875,1016.5875,1014.9,1017.9,3,wiosna,62,0.8758917051442429,0.48250774176121847,3.0,-4.3875000000000455,-4.6875,0.8666666666666742,1019.6125000000003,1015.9892857142858,4.3875000000000455,-1.0,spadek_cisnienia,180.0,1.2246467991473532e-16,-1.0,0.0,0.0,11.77,6.9375,0.03,0.02999999999998401,19.319999999999997,-0.01916666666666667,0.06
2025-03-04,0.0,8.579166666666667,6.9,10.3,62.012499999999996,1014.2583333333333,1013.0,1015.7,3,wiosna,63,0.8840675099433636,0.46735921715800227,2.7000000000000455,-2.3291666666666515,-6.716666666666697,-7.0166666666666515,1017.2736111111113,1016.2232142857143,2.3291666666666515,-1.0,spadek_cisnienia,180.0,1.2246467991473532e-16,-1.0,0.03,0.0,0.0,7.320833333333333,0.0,0.02999999999998401,15.529999999999996,0.021666666666666667,0.12
2025-03-05,0.0,10.708333333333334,8.1,13.0,36.833333333333336,1012.2083333333334,1011.0,1013.8,3,wiosna,64,0.8919813464595485,0.45207220393230435,2.7999999999999545,-2.0499999999999545,-4.379166666666606,-8.766666666666652,1014.3513888888892,1016.2410714285714,2.0499999999999545,-1.0,spadek_cisnienia,180.0,1.2246467991473532e-16,-1.0,0.0,0.03,0.0,8.579166666666667,0.0,0.02999999999998401,13.489999999999997,0.0004166666666666665,0.09
2025-03-06,0.0,12.4625,8.0,17.9,26.92916666666667,1013.85,1012.8,1015.2,3,wiosna,65,0.8996308696522433,0.43665123195606403,2.400000000000091,1.6416666666666515,-0.408333333333303,-2.7374999999999545,1013.4388888888892,1016.4107142857143,1.6416666666666515,1.0,wzrost_cisnienia,0.0,0.0,1.0,0.0,0.0,0.03,10.708333333333334,0.0,0.0,11.799999999999997,-0.024999999999999998,0.02
2025-03-07,0.0,10.666666666666666,5.8,17.1,47.02916666666667,1015.9208333333332,1015.1,1016.9,3,wiosna,66,0.9070138128026359,0.4211008707960896,1.7999999999999545,2.070833333333212,3.7124999999998636,1.662499999999909,1013.993055555556,1016.4392857142857,2.070833333333212,1.0,wzrost_cisnienia,0.0,0.0,1.0,0.0,0.0,0.0,12.4625,0.0,0.0,0.029999999999998223,0.11125,0.19
2025-03-08,0.0,9.941666666666666,6.0,16.8,53.525000000000006,1015.0791666666665,1014.1,1016.0,3,wiosna,67,0.9141279881853337,0.40542572835999735,1.8999999999999773,-0.841666666666697,1.229166666666515,2.8708333333331666,1014.9500000000003,1015.5541666666667,0.841666666666697,-1.0,spadek_cisnienia,180.0,1.2246467991473532e-16,-1.0,0.0,0.0,0.0,10.666666666666666,0.0,0.0,0.029999999999998223,0.11708333333333333,0.17
2025-03-09,0.0,8.4125,4.3,12.5,61.887499999999996,1009.1750000000001,1003.5,1013.6,3,wiosna,68,0.9209712877166346,0.38963044953078796,10.100000000000023,-5.90416666666647,-6.745833333333167,-4.6749999999999545,1013.391666666667,1013.8684523809524,5.90416666666647,-1.0,spadek_cisnienia,180.0,1.2246467991473532e-16,-1.0,0.0,0.0,0.0,9.941666666666666,0.0,0.0,0.029999999999998223,0.14208333333333334,0.23
2025-03-10,0.0,10.145833333333334,5.1,16.6,55.824999999999996,996.5041666666666,992.7,1002.7,3,wiosna,69,0.9275416835791966,0.37371971479046906,10.0,-12.670833333333462,-18.574999999999932,-19.41666666666663,1006.9194444444447,1010.9994047619048,12.670833333333462,-1.0,spadek_cisnienia,180.0,1.2246467991473532e-16,-1.0,0.0,0.0,0.0,8.4125,0.0,0.0,0.0,0.19375,0.27
2025-03-11,0.0,6.408333333333334,4.6,8.9,75.06666666666666,994.7666666666668,992.7,996.0,3,wiosna,70,0.9338372288229252,0.35769823883312546,3.2999999999999545,-1.7374999999998408,-14.408333333333303,-20.312499999999773,1000.1486111111116,1008.2148809523809,1.7374999999998408,-1.0,spadek_cisnienia,180.0,1.2246467991473532e-16,-1.0,0.0,0.0,0.0,10.145833333333334,0.0,0.0,0.0,0.22458333333333333,0.29
2025-03-12,0.05,6.804166666666667,5.7,9.2,73.4875,995.525,994.9,996.1,3,wiosna,71,0.9398560579418954,0.3415707691678556,1.2000000000000455,0.7583333333332121,-0.9791666666666288,-13.650000000000091,995.5986111111115,1005.8315476190476,0.7583333333332121,1.0,wzrost_cisnienia,0.0,0.0,1.0,0.0,0.0,0.0,6.408333333333334,0.05,0.049999999999984016,0.049999999999998226,0.14875,0.19
2025-03-13,4.9,4.691666666666666,3.8,6.2,81.50416666666666,992.1166666666667,990.1,994.4,3,wiosna,72,0.9455963874271426,0.3253420847119801,4.2999999999999545,-3.408333333333303,-2.650000000000091,-4.387499999999932,994.1361111111114,1002.7267857142858,3.408333333333303,-1.0,spadek_cisnienia,180.0,1.2246467991473532e-16,-1.0,0.05,0.0,0.0,6.804166666666667,4.9,4.949999999999984,4.949999999999998,0.16333333333333333,0.26
2025-03-14,0.23,4.866666666666666,3.6,6.2,62.87083333333334,1004.225,995.4,1011.8,3,wiosna,73,0.9510565162951535,0.30901699437494745,16.399999999999977,12.108333333333348,8.700000000000045,9.458333333333258,997.2888888888892,1001.0559523809524,12.108333333333348,1.0,wzrost_cisnienia,0.0,0.0,1.0,4.9,0.05,0.0,4.691666666666666,0.23,5.179999999999985,5.179999999999999,0.09833333333333333,0.25
2025-03-15,0.0,5.866666666666667,2.6,39.8,59.625,1016.5208333333334,1012.6,1018.6,3,wiosna,74,0.9562348265919056,0.29260033563334836,6.0,12.295833333333348,24.404166666666697,20.995833333333394,1004.2875000000004,1001.2619047619048,12.295833333333348,1.0,wzrost_cisnienia,0.0,0.0,1.0,0.23,4.9,0.05,4.866666666666666,0.0,5.129999999999985,5.179999999999999,-0.03791666666666667,0.07
2025-03-16,1.85,4.741666666666666,2.2,7.0,62.800000000000004,1012.3833333333333,1009.8,1015.1,3,wiosna,75,0.9611297838723007,0.27609697309746883,5.300000000000068,-4.1375000000000455,8.158333333333303,20.26666666666665,1011.0430555555558,1001.7202380952382,4.1375000000000455,-1.0,spadek_cisnienia,180.0,1.2246467991473532e-16,-1.0,0.0,0.23,4.9,5.866666666666667,1.85,2.079999999999984,7.0299999999999985,0.06625,0.33
2025-03-17,0.66,3.5666666666666664,1.5,18.8,55.25,1021.9499999999999,1015.5,1025.1,3,wiosna,76,0.9657399376548549,0.2595117970697999,9.599999999999909,9.566666666666606,5.429166666666561,17.72499999999991,1016.9513888888891,1005.3553571428572,9.566666666666606,1.0,wzrost_cisnienia,0.0,0.0,1.0,1.85,0.0,0.23,4.741666666666666,0.66,2.5099999999999842,7.689999999999999,0.17875,0.44
2025-03-18,0.01,5.129166666666666,2.1,8.3,57.725,1022.1,1020.9,1023.4,3,wiosna,77,0.970063921851507,0.2428497220959356,2.5,0.15000000000009095,9.716666666666697,5.5791666666666515,1018.8111111111115,1009.260119047619,0.15000000000009095,1.0,wzrost_cisnienia,0.0,0.0,1.0,0.66,1.85,0.0,3.5666666666666664,0.01,2.519999999999984,7.699999999999998,0.024583333333333336,0.08
2025-03-19,0.0,7.004166666666666,4.2,11.4,55.11666666666667,1022.25,1021.5,1023.0,3,wiosna,78,0.9741004551724205,0.22611568550828828,1.5,0.14999999999997726,0.3000000000000682,9.866666666666674,1022.1000000000004,1013.0779761904762,0.14999999999997726,1.0,wzrost_cisnienia,0.0,0.0,1.0,0.01,0.66,1.85,5.129166666666666,0.0,0.669999999999984,7.649999999999999,-0.037083333333333336,0.03
2025-03-20,0.0,8.733333333333333,2.2,15.2,41.44166666666667,1019.6041666666666,1017.4,1022.0,3,wiosna,79,0.9778483415056568,0.20931464596304847,4.600000000000023,-2.6458333333333712,-2.495833333333394,-2.345833333333303,1021.3180555555559,1017.0047619047618,2.6458333333333712,-1.0,spadek_cisnienia,180.0,1.2246467991473532e-16,-1.0,0.0,0.01,0.66,7.004166666666666,0.0,0.009999999999984013,2.7499999999999982,-0.03625,-0.01
2025-03-21,0.0,7.6000000000000005,4.2,10.2,55.78333333333333,1020.3125,1017.4,1022.6,3,wiosna,80,0.9813064702716093,0.19245158197082998,5.2000000000000455,0.7083333333333712,-1.9375,-1.7875000000000227,1020.7222222222225,1019.3029761904762,0.7083333333333712,1.0,wzrost_cisnienia,0.0,0.0,1.0,0.0,0.0,0.01,8.733333333333333,0.0,0.0,2.5199999999999982,0.046250000000000006,0.11
2025-03-22,0.0,8.279166666666667,4.4,26.7,64.03750000000001,1019.6374999999999,1016.8,1022.4,3,wiosna,81,0.9844738167520922,0.1755314904214282,5.600000000000023,-0.6750000000000682,0.03333333333330302,-2.612500000000068,1019.8513888888892,1019.7482142857142,0.6750000000000682,-1.0,spadek_cisnienia,180.0,1.2246467991473532e-16,-1.0,0.0,0.0,0.0,7.6000000000000005,0.0,0.0,2.5199999999999982,0.007083333333333333,0.06
2025-03-23,0.0,9.229166666666666,6.4,12.6,47.7125,1012.6541666666667,1009.2,1016.4,3,wiosna,82,0.9873494423939864,0.15855938510313478,7.199999999999932,-6.983333333333235,-7.658333333333303,-6.949999999999932,1017.5347222222226,1019.7869047619048,6.983333333333235,-1.0,spadek_cisnienia,180.0,1.2246467991473532e-16,-1.0,0.0,0.0,0.0,8.279166666666667,0.0,0.0,0.6699999999999983,-0.05625,0.0
2025-03-24,0.0,6.9375,4.6,9.2,72.2375,1009.5333333333333,1007.4,1012.8,3,wiosna,83,0.989932495087353,0.141540295217043,5.399999999999977,-3.120833333333394,-10.104166666666629,-10.779166666666697,1013.941666666667,1018.0130952380952,3.120833333333394,-1.0,spadek_cisnienia,180.0,1.2246467991473532e-16,-1.0,0.0,0.0,0.0,9.229166666666666,0.0,0.0,0.009999999999998224,-0.08750000000000001,-0.02
2025-03-25,0.0,9.633333333333333,3.7,15.2,55.987500000000004,1011.3416666666667,1009.7,1012.7,3,wiosna,84,0.9922222094179323,0.12447926388678915,3.0,1.808333333333394,-1.3125,-8.295833333333235,1011.1763888888892,1016.4761904761906,1.808333333333394,1.0,wzrost_cisnienia,0.0,0.0,1.0,0.0,0.0,0.0,6.9375,0.0,0.0,0.0,-0.19291666666666665,-0.12
2025-03-26,0.74,9.125,7.8,10.4,72.875,1011.5166666666668,1009.4,1014.6,3,wiosna,85,0.994217906893952,0.10738134666416309,5.2000000000000455,0.1750000000000682,1.9833333333334622,-1.1374999999999318,1010.7972222222226,1014.9428571428572,0.1750000000000682,1.0,wzrost_cisnienia,0.0,0.0,1.0,0.0,0.0,0.0,9.633333333333333,0.74,0.739999999999984,0.7399999999999982,-0.06166666666666667,0.01
2025-03-27,0.0,8.270833333333334,6.2,11.0,74.95,1015.2666666666668,1014.3,1016.4,3,wiosna,86,0.995918996147179,0.09025161003104117,2.1000000000000227,3.75,3.925000000000068,5.733333333333462,1012.7083333333336,1014.3232142857144,3.75,1.0,wzrost_cisnienia,0.0,0.0,1.0,0.74,0.0,0.0,9.125,0.0,0.739999999999984,0.7399999999999982,-0.10125,0.0
2025-03-28,0.0,10.9625,6.2,16.3,55.00416666666666,1012.0625,1009.5,1014.9,3,wiosna,87,0.9973249731081555,0.07309512989807777,5.399999999999977,-3.204166666666765,0.5458333333332348,0.720833333333303,1012.9486111111115,1013.1446428571429,3.204166666666765,-1.0,spadek_cisnienia,180.0,1.2246467991473532e-16,-1.0,0.0,0.74,0.0,8.270833333333334,0.0,0.739999999999984,0.7399999999999982,-0.12666666666666668,-0.02
2025-03-29,0.0,10.870833333333332,5.3,16.3,57.9,1009.0291666666667,1008.5,1009.8,3,wiosna,88,0.9984354211555643,0.055916990100603484,1.2999999999999545,-3.033333333333303,-6.237500000000068,-2.487500000000068,1012.1194444444449,1011.6291666666667,3.033333333333303,-1.0,spadek_cisnienia,180.0,1.2246467991473532e-16,-1.0,0.0,0.0,0.74,10.9625,0.0,0.0,0.7399999999999982,-0.04708333333333334,0.03
2025-03-30,0.0,10.242857142857142,8.2,11.7,54.65714285714286,1004.5190476190477,1002.0,1008.1,3,wiosna,89,0.9992500112396835,0.03872228089217446,6.100000000000023,-4.510119047619014,-7.543452380952317,-10.747619047619082,1008.5369047619051,1010.467006802721,4.510119047619014,-1.0,spadek_cisnienia,180.0,1.2246467991473532e-16,-1.0,0.0,0.0,0.0,10.870833333333332,0.0,0.0,0.7399999999999982,-0.015000000000000001,0.05
2025-03-31,0.0,7.6000000000000005,6.0,9.6,71.47500000000001,1012.7083333333334,1004.3,1020.7,3,wiosna,90,0.9997685019798909,0.021516097436222254,16.40000000000009,8.189285714285688,3.6791666666666742,0.6458333333333712,1008.7521825396828,1010.9205782312927,8.189285714285688,1.0,wzrost_cisnienia,0.0,0.0,1.0,0.0,0.0,0.0,10.242857142857142,0.0,0.0,0.7399999999999982,0.08791666666666666,0.18
2025-04-01,0.0,6.804166666666667,5.4,8.8,76.24583333333334,1023.6374999999999,1020.8,1025.5,4,wiosna,91,0.9999907397361901,0.004303538296244289,4.7000000000000455,10.92916666666656,19.11845238095225,14.608333333333235,1013.6216269841274,1012.6771258503402,10.92916666666656,1.0,wzrost_cisnienia,0.0,0.0,1.0,0.0,0.0,0.0,7.6000000000000005,0.0,0.0,0.7399999999999982,0.0675,0.13
2025-04-02,0.0,8.466666666666667,6.8,10.7,57.65416666666667,1025.3875,1024.4,1026.7,4,wiosna,92,0.9999166586547379,-0.01291029607500882,2.2999999999999545,1.7500000000001137,12.679166666666674,20.868452380952363,1020.577777777778,1014.6586734693877,1.7500000000001137,1.0,wzrost_cisnienia,0.0,0.0,1.0,0.0,0.0,0.0,6.804166666666667,0.0,0.0,0.0,0.017083333333333336,0.07
2025-04-03,0.0,12.295833333333334,8.7,25.6,47.074999999999996,1023.9625,1021.0,1025.2,4,wiosna,93,0.9995462806873573,-0.030120304846908114,4.2000000000000455,-1.4250000000000682,0.3250000000000455,11.254166666666606,1024.3291666666669,1015.9009353741496,1.4250000000000682,-1.0,spadek_cisnienia,180.0,1.2246467991473532e-16,-1.0,0.0,0.0,0.0,8.466666666666667,0.0,0.0,0.0,-0.05625,0.01
2025-04-04,0.0,9.929166666666667,5.9,17.0,54.041666666666664,1016.8166666666666,1013.4,1020.6,4,wiosna,94,0.9988797155850336,-0.04732138832243185,7.2000000000000455,-7.145833333333371,-8.57083333333344,-6.820833333333326,1022.0555555555558,1016.5801020408163,7.145833333333371,-1.0,spadek_cisnienia,180.0,1.2246467991473532e-16,-1.0,0.0,0.0,0.0,12.295833333333334,0.0,0.0,0.0,-0.006666666666666667,0.06
2025-04-05,0.46,4.745833333333334,3.2,6.2,52.11666666666667,1013.3583333333332,1010.8,1016.7,4,wiosna,95,0.9979171608653922,-0.06450844944931623,5.900000000000091,-3.4583333333333712,-10.604166666666742,-12.02916666666681,1018.0458333333336,1017.1985544217687,3.4583333333333712,-1.0,spadek_cisnienia,180.0,1.2246467991473532e-16,-1.0,0.0,0.0,0.0,9.929166666666667,0.46,0.45999999999998403,0.45999999999999824,0.28625,0.46
2025-04-06,0.45,3.8791666666666664,2.6,5.0,49.737500000000004,1018.3291666666668,1016.9,1020.0,4,wiosna,96,0.9966589017541702,-0.08167639533042241,3.1000000000000227,4.97083333333353,1.5125000000001592,-5.633333333333212,1016.1680555555558,1019.1714285714286,4.97083333333353,1.0,wzrost_cisnienia,0.0,0.0,1.0,0.46,0.0,0.0,4.745833333333334,0.45,0.909999999999984,0.9099999999999983,0.08,0.28
2025-04-07,0.0,6.754166666666666,3.9,9.7,62.18333333333334,1017.5124999999999,1016.6,1019.9,4,wiosna,97,0.9951053111006976,-0.09882013873287143,3.2999999999999545,-0.8166666666668334,4.154166666666697,0.6958333333333258,1016.4000000000002,1019.857738095238,0.8166666666668334,-1.0,spadek_cisnienia,180.0,1.2246467991473532e-16,-1.0,0.45,0.46,0.0,3.8791666666666664,0.0,0.909999999999984,0.9099999999999983,0.000416666666666667,0.07
2025-04-08,0.0,6.2,4.6,7.4,62.65833333333333,1021.35,1019.3,1023.0,4,wiosna,98,0.9932568492674143,-0.11593459959550041,3.7000000000000455,3.837500000000091,3.0208333333332575,7.991666666666788,1019.0638888888892,1019.5309523809523,3.837500000000091,1.0,wzrost_cisnienia,0.0,0.0,1.0,0.0,0.45,0.46,6.754166666666666,0.0,0.449999999999984,0.9099999999999983,-0.012499999999999999,0.06
2025-04-09,2.24,7.447826086956522,3.2,12.1,57.00869565217391,1014.3652173913044,1010.8,1018.9,4,wiosna,99,0.9911140639934547,-0.1330147065341959,8.100000000000023,-6.984782608695582,-3.147282608695491,-3.9639492753623244,1017.7425724637684,1017.9563405797101,6.984782608695582,-1.0,spadek_cisnienia,180.0,1.2246467991473532e-16,-1.0,0.0,0.0,0.45,6.2,2.24,2.2399999999999842,3.1499999999999986,0.007499999999999997,0.32
2025-04-10,0.47,5.529166666666666,3.4,8.0,49.975,1014.5333333333333,1005.9,1017.7,4,wiosna,100,0.9886775902323405,-0.1500553983446526,11.800000000000068,0.16811594202886226,-6.81666666666672,-2.9791666666666288,1016.749516908213,1016.6093167701864,0.16811594202886226,1.0,wzrost_cisnienia,0.0,0.0,1.0,2.24,0.0,0.0,7.447826086956522,0.47,2.709999999999984,3.6199999999999983,0.03833333333333334,0.25
2025-04-11,0.0,9.4625,5.7,26.6,65.54166666666667,1005.3000000000001,1001.8,1010.7,4,wiosna,101,0.9859481499638304,-0.16705162550211924,8.900000000000091,-9.233333333333235,-9.065217391304373,-16.049999999999955,1011.3995169082131,1014.9640786749484,9.233333333333235,-1.0,spadek_cisnienia,180.0,1.2246467991473532e-16,-1.0,0.47,2.24,0.0,5.529166666666666,0.0,2.709999999999984,3.6199999999999983,-0.009166666666666668,0.14
2025-04-12,0.0,10.1,4.1,14.7,68.19583333333334,1009.5416666666666,1008.4,1010.8,4,wiosna,102,0.9829265519799822,-0.18399835165768005,2.3999999999999773,4.241666666666561,-4.991666666666674,-4.823550724637812,1009.791666666667,1014.4188405797101,4.241666666666561,1.0,wzrost_cisnienia,0.0,0.0,1.0,0.0,0.47,2.24,9.4625,0.0,0.469999999999984,3.1599999999999984,-0.12458333333333334,-0.03
2025-04-13,0.0,13.525,6.5,19.8,59.40416666666667,1005.225,1002.2,1008.5,4,wiosna,103,0.9796136916454901,-0.20089055513063506,6.2999999999999545,-4.316666666666606,-0.07500000000004547,-9.30833333333328,1006.6888888888892,1012.5468167701864,4.316666666666606,-1.0,spadek_cisnienia,180.0,1.2246467991473532e-16,-1.0,0.0,0.0,0.47,10.1,0.0,0.0,2.709999999999998,-0.0625,-0.02
2025-04-14,7.78,14.620833333333332,10.1,19.8,64.19166666666666,1006.4625,1002.3,1009.7,4,wiosna,104,0.9760105506323683,-0.21772323039653177,7.400000000000091,1.2374999999999545,-3.0791666666666515,1.162499999999909,1007.0763888888891,1010.9682453416148,1.2374999999999545,1.0,wzrost_cisnienia,0.0,0.0,1.0,0.0,0.0,0.0,13.525,7.78,7.779999999999984,10.489999999999998,-0.08458333333333333,-0.02
2025-04-15,0.0,15.329166666666666,9.7,22.2,59.61666666666667,1007.5166666666668,1005.4,1009.3,4,wiosna,105,0.9721181966290613,-0.23449138957040985,3.8999999999999773,1.054166666666788,2.2916666666667425,-2.0249999999998636,1006.4013888888893,1008.9920548654245,1.054166666666788,1.0,wzrost_cisnienia,0.0,0.0,1.0,7.78,0.0,0.0,14.620833333333332,0.0,7.779999999999984,10.489999999999998,-0.035833333333333335,0.0
2025-04-16,0.11,15.441666666666668,13.2,21.7,72.80416666666666,1006.9499999999999,1005.3,1010.0,4,wiosna,106,0.9679377830240642,-0.25119006388481935,4.7000000000000455,-0.5666666666668334,0.4874999999999545,1.724999999999909,1006.9763888888892,1007.9327380952382,0.5666666666668334,-1.0,spadek_cisnienia,180.0,1.2246467991473532e-16,-1.0,0.0,7.78,0.0,15.329166666666666,0.11,7.889999999999985,8.359999999999998,-0.024999999999999998,0.04
2025-04-17,0.0,17.724999999999998,10.3,26.8,62.291666666666664,1007.8166666666666,1005.3,1010.0,4,wiosna,107,0.9634705485641488,-0.2678143051621742,4.7000000000000455,0.8666666666666742,0.29999999999984084,1.3541666666666288,1007.427777777778,1006.9732142857143,0.8666666666666742,1.0,wzrost_cisnienia,0.0,0.0,1.0,0.11,0.0,7.78,15.441666666666668,0.0,0.10999999999998401,7.889999999999999,-0.05583333333333334,-0.01
2025-04-18,0.0,19.808333333333334,14.5,26.0,53.979166666666664,1004.8166666666666,1004.0,1005.9,4,wiosna,108,0.9587178169872964,-0.2843591872810034,1.8999999999999773,-3.0,-2.1333333333333258,-2.700000000000159,1006.5277777777779,1006.9041666666666,3.0,-1.0,spadek_cisnienia,180.0,1.2246467991473532e-16,-1.0,0.0,0.11,0.0,17.724999999999998,0.0,0.10999999999998401,7.889999999999999,-0.04708333333333334,-0.02
2025-04-19,0.0,14.737499999999999,12.2,31.6,66.29583333333333,1005.3375,1003.6,1006.8,4,wiosna,109,0.9536809966304457,-0.30081980763566735,3.199999999999932,0.5208333333333712,-2.4791666666666288,-1.6124999999999545,1005.990277777778,1006.3035714285714,0.5208333333333712,1.0,wzrost_cisnienia,0.0,0.0,1.0,0.0,0.0,0.11,19.808333333333334,0.0,0.0,7.889999999999999,-0.012916666666666667,0.06
2025-04-20,0.0,12.883333333333333,10.5,17.3,64.75416666666666,1004.7875,1004.2,1006.3,4,wiosna,110,0.9483615800121715,-0.3171912885891061,2.099999999999909,-0.5499999999999545,-0.029166666666583296,-3.0291666666665833,1004.9805555555558,1006.2410714285714,0.5499999999999545,-1.0,spadek_cisnienia,180.0,1.2246467991473532e-16,-1.0,0.0,0.0,0.0,14.737499999999999,0.0,0.0,7.889999999999999,-0.011250000000000001,0.02
2025-04-21,0.0,11.629166666666668,9.6,14.2,65.825,1007.3333333333334,1004.7,1009.9,4,wiosna,111,0.9427611433904207,-0.3334687789181868,5.199999999999932,2.5458333333333485,1.995833333333394,2.516666666666765,1005.8194444444448,1006.3654761904762,2.5458333333333485,1.0,wzrost_cisnienia,0.0,0.0,1.0,0.0,0.0,0.0,12.883333333333333,0.0,0.0,0.10999999999999822,-0.004166666666666667,0.04
2025-04-22,12.43,11.308333333333332,10.4,12.9,77.77083333333333,1012.1958333333333,1010.1,1014.5,4,wiosna,112,0.9368813462954315,-0.3496474552512284,4.399999999999977,4.8624999999999545,7.408333333333303,6.8583333333333485,1008.1055555555558,1007.0339285714284,4.8624999999999545,1.0,wzrost_cisnienia,0.0,0.0,1.0,0.0,0.0,0.0,11.629166666666668,12.43,12.429999999999984,12.539999999999997,0.000833333333333334,0.06
2025-04-23,1.89,12.066666666666668,10.1,16.9,82.4375,1013.6666666666666,1012.5,1014.7,4,wiosna,113,0.9307239310379795,-0.36572252349726897,2.2000000000000455,1.470833333333303,6.3333333333332575,8.879166666666606,1011.0652777777781,1007.9934523809524,1.470833333333303,1.0,wzrost_cisnienia,0.0,0.0,1.0,12.43,0.0,0.0,11.308333333333332,1.89,14.319999999999984,14.319999999999999,-0.06041666666666667,-0.01
2025-04-24,0.0,9.645833333333334,7.4,11.9,83.40416666666667,1013.4166666666666,1012.3,1015.2,4,wiosna,114,0.9242907221930934,-0.3816892202666588,2.900000000000091,-0.25,1.220833333333303,6.0833333333332575,1013.0930555555559,1008.7934523809524,0.25,-1.0,spadek_cisnienia,180.0,1.2246467991473532e-16,-1.0,1.89,12.43,0.0,12.066666666666668,0.0,14.319999999999984,14.319999999999999,0.02125,0.11
2025-04-25,0.0,7.741666666666667,6.4,9.2,62.4625,1017.8458333333333,1015.2,1021.1,4,wiosna,115,0.9175836260593937,-0.39754281428255595,5.899999999999977,4.429166666666674,4.179166666666674,5.649999999999977,1014.9763888888892,1010.6547619047618,4.429166666666674,1.0,wzrost_cisnienia,0.0,0.0,1.0,0.0,1.89,12.43,9.645833333333334,0.0,1.889999999999984,14.319999999999999,0.0004166666666666666,0.05
2025-04-26,0.0,7.320833333333333,5.3,8.6,53.916666666666664,1024.2375,1021.3,1026.1,4,wiosna,116,0.9106046300942163,-0.4132786077829042,4.7999999999999545,6.3916666666666515,10.820833333333326,10.570833333333326,1018.5000000000003,1013.354761904762,6.3916666666666515,1.0,wzrost_cisnienia,0.0,0.0,1.0,0.0,0.0,1.89,7.741666666666667,0.0,0.0,14.319999999999999,-0.06999999999999999,-0.02
2025-04-27,0.0,7.758333333333333,3.7,10.9,51.09583333333333,1027.6333333333334,1026.6,1029.0,4,wiosna,117,0.9033558023246845,-0.4288919379124835,2.400000000000091,3.395833333333485,9.787500000000136,14.21666666666681,1023.2388888888892,1016.6184523809524,3.395833333333485,1.0,wzrost_cisnienia,0.0,0.0,1.0,0.0,0.0,0.0,7.320833333333333,0.0,0.0,14.319999999999999,-0.1779166666666667,-0.05
2025-04-28,0.0,11.770833333333334,5.0,18.3,42.608333333333334,1023.0458333333332,1018.7,1026.6,4,wiosna,118,0.895839290734909,-0.4443781781046132,7.899999999999864,-4.587500000000205,-1.1916666666667197,5.199999999999932,1024.9722222222224,1018.8630952380953,4.587500000000205,-1.0,spadek_cisnienia,180.0,1.2246467991473532e-16,-1.0,0.0,0.0,0.0,7.758333333333333,0.0,0.0,14.319999999999999,-0.24291666666666667,-0.16
2025-04-29,0.0,14.541666666666666,10.6,34.1,49.00416666666666,1017.3458333333333,1016.2,1018.4,4,wiosna,119,0.8880573226294932,-0.45973273945210397,2.199999999999932,-5.699999999999932,-10.287500000000136,-6.8916666666666515,1022.6750000000002,1019.5988095238096,5.699999999999932,-1.0,spadek_cisnienia,180.0,1.2246467991473532e-16,-1.0,0.0,0.0,0.0,11.770833333333334,0.0,0.0,1.8899999999999981,-0.1625,-0.09
2025-04-30,0.0,14.366666666666667,8.8,20.1,55.74166666666667,1016.3000000000001,1015.3,1018.0,4,wiosna,120,0.8800122039735357,-0.47495107206704995,2.7000000000000455,-1.0458333333332348,-6.745833333333167,-11.333333333333371,1018.8972222222225,1019.975,1.0458333333332348,-1.0,spadek_cisnienia,180.0,1.2246467991473532e-16,-1.0,0.0,0.0,0.0,14.541666666666666,0.0,0.0,0.0,-0.09375,-0.04
2025-05-01,0.0,12.704166666666666,8.7,16.4,56.06666666666666,1018.275,1015.4,1020.9,5,wiosna,121,0.8717063187093218,-0.49002866642905923,5.5,1.974999999999909,0.9291666666666742,-4.7708333333332575,1017.3069444444446,1020.6690476190477,1.974999999999909,1.0,wzrost_cisnienia,0.0,0.0,1.0,0.0,0.0,0.0,14.366666666666667,0.0,0.0,0.0,-0.1225,-0.03
2025-05-02,1.78,16.712500000000002,10.8,22.7,48.199999999999996,1008.9166666666666,1004.6,1015.0,5,wiosna,122,0.8631421280499114,-0.5049610547215204,10.399999999999977,-9.358333333333348,-7.383333333333439,-8.429166666666674,1014.4972222222226,1019.3934523809523,9.358333333333348,-1.0,spadek_cisnienia,180.0,1.2246467991473532e-16,-1.0,0.0,0.0,0.0,12.704166666666666,1.78,1.779999999999984,1.7799999999999983,-0.18333333333333335,-0.13
2025-05-03,0.0,12.950000000000001,10.3,15.9,52.53333333333333,1003.4499999999999,999.6,1005.4,5,wiosna,123,0.854322169749827,-0.5197438121555155,5.7999999999999545,-5.466666666666697,-14.825000000000045,-12.850000000000136,1010.2138888888891,1016.4238095238095,5.466666666666697,-1.0,spadek_cisnienia,180.0,1.2246467991473532e-16,-1.0,1.78,0.0,0.0,16.712500000000002,0.0,1.779999999999984,1.7799999999999983,-0.10166666666666667,-0.04
2025-05-04,7.17,10.049999999999999,7.1,13.1,69.52499999999999,999.0124999999999,995.3,1006.8,5,wiosna,124,0.8452490573530633,-0.5343725582809787,11.5,-4.4375,-9.904166666666697,-19.262500000000045,1003.7930555555557,1012.335119047619,4.4375,-1.0,spadek_cisnienia,180.0,1.2246467991473532e-16,-1.0,0.0,1.78,0.0,12.950000000000001,7.17,8.949999999999983,8.949999999999998,0.10041666666666667,0.31
2025-05-05,0.3,8.045833333333333,6.0,10.2,50.50416666666666,1012.9458333333333,1007.7,1015.3,5,wiosna,125,0.835925479418637,-0.548842958284719,7.599999999999909,13.933333333333394,9.495833333333394,4.029166666666697,1005.1361111111113,1010.8922619047619,13.933333333333394,1.0,wzrost_cisnienia,0.0,0.0,1.0,7.17,0.0,1.78,10.049999999999999,0.3,7.469999999999984,9.249999999999998,0.10916666666666668,0.29
2025-05-06,0.0,9.691666666666666,6.1,14.3,47.1,1012.8083333333334,1011.0,1015.9,5,wiosna,126,0.8263541987239096,-0.5631507242749186,4.899999999999977,-0.1374999999999318,13.795833333333462,9.358333333333462,1008.2555555555558,1010.2440476190477,0.1374999999999318,-1.0,spadek_cisnienia,180.0,1.2246467991473532e-16,-1.0,0.3,7.17,0.0,8.045833333333333,0.0,7.469999999999984,9.249999999999998,0.04916666666666667,0.19
2025-05-07,0.0,8.258333333333333,5.5,10.9,53.81666666666666,1018.0041666666666,1016.1,1019.0,5,wiosna,127,0.8165380514459161,-0.5772916165517272,2.8999999999999773,5.195833333333212,5.05833333333328,18.991666666666674,1014.5861111111113,1010.4875000000001,5.195833333333212,1.0,wzrost_cisnienia,0.0,0.0,1.0,0.0,0.3,7.17,9.691666666666666,0.0,0.299999999999984,9.249999999999998,0.08041666666666666,0.14
2025-05-08,0.0,7.708333333333333,5.9,9.2,50.475,1017.375,1016.5,1018.1,5,wiosna,128,0.8064799463209448,-0.5912614448635781,1.6000000000000227,-0.629166666666606,4.566666666666606,4.429166666666674,1016.0625000000003,1010.3589285714286,0.629166666666606,-1.0,spadek_cisnienia,180.0,1.2246467991473532e-16,-1.0,0.0,0.0,0.3,8.258333333333333,0.0,0.0,9.249999999999998,0.015416666666666667,0.06
2025-05-09,0.8899999999999999,9.466666666666667,5.7,11.7,63.4125,1015.15,1012.3,1017.0,5,wiosna,129,0.7961828637826158,-0.6050560696488488,4.7000000000000455,-2.2250000000000227,-2.8541666666666288,2.3416666666665833,1016.8430555555557,1011.2494047619048,2.2250000000000227,-1.0,spadek_cisnienia,180.0,1.2246467991473532e-16,-1.0,0.0,0.0,0.0,7.708333333333333,0.8899999999999999,0.8899999999999839,8.359999999999998,-0.020416666666666666,0.03
2025-05-10,0.0,9.1625,7.9,11.3,65.64583333333333,1016.3708333333334,1012.1,1019.1,5,wiosna,130,0.7856498550787145,-0.6186714032625031,7.0,1.2208333333334167,-1.004166666666606,-1.633333333333212,1016.2986111111113,1013.0952380952382,1.2208333333334167,1.0,wzrost_cisnienia,0.0,0.0,1.0,0.8899999999999999,0.0,0.0,9.466666666666667,0.0,0.8899999999999839,8.359999999999998,0.02666666666666667,0.06
2025-05-11,0.0,8.674999999999999,6.5,10.6,61.80416666666667,1018.1625,1016.8,1019.1,5,wiosna,131,0.7748840413670407,-0.6321034111873487,2.300000000000068,1.7916666666666288,3.0125000000000455,0.7875000000000227,1016.5611111111115,1015.8309523809525,1.7916666666666288,1.0,wzrost_cisnienia,0.0,0.0,1.0,0.0,0.8899999999999999,0.0,9.1625,0.0,0.8899999999999839,1.1899999999999982,-0.03791666666666667,0.02
2025-05-12,0.0,10.229166666666666,6.6,28.1,59.0375,1017.4125,1016.9,1018.1,5,wiosna,132,0.7638886127905428,-0.6453481132295501,1.2000000000000455,-0.75,1.0416666666666288,2.2625000000000455,1017.3152777777781,1016.4690476190475,0.75,-1.0,spadek_cisnienia,180.0,1.2246467991473532e-16,-1.0,0.0,0.0,0.8899999999999999,8.674999999999999,0.0,0.0,0.8899999999999981,-0.08916666666666667,-0.04
2025-05-13,0.0,11.975,4.5,18.0,50.762499999999996,1014.2375000000001,1009.4,1017.1,5,wiosna,133,0.7526668275320084,-0.6584015846980488,7.7000000000000455,-3.1749999999999545,-3.9249999999999545,-2.1333333333333258,1016.604166666667,1016.6732142857143,3.1749999999999545,-1.0,spadek_cisnienia,180.0,1.2246467991473532e-16,-1.0,0.0,0.0,0.0,10.229166666666666,0.0,0.0,0.8899999999999981,-0.11291666666666667,-0.06
2025-05-14,1.4,11.633333333333333,6.3,17.7,61.80416666666667,1006.2916666666666,1004.4,1008.7,5,wiosna,134,0.741222010848596,-0.6712599575675313,4.300000000000068,-7.945833333333439,-11.120833333333394,-11.870833333333394,1012.6472222222225,1015.0,7.945833333333439,-1.0,spadek_cisnienia,180.0,1.2246467991473532e-16,-1.0,0.0,0.0,0.0,11.975,1.4,1.399999999999984,2.2899999999999983,0.009166666666666665,0.09
2025-05-15,7.05,7.845833333333334,5.9,9.4,72.62916666666666,1005.5416666666666,1003.7,1007.3,5,wiosna,135,0.7295575540864875,-0.6839194216246106,3.599999999999909,-0.75,-8.69583333333344,-11.870833333333394,1008.6902777777781,1013.3095238095237,0.75,-1.0,spadek_cisnienia,180.0,1.2246467991473532e-16,-1.0,1.4,0.0,0.0,11.633333333333333,7.05,8.449999999999983,9.339999999999998,0.1366666666666667,0.25
2025-05-16,14.56,8.875,7.2,9.9,72.09166666666667,1003.3791666666666,998.8,1006.4,5,wiosna,136,0.717676913675962,-0.6963762255968722,7.600000000000023,-2.1625000000000227,-2.9125000000000227,-10.858333333333462,1005.0708333333336,1011.6279761904761,2.1625000000000227,-1.0,spadek_cisnienia,180.0,1.2246467991473532e-16,-1.0,7.05,1.4,0.0,7.845833333333334,14.56,23.009999999999984,23.009999999999998,0.23666666666666666,0.37
2025-05-17,5.26,8.879166666666666,7.6,9.9,78.95,1002.0749999999999,1001.0,1003.2,5,wiosna,137,0.705583610107178,-0.7086266782644596,2.2000000000000455,-1.3041666666666742,-3.466666666666697,-4.216666666666697,1003.665277777778,1009.5857142857143,1.3041666666666742,-1.0,spadek_cisnienia,180.0,1.2246467991473532e-16,-1.0,14.56,7.05,1.4,8.875,5.26,26.869999999999987,28.269999999999996,0.18833333333333335,0.24
2025-05-18,0.0,10.479166666666666,9.1,12.1,69.87916666666666,1003.0041666666666,1000.6,1006.2,5,wiosna,138,0.6932812268869777,-0.7206671495538609,5.600000000000023,0.9291666666666742,-0.375,-2.5375000000000227,1002.8194444444447,1007.420238095238,0.9291666666666742,1.0,wzrost_cisnienia,0.0,0.0,1.0,5.26,14.56,7.05,8.879166666666666,0.0,19.819999999999986,28.269999999999996,0.1675,0.22
2025-05-19,0.32,11.482608695652175,9.8,13.7,75.08260869565218,1008.1782608695652,1005.3,1011.1,5,wiosna,139,0.6807734094770161,-0.7324940716135789,5.800000000000068,5.174094202898573,6.103260869565247,4.799094202898573,1004.4191425120775,1006.1010610766045,5.174094202898573,1.0,wzrost_cisnienia,0.0,0.0,1.0,0.0,5.26,14.56,10.479166666666666,0.32,5.579999999999986,28.589999999999996,0.09583333333333333,0.18
2025-05-20,0.0,16.204166666666666,9.5,21.3,40.85,1008.3291666666668,1005.9,1011.2,5,wiosna,140,0.6680638642135335,-0.7441039398713607,5.300000000000068,0.15090579710158636,5.325000000000159,6.254166666666833,1006.5038647342998,1005.2570134575569,0.15090579710158636,1.0,wzrost_cisnienia,0.0,0.0,1.0,0.32,0.0,5.26,11.482608695652175,0.0,0.3199999999999858,28.589999999999996,-0.008333333333333333,0.03
2025-05-21,0.0,15.1625,11.1,22.9,54.24583333333334,1003.1125000000001,1001.3,1005.8,5,wiosna,141,0.6551563572090853,-0.7554933140726803,4.5,-5.216666666666697,-5.065760869565111,0.10833333333346218,1006.5399758454109,1004.8028467908902,5.216666666666697,-1.0,spadek_cisnienia,180.0,1.2246467991473532e-16,-1.0,0.0,0.32,0.0,16.204166666666666,0.0,0.3199999999999858,27.189999999999998,0.017499999999999998,0.09
2025-05-22,0.0,12.2125,9.4,17.4,63.85,1001.7083333333334,1000.2,1004.1,5,wiosna,142,0.6420547132365637,-0.766658819300159,3.8999999999999773,-1.404166666666697,-6.620833333333394,-6.469927536231808,1004.3833333333336,1004.2552277432712,1.404166666666697,-1.0,spadek_cisnienia,180.0,1.2246467991473532e-16,-1.0,0.0,0.0,0.32,15.1625,0.0,0.0,20.139999999999997,0.06708333333333334,0.12
2025-05-23,0.0,11.116666666666667,8.3,14.9,54.79583333333333,1007.5625,1004.1,1011.3,5,wiosna,143,0.6287628145958344,-0.777597146973627,7.199999999999932,5.854166666666629,4.449999999999932,-0.7666666666667652,1004.1277777777781,1004.8528467908903,5.854166666666629,1.0,wzrost_cisnienia,0.0,0.0,1.0,0.0,0.0,0.0,12.2125,0.0,0.0,5.579999999999998,0.07666666666666667,0.16
2025-05-24,0.0,11.48695652173913,7.6,16.2,60.48260869565217,1011.6173913043478,1011.0,1012.6,5,wiosna,144,0.6152845999633276,-0.7883050558305255,1.6000000000000227,4.054891304347848,9.909057971014477,8.50489130434778,1006.9627415458939,1006.2160455486543,4.054891304347848,1.0,wzrost_cisnienia,0.0,0.0,1.0,0.0,0.0,0.0,11.116666666666667,0.0,0.0,0.31999999999999823,0.05625,0.12
2025-05-25,0.0,14.870833333333332,8.4,19.8,46.40833333333333,1009.3000000000001,1006.7,1012.3,5,wiosna,145,0.6016240632249226,-0.7987793728863649,5.599999999999909,-2.3173913043477796,1.7375000000000682,7.591666666666697,1009.4932971014496,1007.1154503105591,2.3173913043477796,-1.0,spadek_cisnienia,180.0,1.2246467991473532e-16,-1.0,0.0,0.0,0.0,11.48695652173913,0.0,0.0,0.31999999999999823,0.004166666666666667,0.05
2025-05-26,0.12,15.141666666666666,11.2,17.9,56.35,1008.3375,1005.9,1012.4,5,wiosna,146,0.5877852522924732,-0.8090169943749473,6.5,-0.962500000000091,-3.2798913043478706,0.7749999999999773,1009.7516304347828,1007.138198757764,0.962500000000091,-1.0,spadek_cisnienia,180.0,1.2246467991473532e-16,-1.0,0.0,0.0,0.0,14.870833333333332,0.12,0.11999999999998578,0.11999999999999822,-0.008749999999999999,0.06
2025-05-27,0.0,16.766666666666666,10.2,21.6,45.1,1012.8041666666667,1011.3,1014.5,5,wiosna,147,0.5737722679043246,-0.8190148866680801,3.2000000000000455,4.466666666666697,3.504166666666606,1.1867753623188264,1010.1472222222225,1007.7774844720498,4.466666666666697,1.0,wzrost_cisnienia,0.0,0.0,1.0,0.12,0.0,0.0,15.141666666666666,0.0,0.11999999999998578,0.11999999999999822,-0.016666666666666666,0.03
2025-05-28,5.03,17.349999999999998,13.6,21.4,57.75833333333333,1006.4458333333333,1003.9,1011.0,5,wiosna,148,0.5595892624101765,-0.8287700871745037,7.100000000000023,-6.3583333333333485,-1.8916666666666515,-2.8541666666667425,1009.1958333333336,1008.2536749482402,6.3583333333333485,-1.0,spadek_cisnienia,180.0,1.2246467991473532e-16,-1.0,0.0,0.12,0.0,16.766666666666666,5.03,5.149999999999986,5.149999999999999,0.0037500000000000003,0.11
2025-05-29,0.6599999999999999,15.0875,12.0,18.1,59.92916666666667,1009.8458333333333,1004.5,1013.5,5,wiosna,149,0.545240438540651,-0.8382797052177743,9.0,3.3999999999999773,-2.9583333333333712,1.5083333333333258,1009.6986111111113,1009.4161749482402,3.3999999999999773,1.0,wzrost_cisnienia,0.0,0.0,1.0,5.03,0.0,0.12,17.349999999999998,0.6599999999999999,5.689999999999986,5.809999999999999,0.09875,0.15
2025-05-30,0.0,16.270833333333332,10.4,20.7,59.74166666666667,1011.5041666666666,1010.7,1013.1,5,wiosna,150,0.5307300481619334,-0.8475409228928311,2.3999999999999773,1.658333333333303,5.05833333333328,-1.3000000000000682,1009.2652777777779,1009.9792701863355,1.658333333333303,1.0,wzrost_cisnienia,0.0,0.0,1.0,0.6599999999999999,5.03,0.0,15.0875,0.0,5.689999999999986,5.809999999999999,0.037083333333333336,0.09
2025-05-31,0.0,18.095833333333335,13.5,31.8,57.04583333333333,1012.6708333333332,1010.7,1014.6,5,wiosna,151,0.5160623910158528,-0.8565509959010036,3.8999999999999773,1.1666666666666288,2.824999999999932,6.224999999999909,1011.3402777777779,1010.1297619047618,1.1666666666666288,1.0,wzrost_cisnienia,0.0,0.0,1.0,0.0,0.6599999999999999,5.03,16.270833333333332,0.0,0.6599999999999857,5.809999999999999,0.07166666666666667,0.13
2025-06-01,7.1499999999999995,17.325,11.3,22.7,67.92083333333333,1011.4125,1005.7,1014.3,6,lato,152,0.5012418134457758,-0.865307254363206,8.599999999999909,-1.258333333333212,-0.0916666666665833,1.5666666666667197,1011.8625000000002,1010.4315476190476,1.258333333333212,-1.0,spadek_cisnienia,180.0,1.2246467991473532e-16,-1.0,0.0,0.0,0.6599999999999999,18.095833333333335,7.1499999999999995,7.149999999999985,12.959999999999997,0.07083333333333333,0.1
2025-06-02,0.23,17.395833333333332,14.1,20.0,61.958333333333336,1008.5291666666667,1005.0,1011.0,6,lato,153,0.48627270710869,-0.8738071036110808,6.0,-2.8833333333333258,-4.141666666666538,-2.974999999999909,1010.8708333333335,1010.4589285714285,2.8833333333333258,-1.0,spadek_cisnienia,180.0,1.2246467991473532e-16,-1.0,7.1499999999999995,0.0,0.0,17.325,0.23,7.379999999999986,13.069999999999999,0.06958333333333333,0.16
2025-06-03,1.69,15.700000000000001,12.2,18.9,65.17916666666666,1010.9041666666667,1010.3,1011.4,6,lato,154,0.4711595076738638,-0.8820480249558537,1.1000000000000227,2.375,-0.5083333333333258,-1.7666666666665378,1010.2819444444448,1010.1875,2.375,1.0,wzrost_cisnienia,0.0,0.0,1.0,0.23,7.1499999999999995,0.0,17.395833333333332,1.69,9.069999999999986,14.759999999999998,0.06916666666666667,0.13
2025-06-04,5.180000000000001,18.400000000000002,12.0,26.5,67.77499999999999,1007.3333333333334,1003.9,1011.1,6,lato,155,0.4559066935084588,-0.8900275764346767,7.2000000000000455,-3.5708333333333258,-1.1958333333333258,-4.0791666666666515,1008.9222222222224,1010.3142857142857,3.5708333333333258,-1.0,spadek_cisnienia,180.0,1.2246467991473532e-16,-1.0,1.69,0.23,7.1499999999999995,15.700000000000001,5.180000000000001,7.099999999999986,14.909999999999998,0.05125,0.16
2025-06-05,3.56,17.1375,14.8,18.6,76.21249999999999,1006.1416666666668,1003.8,1008.3,6,lato,156,0.440518784350495,-0.8977433935342337,4.5,-1.191666666666606,-4.762499999999932,-2.387499999999932,1008.1263888888892,1009.7851190476189,1.191666666666606,-1.0,spadek_cisnienia,180.0,1.2246467991473532e-16,-1.0,5.180000000000001,1.69,0.23,18.400000000000002,3.56,10.429999999999986,17.81,0.08875,0.16
2025-06-06,5.05,18.45,14.7,36.0,72.82083333333334,1004.8166666666666,1002.5,1007.1,6,lato,157,0.42500033996955416,-0.9051931898913974,4.600000000000023,-1.3250000000001592,-2.516666666666765,-6.087500000000091,1006.0972222222225,1008.829761904762,1.3250000000001592,-1.0,spadek_cisnienia,180.0,1.2246467991473532e-16,-1.0,3.56,5.180000000000001,1.69,17.1375,5.05,13.789999999999987,22.86,0.08416666666666667,0.21
2025-06-07,1.34,17.508333333333333,13.1,23.9,71.21249999999999,1005.5916666666667,1003.0,1007.5,6,lato,158,0.4093559588156213,-0.9123747579707273,4.5,0.775000000000091,-0.5500000000000682,-1.7416666666666742,1005.5166666666669,1007.8184523809524,0.775000000000091,1.0,wzrost_cisnienia,0.0,0.0,1.0,5.05,3.56,5.180000000000001,18.45,1.34,9.949999999999985,24.2,-0.0025,0.07
2025-06-08,5.5200000000000005,16.745833333333334,13.8,20.9,74.63333333333334,1002.5208333333334,1000.1,1004.6,6,lato,159,0.39359027665646673,-0.9192859697186104,4.5,-3.0708333333333258,-2.295833333333235,-3.620833333333394,1004.3097222222224,1006.5482142857143,3.0708333333333258,-1.0,spadek_cisnienia,180.0,1.2246467991473532e-16,-1.0,1.34,5.05,3.56,17.508333333333333,5.5200000000000005,11.909999999999986,22.57,0.1025,0.19
2025-06-09,1.18,14.208333333333334,12.0,16.7,54.38333333333333,1009.4416666666666,1000.8,1016.2,6,lato,160,0.3777079652039649,-0.9259247771938498,15.400000000000091,6.920833333333235,3.849999999999909,4.625,1005.8513888888891,1006.6785714285714,6.920833333333235,1.0,wzrost_cisnienia,0.0,0.0,1.0,5.5200000000000005,1.34,5.05,16.745833333333334,1.18,8.039999999999987,23.52,0.19625,0.28
2025-06-10,1.8599999999999999,14.149999999999999,10.2,18.7,66.58333333333333,1012.3708333333334,1005.9,1016.3,6,lato,161,0.36171373072976765,-0.9322892131745133,10.399999999999977,2.929166666666788,9.850000000000023,6.779166666666697,1008.1111111111113,1006.8880952380952,2.929166666666788,1.0,wzrost_cisnienia,0.0,0.0,1.0,1.18,5.5200000000000005,1.34,14.208333333333334,1.8599999999999999,8.559999999999986,23.689999999999998,0.11083333333333334,0.16
2025-06-11,0.6399999999999999,15.1875,13.1,17.1,70.02083333333333,1008.9875000000001,1004.6,1014.1,6,lato,162,0.3456123126707335,-0.9383773917408641,9.5,-3.3833333333333258,-0.4541666666665378,6.466666666666697,1010.2666666666669,1007.1244047619048,3.3833333333333258,-1.0,spadek_cisnienia,180.0,1.2246467991473532e-16,-1.0,1.8599999999999999,1.18,5.5200000000000005,14.149999999999999,0.6399999999999999,3.6799999999999855,19.15,0.22624999999999998,0.3
2025-06-12,0.0,14.320833333333333,11.6,17.3,59.65416666666667,1018.8416666666667,1014.3,1022.7,6,lato,163,0.3294084822245304,-0.9441875088341993,8.400000000000091,9.854166666666629,6.470833333333303,9.400000000000091,1013.4000000000002,1008.9386904761905,9.854166666666629,1.0,wzrost_cisnienia,0.0,0.0,1.0,0.6399999999999999,1.8599999999999999,1.18,15.1875,0.0,2.499999999999986,15.589999999999996,0.2975,0.37
2025-06-13,0.0,14.387500000000001,11.7,17.3,63.395833333333336,1024.9166666666667,1022.8,1026.5,6,lato,164,0.3131070409358269,-0.9497178427914316,3.7000000000000455,6.0750000000000455,15.929166666666674,12.545833333333348,1017.5819444444447,1011.8101190476191,6.0750000000000455,1.0,wzrost_cisnienia,0.0,0.0,1.0,0.0,0.6399999999999999,1.8599999999999999,14.320833333333333,0.0,0.6399999999999857,10.54,0.22166666666666668,0.31
2025-06-14,0.0,15.429166666666667,11.9,18.9,61.46666666666667,1022.8916666666665,1019.8,1025.0,6,lato,165,0.29671281927349075,-0.9549667548552551,5.2000000000000455,-2.0250000000002046,4.049999999999841,13.90416666666647,1022.2166666666668,1014.2815476190477,2.0250000000002046,-1.0,spadek_cisnienia,180.0,1.2246467991473532e-16,-1.0,0.0,0.0,0.6399999999999999,14.387500000000001,0.0,0.0,9.2,0.12041666666666667,0.19
2025-06-15,0.0,19.766666666666666,11.3,26.1,55.4,1015.9375,1012.0,1019.5,6,lato,166,0.28023067519921585,-0.9599326896597447,7.5,-6.954166666666538,-8.979166666666742,-2.904166666666697,1021.2486111111112,1016.1982142857144,6.954166666666538,-1.0,spadek_cisnienia,180.0,1.2246467991473532e-16,-1.0,0.0,0.0,0.0,15.429166666666667,0.0,0.0,3.679999999999998,0.06958333333333333,0.12
2025-06-16,0.44000000000000006,18.320833333333333,15.6,38.2,64.81666666666666,1013.2624999999999,1010.6,1015.9,6,lato,167,0.26366549272800704,-0.9646141756912435,5.2999999999999545,-2.675000000000068,-9.629166666666606,-11.65416666666681,1017.363888888889,1016.7440476190477,2.675000000000068,-1.0,spadek_cisnienia,180.0,1.2246467991473532e-16,-1.0,0.0,0.0,0.0,19.766666666666666,0.44000000000000006,0.43999999999998585,2.939999999999998,0.09500000000000001,0.14
2025-06-17,0.0,18.375,15.0,21.9,55.57083333333333,1016.4583333333334,1014.8,1017.8,6,lato,168,0.24702218048093552,-0.9690098257244062,3.0,3.1958333333334394,0.5208333333333712,-6.433333333333167,1015.2194444444448,1017.3279761904762,3.1958333333334394,1.0,wzrost_cisnienia,0.0,0.0,1.0,0.44000000000000006,0.0,0.0,18.320833333333333,0.0,0.43999999999998585,1.0799999999999983,0.12375000000000001,0.19
2025-06-18,0.0,19.0125,15.9,21.4,51.44583333333333,1013.4083333333333,1012.5,1015.3,6,lato,169,0.23030567023061221,-0.9731183372332619,2.7999999999999545,-3.050000000000068,0.14583333333337123,-2.529166666666697,1014.3763888888892,1017.9595238095238,3.050000000000068,-1.0,spadek_cisnienia,180.0,1.2246467991473532e-16,-1.0,0.0,0.44000000000000006,0.0,18.375,0.0,0.43999999999998585,0.4399999999999983,0.11625,0.18
2025-06-19,0.0,16.533333333333335,14.0,18.1,51.145833333333336,1012.6541666666667,1011.0,1015.7,6,lato,170,0.21352091543979612,-0.9769384927771817,4.7000000000000455,-0.754166666666606,-3.8041666666666742,-0.6083333333332348,1014.1736111111113,1017.0755952380952,0.754166666666606,-1.0,spadek_cisnienia,180.0,1.2246467991473532e-16,-1.0,0.0,0.0,0.44000000000000006,19.0125,0.0,0.0,0.4399999999999983,0.23916666666666667,0.33
2025-06-20,0.0,16.483333333333334,12.6,20.1,51.97083333333333,1018.0333333333333,1015.6,1020.2,6,lato,171,0.19667288979357647,-0.980469160361632,4.600000000000023,5.379166666666606,4.625,1.5749999999999318,1014.6986111111113,1016.0922619047618,5.379166666666606,1.0,wzrost_cisnienia,0.0,0.0,1.0,0.0,0.0,0.0,16.533333333333335,0.0,0.0,0.4399999999999983,0.26875,0.32
2025-06-21,0.0,18.958333333333332,13.9,24.2,40.8375,1016.7541666666666,1013.5,1019.7,6,lato,172,0.1797665857255624,-0.9837092937736097,6.2000000000000455,-1.279166666666697,4.099999999999909,3.345833333333303,1015.813888888889,1015.2154761904761,1.279166666666697,-1.0,spadek_cisnienia,180.0,1.2246467991473532e-16,-1.0,0.0,0.0,0.0,16.483333333333334,0.0,0.0,0.4399999999999983,0.165,0.22
2025-06-22,0.0,17.433333333333334,14.0,19.8,54.00833333333333,1014.4666666666667,1011.9,1016.5,6,lato,173,0.16280701293851715,-0.986657932891657,4.600000000000023,-2.287499999999909,-3.566666666666606,1.8125,1016.4180555555557,1015.0053571428571,2.287499999999909,-1.0,spadek_cisnienia,180.0,1.2246467991473532e-16,-1.0,0.0,0.0,0.0,18.958333333333332,0.0,0.0,0.4399999999999983,0.20333333333333334,0.27
2025-06-23,0.3,19.254166666666666,12.5,28.0,52.20416666666667,1002.3291666666668,996.8,1011.3,6,lato,174,0.1457991969198751,-0.9893142039703663,14.5,-12.137499999999932,-14.42499999999984,-15.704166666666538,1011.1833333333335,1013.4434523809523,12.137499999999932,-1.0,spadek_cisnienia,180.0,1.2246467991473532e-16,-1.0,0.0,0.0,0.0,17.433333333333334,0.3,0.2999999999999858,0.2999999999999982,0.11375,0.2
2025-06-24,0.91,16.479166666666668,14.1,33.1,61.26666666666667,1001.2458333333334,1000.6,1001.8,6,lato,175,0.12874817745258132,-0.99167731989929,1.1999999999999318,-1.0833333333333712,-13.220833333333303,-15.508333333333212,1006.0138888888891,1011.270238095238,1.0833333333333712,-1.0,spadek_cisnienia,180.0,1.2246467991473532e-16,-1.0,0.3,0.0,0.0,19.254166666666666,0.91,1.2099999999999858,1.2099999999999982,0.11,0.27
2025-06-25,1.9200000000000002,17.075,15.0,19.5,65.5,1001.6416666666668,998.5,1006.9,6,lato,176,0.11165900712169512,-0.993746580436178,8.399999999999977,0.39583333333337123,-0.6875,-12.824999999999932,1001.7388888888892,1009.5892857142857,0.39583333333337123,1.0,wzrost_cisnienia,0.0,0.0,1.0,0.91,0.3,0.0,16.479166666666668,1.9200000000000002,3.129999999999986,3.1299999999999986,0.23708333333333334,0.34
2025-06-26,0.0,18.8125,14.0,24.5,59.875,1009.0124999999999,1006.6,1010.7,6,lato,177,0.09453674981719912,-0.9955213724144752,4.100000000000023,7.370833333333167,7.766666666666538,6.683333333333167,1003.9666666666668,1009.0690476190476,7.370833333333167,1.0,wzrost_cisnienia,0.0,0.0,1.0,1.9200000000000002,0.91,0.3,17.075,0.0,2.8299999999999863,3.1299999999999986,0.24916666666666668,0.29
2025-06-27,0.71,18.641666666666666,15.4,21.6,65.28750000000001,1007.8708333333334,1004.6,1011.9,6,lato,178,0.07738647923346301,-0.9970011699250151,7.2999999999999545,-1.1416666666665378,6.229166666666629,6.625,1006.1750000000002,1007.6172619047619,1.1416666666665378,-1.0,spadek_cisnienia,180.0,1.2246467991473532e-16,-1.0,0.0,1.9200000000000002,0.91,18.8125,0.71,2.629999999999986,3.8399999999999985,0.2754166666666667,0.4
2025-06-28,0.0,19.783333333333335,15.0,24.9,56.32083333333333,1013.6791666666667,1012.0,1015.0,6,lato,179,0.06021327736579302,-0.9981855344718586,3.0,5.80833333333328,4.6666666666667425,12.037499999999909,1010.1875000000001,1007.1779761904762,5.80833333333328,1.0,wzrost_cisnienia,0.0,0.0,1.0,0.71,0.0,1.9200000000000002,18.641666666666666,0.0,0.709999999999986,3.8399999999999985,0.27458333333333335,0.37
2025-06-29,0.0,20.650000000000002,16.0,24.3,51.487500000000004,1010.8958333333334,1010.4,1011.7,6,lato,180,0.04302223300453059,-0.99907411510223,1.3000000000000682,-2.783333333333303,3.0249999999999773,1.8833333333334394,1010.8152777777781,1006.6678571428572,2.783333333333303,-1.0,spadek_cisnienia,180.0,1.2246467991473532e-16,-1.0,0.0,0.71,0.0,19.783333333333335,0.0,0.709999999999986,3.8399999999999985,0.27958333333333335,0.34
2025-06-30,0.0,17.620833333333334,14.5,21.3,54.145833333333336,1014.2291666666666,1011.6,1016.4,6,lato,181,0.02581844022713308,-0.9996666485105112,4.7999999999999545,3.3333333333332575,0.5499999999999545,6.358333333333235,1012.9347222222224,1008.3678571428571,3.3333333333332575,1.0,wzrost_cisnienia,0.0,0.0,1.0,0.0,0.0,0.71,20.650000000000002,0.0,0.0,3.5399999999999987,0.39849999999999997,0.44
2025-07-01,0.0,20.104166666666668,14.6,39.0,50.44166666666666,1016.4166666666666,1015.7,1017.1,7,lato,182,0.008606996888688698,-0.9999629591162655,1.3999999999999773,2.1875,5.5208333333332575,2.7374999999999545,1013.8472222222223,1010.5351190476189,2.1875,1.0,wzrost_cisnienia,0.0,0.0,1.0,0.0,0.0,0.0,17.620833333333334,0.0,0.0,2.6299999999999986,0.31083333333333335,0.36
2025-07-02,0.0,23.795833333333334,14.8,31.7,45.645833333333336,1013.9041666666667,1011.0,1015.8,7,lato,183,-0.008606996888688009,-0.9999629591162655,4.7999999999999545,-2.512499999999932,-0.3249999999999318,3.0083333333333258,1014.8500000000003,1012.2869047619048,2.512499999999932,-1.0,spadek_cisnienia,180.0,1.2246467991473532e-16,-1.0,0.0,0.0,0.0,20.104166666666668,0.0,0.0,0.7099999999999984,0.27,0.32
2025-07-03,0.0,20.670833333333334,15.7,29.7,53.81666666666666,1012.1833333333334,1007.2,1017.6,7,lato,184,-0.02581844022713239,-0.9996666485105112,10.399999999999977,-1.720833333333303,-4.233333333333235,-2.045833333333235,1014.1680555555558,1012.739880952381,1.720833333333303,-1.0,spadek_cisnienia,180.0,1.2246467991473532e-16,-1.0,0.0,0.0,0.0,23.795833333333334,0.0,0.0,0.7099999999999984,0.2725,0.37
2025-07-04,0.0,17.145833333333332,13.6,20.0,47.449999999999996,1018.9166666666666,1017.8,1019.8,7,lato,185,-0.04302223300453034,-0.99907411510223,2.0,6.733333333333235,5.012499999999932,2.5,1015.0013888888892,1014.3178571428572,6.733333333333235,1.0,wzrost_cisnienia,0.0,0.0,1.0,0.0,0.0,0.0,20.670833333333334,0.0,0.0,0.0,0.29250000000000004,0.4
2025-07-05,0.18,19.370833333333334,13.6,25.4,46.4125,1012.4583333333334,1007.6,1017.8,7,lato,186,-0.060213277365792774,-0.9981855344718586,10.199999999999932,-6.4583333333332575,0.27499999999997726,-1.4458333333333258,1014.5194444444447,1014.1434523809523,6.4583333333332575,-1.0,spadek_cisnienia,180.0,1.2246467991473532e-16,-1.0,0.0,0.0,0.0,17.145833333333332,0.18,0.179999999999986,0.17999999999999844,0.5905555555555556,3.52
2025-07-06,0.0,20.670833333333334,14.9,25.6,52.362500000000004,1004.0541666666667,1000.2,1007.4,7,lato,187,-0.07738647923346322,-0.9970011699250151,7.199999999999932,-8.404166666666697,-14.862499999999955,-8.12916666666672,1011.8097222222224,1013.1660714285715,8.404166666666697,-1.0,spadek_cisnienia,180.0,1.2246467991473532e-16,-1.0,0.18,0.0,0.0,19.370833333333334,0.0,0.179999999999986,0.17999999999999844,1.3253333333333333,3.52
2025-07-07,15.490000000000002,18.900000000000002,16.1,23.2,73.6125,997.4166666666666,996.6,999.7,7,lato,188,-0.09453674981719933,-0.9955213724144752,3.1000000000000227,-6.6375000000000455,-15.041666666666742,-21.5,1004.6430555555559,1010.7642857142857,6.6375000000000455,-1.0,spadek_cisnienia,180.0,1.2246467991473532e-16,-1.0,0.0,0.18,0.0,20.670833333333334,15.490000000000002,15.669999999999987,15.67,0.12895833333333334,0.18
2025-07-08,1.71,17.683333333333334,14.1,22.2,76.52916666666667,1001.8833333333333,997.9,1006.2,7,lato,189,-0.11165900712169444,-0.9937465804361781,8.300000000000068,4.466666666666697,-2.1708333333333485,-10.575000000000045,1001.1180555555558,1008.6880952380953,4.466666666666697,1.0,wzrost_cisnienia,0.0,0.0,1.0,15.490000000000002,0.0,0.18,18.900000000000002,1.71,17.19999999999999,17.38,0.1716666666666667,0.235
2025-07-09,0.0,17.1125,15.1,19.0,70.14583333333333,1007.9833333333332,1006.1,1010.7,7,lato,190,-0.12874817745258066,-0.99167731989929,4.600000000000023,6.099999999999909,10.566666666666606,3.9291666666665606,1002.4277777777779,1007.8422619047618,6.099999999999909,1.0,wzrost_cisnienia,0.0,0.0,1.0,1.71,15.490000000000002,0.0,17.683333333333334,0.0,17.19999999999999,17.38,0.17416666666666666,0.20500000000000002
2025-07-10,0.0,18.025000000000002,14.9,21.0,55.425000000000004,1010.3416666666667,1008.3,1011.3,7,lato,191,-0.14579919691987442,-0.9893142039703664,3.0,2.358333333333462,8.458333333333371,12.925000000000068,1006.7361111111113,1007.5791666666667,2.358333333333462,1.0,wzrost_cisnienia,0.0,0.0,1.0,0.0,1.71,15.490000000000002,17.1125,0.0,1.7099999999999858,17.38,0.373,0.39
2025-07-11,10.639999999999999,16.733333333333334,14.8,31.9,83.21249999999999,1003.1708333333332,1001.7,1007.7,7,lato,192,-0.16280701293851646,-0.9866579328916572,6.0,-7.170833333333462,-4.8125,1.287499999999909,1007.165277777778,1005.3297619047618,7.170833333333462,-1.0,spadek_cisnienia,180.0,1.2246467991473532e-16,-1.0,0.0,0.0,1.71,18.025000000000002,10.639999999999999,10.639999999999985,28.02,0.46625,0.55
2025-07-12,3.43,16.650000000000002,15.3,18.1,82.34166666666667,1006.0375,1003.1,1009.8,7,lato,193,-0.17976658572556214,-0.9837092937736098,6.699999999999932,2.866666666666788,-4.304166666666674,-1.945833333333212,1006.5166666666669,1004.4125,2.866666666666788,1.0,wzrost_cisnienia,0.0,0.0,1.0,10.639999999999999,0.0,0.0,16.733333333333334,3.43,14.069999999999984,31.27,0.3283333333333333,0.42
2025-07-13,8.120000000000001,18.833333333333332,15.7,24.5,75.8,1010.1750000000001,1009.4,1010.8,7,lato,194,-0.19667288979357622,-0.9804691603616321,1.3999999999999773,4.1375000000000455,7.004166666666833,-0.16666666666662877,1006.4611111111113,1005.2869047619048,4.1375000000000455,1.0,wzrost_cisnienia,0.0,0.0,1.0,3.43,10.639999999999999,0.0,16.650000000000002,8.120000000000001,22.189999999999984,39.39,0.27666666666666667,0.32
2025-07-14,5.02,18.974999999999998,14.8,24.1,83.60833333333333,1009.1708333333332,1008.6,1009.8,7,lato,195,-0.2135209154397959,-0.9769384927771817,1.1999999999999318,-1.0041666666668334,3.133333333333212,6.0,1008.4611111111113,1006.9660714285716,1.0041666666668334,-1.0,spadek_cisnienia,180.0,1.2246467991473532e-16,-1.0,8.120000000000001,3.43,10.639999999999999,18.833333333333332,5.02,16.569999999999986,28.919999999999998,0.22833333333333336,0.29
2025-07-15,0.0,19.520833333333332,15.8,23.6,77.0125,1008.4875000000001,1007.1,1009.5,7,lato,196,-0.23030567023061196,-0.973118337233262,2.3999999999999773,-0.6833333333331666,-1.6875,2.4500000000000455,1009.2777777777779,1007.9095238095236,0.6833333333331666,-1.0,spadek_cisnienia,180.0,1.2246467991473532e-16,-1.0,5.02,8.120000000000001,3.43,18.974999999999998,0.0,13.139999999999986,27.209999999999997,0.18875,0.24
2025-07-16,23.939999999999998,18.366666666666667,16.3,39.8,81.53750000000001,1004.6,1003.5,1006.9,7,lato,197,-0.24702218048093527,-0.9690098257244063,3.3999999999999773,-3.8875000000000455,-4.570833333333212,-5.5750000000000455,1007.4194444444447,1007.4261904761905,3.8875000000000455,-1.0,spadek_cisnienia,180.0,1.2246467991473532e-16,-1.0,0.0,5.02,8.120000000000001,19.520833333333332,23.939999999999998,28.959999999999983,51.14999999999999,0.2004166666666667,0.29
2025-07-17,0.21,19.395833333333332,16.2,22.4,73.42083333333333,1005.3041666666667,1003.0,1008.2,7,lato,198,-0.2636654927280072,-0.9646141756912435,5.2000000000000455,0.7041666666666515,-3.183333333333394,-3.8666666666665606,1006.1305555555558,1006.7065476190476,0.7041666666666515,1.0,wzrost_cisnienia,0.0,0.0,1.0,23.939999999999998,0.0,5.02,18.366666666666667,0.21,24.149999999999984,51.35999999999999,0.21916666666666665,0.27
2025-07-18,0.93,19.704166666666666,14.7,24.0,73.34166666666667,1009.375,1008.4,1010.1,7,lato,199,-0.2802306751992161,-0.9599326896597445,1.7000000000000455,4.070833333333326,4.774999999999977,0.8874999999999318,1006.426388888889,1007.5928571428573,4.070833333333326,1.0,wzrost_cisnienia,0.0,0.0,1.0,0.21,23.939999999999998,0.0,19.395833333333332,0.93,25.079999999999984,41.65,0.19458333333333333,0.22
2025-07-19,1.23,20.730434782608697,18.2,24.4,75.6608695652174,1006.9043478260869,1006.0,1008.1,7,lato,200,-0.2967128192734901,-0.9549667548552553,2.1000000000000227,-2.470652173913095,1.6001811594202309,2.3043478260868824,1007.194504830918,1007.7166925465838,2.470652173913095,-1.0,spadek_cisnienia,180.0,1.2246467991473532e-16,-1.0,0.93,0.21,23.939999999999998,19.704166666666666,1.23,2.369999999999986,39.449999999999996,0.15666666666666668,0.18
2025-07-20,0.0,21.941666666666666,18.2,25.2,62.84166666666667,1004.775,1004.3,1005.6,7,lato,201,-0.3131070409358267,-0.9497178427914317,1.3000000000000682,-2.129347826086928,-4.600000000000023,-0.529166666666697,1007.0181159420291,1006.9452639751553,2.129347826086928,-1.0,spadek_cisnienia,180.0,1.2246467991473532e-16,-1.0,1.23,0.93,0.21,20.730434782608697,0.0,2.159999999999986,31.33,0.13708333333333333,0.18
2025-07-21,0.0,20.366666666666667,15.9,25.2,76.79583333333333,1003.3916666666668,1001.6,1004.5,7,lato,202,-0.3294084822245302,-0.9441875088341994,2.8999999999999773,-1.383333333333212,-3.51268115942014,-5.983333333333235,1005.0236714975848,1006.1196687370601,1.383333333333212,-1.0,spadek_cisnienia,180.0,1.2246467991473532e-16,-1.0,0.0,1.23,0.93,21.941666666666666,0.0,1.2299999999999858,26.31,0.1025,0.14
2025-07-22,9.440000000000001,21.037499999999998,17.0,24.9,77.45416666666667,1000.2416666666667,997.9,1003.0,7,lato,203,-0.3456123126707333,-0.9383773917408642,5.100000000000023,-3.150000000000091,-4.533333333333303,-6.662681159420231,1002.8027777777779,1004.9416925465839,3.150000000000091,-1.0,spadek_cisnienia,180.0,1.2246467991473532e-16,-1.0,0.0,0.0,1.23,20.366666666666667,9.440000000000001,9.439999999999987,35.75,0.12375000000000001,0.19
2025-07-23,0.0,20.116666666666667,16.2,33.2,68.61666666666666,1003.6208333333334,1002.9,1004.4,7,lato,204,-0.3617137307297674,-0.9322892131745134,1.5,3.3791666666667197,0.22916666666662877,-1.1541666666665833,1002.4180555555558,1004.801811594203,3.3791666666667197,1.0,wzrost_cisnienia,0.0,0.0,1.0,9.440000000000001,0.0,0.0,21.037499999999998,0.0,9.439999999999987,11.810000000000002,0.08208333333333333,0.13
2025-07-24,0.0,20.745833333333334,17.1,39.3,71.34166666666667,1005.7083333333334,1003.3,1008.5,7,lato,205,-0.37770796520396466,-0.9259247771938499,5.2000000000000455,2.0874999999999773,5.466666666666697,2.316666666666606,1003.1902777777781,1004.859549689441,2.0874999999999773,1.0,wzrost_cisnienia,0.0,0.0,1.0,0.0,9.440000000000001,0.0,20.116666666666667,0.0,9.439999999999987,11.600000000000001,0.11125,0.16
2025-07-25,0.0,21.491666666666664,17.1,25.3,67.27916666666667,1008.6,1008.2,1009.0,7,lato,206,-0.39359027665646645,-0.9192859697186105,0.7999999999999545,2.8916666666666515,4.979166666666629,8.358333333333348,1005.9763888888892,1004.7488354037267,2.8916666666666515,1.0,wzrost_cisnienia,0.0,0.0,1.0,0.0,0.0,9.440000000000001,20.745833333333334,0.0,0.0,10.670000000000002,0.09000000000000001,0.12
2025-07-26,0.0,20.845833333333335,18.4,24.2,74.79166666666667,1009.0124999999999,1008.2,1009.6,7,lato,207,-0.4093559588156211,-0.9123747579707274,1.3999999999999773,0.41249999999990905,3.3041666666665606,5.391666666666538,1007.7736111111113,1005.0500000000001,0.41249999999990905,1.0,wzrost_cisnienia,0.0,0.0,1.0,0.0,0.0,0.0,21.491666666666664,0.0,0.0,9.440000000000001,0.09749999999999999,0.13
2025-07-27,0.08,20.516666666666666,16.2,24.3,66.43333333333334,1006.775,1004.2,1009.3,7,lato,208,-0.42500033996955394,-0.9051931898913975,5.099999999999909,-2.2374999999999545,-1.8250000000000455,1.066666666666606,1008.129166666667,1005.3357142857143,2.2374999999999545,-1.0,spadek_cisnienia,180.0,1.2246467991473532e-16,-1.0,0.0,0.0,0.0,20.845833333333335,0.08,0.07999999999998579,9.520000000000001,0.11875000000000001,0.17
2025-07-28,70.37,18.645833333333332,17.6,20.0,85.48333333333333,999.8833333333333,997.4,1004.0,7,lato,209,-0.4405187843504952,-0.8977433935342336,6.600000000000023,-6.8916666666666515,-9.129166666666606,-8.716666666666697,1005.2236111111114,1004.8345238095238,6.8916666666666515,-1.0,spadek_cisnienia,180.0,1.2246467991473532e-16,-1.0,0.08,0.0,0.0,20.516666666666666,70.37,70.44999999999999,79.89000000000001,0.2820833333333333,0.4
2025-07-29,13.98,18.991304347826087,14.8,21.9,65.51304347826087,1003.3869565217392,998.1,1008.3,7,lato,210,-0.455906693508459,-0.8900275764346766,10.199999999999932,3.503623188405868,-3.3880434782607836,-5.625543478260738,1003.3484299516912,1005.2838509316771,3.503623188405868,1.0,wzrost_cisnienia,0.0,0.0,1.0,70.37,0.08,0.0,18.645833333333332,13.98,84.42999999999999,84.43000000000002,0.27208333333333334,0.38
2025-07-30,0.74,18.099999999999998,13.9,22.7,67.875,1008.8791666666666,1008.2,1009.8,7,lato,211,-0.47115950767386394,-0.8820480249558535,1.599999999999909,5.492210144927412,8.99583333333328,2.1041666666666288,1004.04981884058,1006.0350414078675,5.492210144927412,1.0,wzrost_cisnienia,0.0,0.0,1.0,13.98,70.37,0.08,18.991304347826087,0.74,85.08999999999999,85.17000000000002,0.22916666666666666,0.32
2025-07-31,0.0,19.479166666666668,14.7,24.1,57.88333333333333,1007.8041666666667,1006.2,1009.5,7,lato,212,-0.4862727071086902,-0.8738071036110807,3.2999999999999545,-1.0749999999999318,4.4172101449274805,7.9208333333333485,1006.6900966183579,1006.3344461697723,1.0749999999999318,-1.0,spadek_cisnienia,180.0,1.2246467991473532e-16,-1.0,0.74,13.98,70.37,18.099999999999998,0.0,14.719999999999986,85.17000000000002,0.2070833333333333,0.25
2025-08-01,10.809999999999999,18.316666666666666,14.5,22.8,67.20833333333333,1004.5916666666667,1003.8,1006.0,8,lato,213,-0.5012418134457756,-0.8653072543632061,2.2000000000000455,-3.2124999999999773,-4.287499999999909,1.2047101449275033,1007.0916666666668,1005.7618271221532,3.2124999999999773,-1.0,spadek_cisnienia,180.0,1.2246467991473532e-16,-1.0,0.0,0.74,13.98,19.479166666666668,10.809999999999999,11.549999999999985,95.98000000000002,0.19083333333333333,0.22
2025-08-02,1.21,19.287499999999998,14.9,24.1,73.47083333333333,1006.2666666666668,1004.2,1009.2,8,lato,214,-0.5160623910158526,-0.8565509959010037,5.0,1.6750000000000682,-1.537499999999909,-2.612499999999841,1006.2208333333336,1005.3695652173913,1.6750000000000682,1.0,wzrost_cisnienia,0.0,0.0,1.0,10.809999999999999,0.0,0.74,18.316666666666666,1.21,12.019999999999985,97.19000000000001,0.16125,0.19
2025-08-03,18.44,18.716666666666665,15.6,22.5,82.04583333333333,1009.2833333333333,1008.5,1009.9,8,lato,215,-0.5307300481619331,-0.8475409228928312,1.3999999999999773,3.016666666666538,4.691666666666606,1.4791666666666288,1006.7138888888891,1005.7278985507246,3.016666666666538,1.0,wzrost_cisnienia,0.0,0.0,1.0,1.21,10.809999999999999,0.0,19.287499999999998,18.44,30.459999999999987,115.55000000000001,0.19375,0.31
2025-08-04,0.0,18.708333333333332,16.3,22.2,68.66250000000001,1010.9375,1009.9,1011.6,8,lato,216,-0.5452404385406507,-0.8382797052177745,1.7000000000000455,1.654166666666697,4.670833333333235,6.345833333333303,1008.8291666666669,1007.3070652173913,1.654166666666697,1.0,wzrost_cisnienia,0.0,0.0,1.0,18.44,1.21,10.809999999999999,18.716666666666665,0.0,19.649999999999988,45.180000000000014,0.14791666666666667,0.2
2025-08-05,0.61,18.566666666666666,15.5,33.6,75.825,1009.3874999999999,1008.1,1011.2,8,lato,217,-0.5595892624101763,-0.828770087174504,3.1000000000000227,-1.5500000000000682,0.10416666666662877,3.1208333333331666,1009.8694444444445,1008.1642857142857,1.5500000000000682,-1.0,spadek_cisnienia,180.0,1.2246467991473532e-16,-1.0,0.0,18.44,1.21,18.708333333333332,0.61,19.049999999999986,31.810000000000013,0.07625,0.14
2025-08-06,0.36,16.98333333333333,14.5,19.7,61.95416666666667,1013.6875,1011.2,1015.8,8,lato,218,-0.5737722679043243,-0.8190148866680802,4.599999999999909,4.300000000000068,2.75,4.404166666666697,1011.3375000000002,1008.8511904761905,4.300000000000068,1.0,wzrost_cisnienia,0.0,0.0,1.0,0.61,0.0,18.44,18.566666666666666,0.36,0.9699999999999858,31.430000000000014,0.10666666666666667,0.16
2025-08-07,0.0,19.008333333333333,14.7,23.4,57.11666666666667,1015.9416666666666,1014.8,1016.9,8,lato,219,-0.5877852522924734,-0.8090169943749472,2.1000000000000227,2.254166666666606,6.554166666666674,5.004166666666606,1013.0055555555558,1010.0136904761905,2.254166666666606,1.0,wzrost_cisnienia,0.0,0.0,1.0,0.36,0.61,0.0,16.98333333333333,0.0,0.9699999999999858,31.430000000000014,0.15583333333333335,0.2
2025-08-08,1.35,18.470833333333335,15.1,23.9,67.32916666666667,1013.2958333333332,1011.9,1015.3,8,lato,220,-0.6016240632249227,-0.7987793728863648,3.3999999999999773,-2.6458333333333712,-0.3916666666667652,3.908333333333303,1014.3083333333335,1011.2571428571429,2.6458333333333712,-1.0,spadek_cisnienia,180.0,1.2246467991473532e-16,-1.0,0.0,0.36,0.61,19.008333333333333,1.35,1.7099999999999858,21.970000000000013,0.19666666666666666,0.25
2025-08-09,0.0,20.041666666666668,14.3,27.0,60.10833333333333,1016.775,1015.4,1017.7,8,lato,221,-0.6152845999633277,-0.7883050558305253,2.300000000000068,3.4791666666667425,0.8333333333333712,3.0874999999999773,1015.3375000000002,1012.7583333333333,3.4791666666667425,1.0,wzrost_cisnienia,0.0,0.0,1.0,1.35,0.0,0.36,18.470833333333335,0.0,1.3499999999999859,20.760000000000016,0.20875,0.25
2025-08-10,0.0,19.141666666666666,16.2,22.9,65.74583333333334,1016.0833333333334,1013.1,1020.0,8,lato,222,-0.6287628145958345,-0.7775971469736268,6.899999999999977,-0.691666666666606,2.7875000000001364,0.1416666666667652,1015.3847222222224,1013.7297619047619,0.691666666666606,-1.0,spadek_cisnienia,180.0,1.2246467991473532e-16,-1.0,0.0,1.35,0.0,20.041666666666668,0.0,1.3499999999999859,2.3200000000000145,0.2579166666666667,0.34
2025-08-11,0.0,18.258333333333333,14.6,22.5,60.68333333333334,1020.3041666666667,1018.7,1021.4,8,lato,223,-0.6420547132365636,-0.7666588193001592,2.699999999999932,4.220833333333303,3.529166666666697,7.008333333333439,1017.7208333333336,1015.0678571428571,4.220833333333303,1.0,wzrost_cisnienia,0.0,0.0,1.0,0.0,0.0,1.35,19.141666666666666,0.0,0.0,2.3200000000000145,0.2725,0.34
2025-08-12,0.0,19.670833333333334,14.7,24.7,63.02916666666667,1018.3541666666666,1017.4,1019.1,8,lato,224,-0.655156357209085,-0.7554933140726804,1.7000000000000455,-1.9500000000000455,2.2708333333332575,1.5791666666666515,1018.2472222222224,1016.3488095238096,1.9500000000000455,-1.0,spadek_cisnienia,180.0,1.2246467991473532e-16,-1.0,0.0,0.0,0.0,18.258333333333333,0.0,0.0,1.7100000000000144,0.23208333333333334,0.29
2025-08-13,0.0,22.258333333333336,18.0,28.3,59.57083333333333,1017.6208333333334,1017.3,1018.3,8,lato,225,-0.6680638642135333,-0.7441039398713608,1.0,-0.7333333333332348,-2.6833333333332803,1.5375000000000227,1018.7597222222224,1016.9107142857143,0.7333333333332348,-1.0,spadek_cisnienia,180.0,1.2246467991473532e-16,-1.0,0.0,0.0,0.0,19.670833333333334,0.0,0.0,1.3500000000000143,0.215,0.25
2025-08-14,0.0,22.395833333333332,16.1,27.4,65.21666666666667,1018.9416666666666,1018.3,1019.7,8,lato,226,-0.6807734094770159,-0.7324940716135792,1.400000000000091,1.320833333333212,0.5874999999999773,-1.3625000000000682,1018.3055555555558,1017.3392857142857,1.320833333333212,1.0,wzrost_cisnienia,0.0,0.0,1.0,0.0,0.0,0.0,22.258333333333336,0.0,0.0,1.3500000000000143,0.18500000000000003,0.23
2025-08-15,0.0,25.866666666666664,18.7,34.9,53.229166666666664,1015.7875,1011.6,1019.1,8,lato,227,-0.6932812268869771,-0.7206671495538615,7.5,-3.1541666666665833,-1.8333333333333712,-2.566666666666606,1017.4500000000003,1017.6952380952381,3.1541666666665833,-1.0,spadek_cisnienia,180.0,1.2246467991473532e-16,-1.0,0.0,0.0,0.0,22.395833333333332,0.0,0.0,0.0,0.11958333333333333,0.16
2025-08-16,0.0,20.595833333333335,16.5,23.3,60.35833333333333,1011.9333333333334,1011.4,1012.4,8,lato,228,-0.7055836101071774,-0.7086266782644601,1.0,-3.8541666666666288,-7.008333333333212,-5.6875,1015.5541666666669,1017.0035714285714,3.8541666666666288,-1.0,spadek_cisnienia,180.0,1.2246467991473532e-16,-1.0,0.0,0.0,0.0,25.866666666666664,0.0,0.0,0.0,0.19416666666666668,0.27
2025-08-17,0.0,17.849999999999998,15.5,21.7,58.14166666666667,1011.8625000000001,1010.1,1014.6,8,lato,229,-0.7176769136759615,-0.6963762255968726,4.5,-0.07083333333332575,-3.9249999999999545,-7.079166666666538,1013.1944444444448,1016.4005952380952,0.07083333333332575,-1.0,spadek_cisnienia,180.0,1.2246467991473532e-16,-1.0,0.0,0.0,0.0,20.595833333333335,0.0,0.0,0.0,0.3670833333333334,0.44
2025-08-18,0.0,18.854166666666668,15.4,33.4,59.333333333333336,1016.0124999999999,1014.6,1017.5,8,lato,230,-0.7295575540864876,-0.6839194216246105,2.8999999999999773,4.149999999999864,4.079166666666538,0.22499999999990905,1013.2694444444447,1015.7875000000001,4.149999999999864,1.0,wzrost_cisnienia,0.0,0.0,1.0,0.0,0.0,0.0,17.849999999999998,0.0,0.0,0.0,0.24250000000000002,0.36
2025-08-19,0.0,20.204166666666666,14.3,26.1,59.50833333333333,1010.2458333333334,1005.3,1014.8,8,lato,231,-0.7412220108485957,-0.6712599575675315,9.5,-5.766666666666538,-1.6166666666666742,-1.6875,1012.7069444444447,1014.6291666666667,5.766666666666538,-1.0,spadek_cisnienia,180.0,1.2246467991473532e-16,-1.0,0.0,0.0,0.0,18.854166666666668,0.0,0.0,0.0,0.14333333333333334,0.24
2025-08-20,4.09,17.016666666666666,13.7,19.1,63.050000000000004,1006.2333333333332,1003.5,1008.4,8,lato,232,-0.7526668275320083,-0.6584015846980489,4.899999999999977,-4.012500000000159,-9.779166666666697,-5.629166666666833,1010.8305555555557,1013.0023809523809,4.012500000000159,-1.0,spadek_cisnienia,180.0,1.2246467991473532e-16,-1.0,0.0,0.0,0.0,20.204166666666666,4.09,4.089999999999986,4.090000000000014,0.24541666666666664,0.32
2025-08-21,0.0,16.329166666666666,11.3,20.9,58.05416666666667,1006.375,1004.6,1008.3,8,lato,233,-0.7638886127905429,-0.64534811322955,3.699999999999932,0.1416666666667652,-3.870833333333394,-9.637499999999932,1007.6180555555558,1011.2071428571428,0.1416666666667652,1.0,wzrost_cisnienia,0.0,0.0,1.0,4.09,0.0,0.0,17.016666666666666,0.0,4.089999999999986,4.090000000000014,0.165,0.24
2025-08-22,0.0,15.933333333333332,13.6,18.9,56.520833333333336,1004.2583333333333,1003.2,1005.0,8,lato,234,-0.7748840413670406,-0.6321034111873488,1.7999999999999545,-2.1166666666666742,-1.974999999999909,-5.987500000000068,1005.6222222222224,1009.5601190476191,2.1166666666666742,-1.0,spadek_cisnienia,180.0,1.2246467991473532e-16,-1.0,0.0,4.09,0.0,16.329166666666666,0.0,4.089999999999986,4.090000000000014,0.205,0.28
2025-08-23,4.07,12.916666666666666,11.6,14.1,68.7375,1004.6791666666667,1003.1,1007.7,8,lato,235,-0.7856498550787144,-0.6186714032625032,4.600000000000023,0.4208333333333485,-1.6958333333333258,-1.5541666666665606,1005.104166666667,1008.5238095238094,0.4208333333333485,1.0,wzrost_cisnienia,0.0,0.0,1.0,0.0,0.0,4.09,15.933333333333332,4.07,4.069999999999986,8.160000000000014,0.2791666666666667,0.4
2025-08-24,6.12,14.795833333333334,10.9,19.0,61.645833333333336,1007.9125,1007.1,1008.6,8,lato,236,-0.7961828637826154,-0.6050560696488494,1.5,3.2333333333333485,3.654166666666697,1.5375000000000227,1005.6166666666669,1007.9595238095238,3.2333333333333485,1.0,wzrost_cisnienia,0.0,0.0,1.0,4.07,0.0,0.0,12.916666666666666,6.12,10.189999999999987,14.280000000000015,0.3445833333333333,0.43
2025-08-25,18.71,14.674999999999999,12.4,18.0,72.76666666666667,1008.1333333333333,1007.1,1009.5,8,lato,237,-0.8064799463209447,-0.5912614448635782,2.3999999999999773,0.22083333333330302,3.4541666666666515,3.875,1006.9083333333336,1006.8339285714285,0.22083333333330302,1.0,wzrost_cisnienia,0.0,0.0,1.0,6.12,4.07,0.0,14.795833333333334,18.71,28.899999999999988,32.990000000000016,0.36333333333333334,0.45
2025-08-26,0.96,14.483333333333334,11.5,17.7,71.03750000000001,1008.475,1007.6,1009.7,8,lato,238,-0.8165380514459157,-0.5772916165517278,2.1000000000000227,0.341666666666697,0.5625,3.7958333333333485,1008.1736111111113,1006.5809523809525,0.341666666666697,1.0,wzrost_cisnienia,0.0,0.0,1.0,18.71,6.12,4.07,14.674999999999999,0.96,25.78999999999999,33.95000000000002,0.2820833333333333,0.34
2025-08-27,0.0,16.575,11.0,21.9,61.291666666666664,1009.9791666666666,1008.6,1011.3,8,lato,239,-0.8263541987239095,-0.5631507242749187,2.699999999999932,1.504166666666606,1.845833333333303,2.066666666666606,1008.8625000000002,1007.1160714285714,1.504166666666606,1.0,wzrost_cisnienia,0.0,0.0,1.0,0.96,18.71,6.12,14.483333333333334,0.0,19.669999999999987,29.860000000000017,0.19083333333333333,0.25
2025-08-28,0.0,20.483333333333334,14.7,27.0,61.416666666666664,1004.2083333333334,998.5,1008.1,8,lato,240,-0.8359254794186365,-0.5488429582847199,9.600000000000023,-5.7708333333332575,-4.2666666666666515,-3.9249999999999545,1007.5541666666669,1006.8065476190477,5.7708333333332575,-1.0,spadek_cisnienia,180.0,1.2246467991473532e-16,-1.0,0.0,0.96,18.71,16.575,0.0,0.9599999999999858,29.860000000000017,0.18333333333333335,0.24
2025-08-29,30.69,20.2,17.7,23.6,73.9875,999.475,998.0,1002.0,8,lato,241,-0.8452490573530634,-0.5343725582809785,4.0,-4.7333333333333485,-10.504166666666606,-9.0,1004.5541666666669,1006.1232142857143,4.7333333333333485,-1.0,spadek_cisnienia,180.0,1.2246467991473532e-16,-1.0,0.0,0.0,0.96,20.483333333333334,30.69,30.689999999999987,60.55000000000002,0.215,0.29
2025-08-30,5.6499999999999995,18.145833333333332,16.1,20.3,89.12916666666666,1004.2041666666668,1002.1,1007.0,8,lato,242,-0.8543221697498269,-0.5197438121555157,4.899999999999977,4.7291666666667425,-0.004166666666606034,-5.774999999999864,1002.629166666667,1006.0553571428572,4.7291666666667425,1.0,wzrost_cisnienia,0.0,0.0,1.0,30.69,0.0,0.0,20.2,5.6499999999999995,36.33999999999999,62.13000000000002,0.17541666666666667,0.21
2025-08-31,0.0,18.941666666666666,15.9,22.8,80.5,1009.4833333333332,1007.1,1011.4,8,lato,243,-0.8631421280499115,-0.5049610547215202,4.2999999999999545,5.27916666666647,10.008333333333212,5.274999999999864,1004.3875000000003,1006.2797619047618,5.27916666666647,1.0,wzrost_cisnienia,0.0,0.0,1.0,5.6499999999999995,30.69,0.0,18.145833333333332,0.0,36.33999999999999,56.01000000000002,0.14875000000000002,0.19
2025-09-01,0.0,18.758333333333333,14.9,22.6,78.72500000000001,1010.0041666666666,1008.3,1011.3,9,jesien,244,-0.8717063187093218,-0.4900286664290594,3.0,0.5208333333333712,5.799999999999841,10.529166666666583,1007.8972222222225,1006.5470238095238,0.5208333333333712,1.0,wzrost_cisnienia,0.0,0.0,1.0,0.0,5.6499999999999995,30.69,18.941666666666666,0.0,5.649999999999985,37.30000000000001,0.11125,0.13
2025-09-02,8.59,20.474999999999998,15.8,26.4,77.29583333333333,1005.9,1003.9,1008.4,9,jesien,245,-0.8800122039735356,-0.4749510720670502,4.5,-4.104166666666629,-3.5833333333332575,1.695833333333212,1008.4625000000002,1006.1791666666666,4.104166666666629,-1.0,spadek_cisnienia,180.0,1.2246467991473532e-16,-1.0,0.0,0.0,5.6499999999999995,18.758333333333333,8.59,8.589999999999986,44.93000000000002,0.12916666666666668,0.19
2025-09-03,0.0,20.099999999999998,16.4,23.9,69.8875,1009.3375,1006.1,1011.1,9,jesien,246,-0.888057322629493,-0.4597327394521046,5.0,3.4375,-0.6666666666666288,-0.14583333333325754,1008.4138888888891,1006.0875,3.4375,1.0,wzrost_cisnienia,0.0,0.0,1.0,8.59,0.0,0.0,20.474999999999998,0.0,8.589999999999986,44.93000000000002,0.07416666666666667,0.18
2025-09-04,0.0,20.845833333333335,14.9,27.0,63.9375,1011.6125000000001,1011.1,1012.4,9,jesien,247,-0.8958392907349089,-0.44437817810461344,1.2999999999999545,2.275000000000091,5.712500000000091,1.6083333333334622,1008.9500000000003,1007.1452380952381,2.275000000000091,1.0,wzrost_cisnienia,0.0,0.0,1.0,0.0,8.59,0.0,20.099999999999998,0.0,8.589999999999986,44.93000000000002,0.03791666666666667,0.07
2025-09-05,0.0,16.985714285714288,16.0,17.7,82.48571428571428,1012.4571428571428,1012.1,1012.8,9,jesien,248,-0.9033558023246842,-0.4288919379124841,0.6999999999999318,0.8446428571427305,3.1196428571428214,6.557142857142821,1011.1357142857145,1008.9998299319728,0.8446428571427305,1.0,wzrost_cisnienia,0.0,0.0,1.0,0.0,0.0,8.59,20.845833333333335,0.0,0.0,14.240000000000013,0.09208333333333334,0.19
2025-09-06,5.65,17.163636363636364,15.0,19.4,79.58181818181818,1019.3727272727273,1018.9,1020.0,9,jesien,249,-0.9106046300942162,-0.41327860778290443,1.1000000000000227,6.915584415584476,7.760227272727207,10.035227272727298,1014.4807900432902,1011.1667671614101,6.915584415584476,1.0,wzrost_cisnienia,0.0,0.0,1.0,0.0,0.0,0.0,16.985714285714288,5.65,5.649999999999986,14.240000000000014,0.12583333333333332,0.19
2025-09-07,0.44,17.44782608695652,14.7,20.1,80.99565217391304,1019.1521739130435,1018.2,1019.9,9,jesien,250,-0.9175836260593934,-0.3975428142825566,1.6999999999999318,-0.22055335968377676,6.695031055900699,7.53967391304343,1016.9940146809714,1012.5480301013686,0.22055335968377676,-1.0,spadek_cisnienia,180.0,1.2246467991473532e-16,-1.0,5.65,0.0,0.0,17.163636363636364,0.44,6.0899999999999865,14.680000000000012,0.15291666666666667,0.19
2025-09-08,0.0,19.158333333333335,16.3,22.4,78.54583333333333,1017.5208333333334,1016.1,1018.7,9,jesien,251,-0.9242907221930934,-0.3816892202666586,2.6000000000000227,-1.6313405797101268,-1.8518939393939036,5.0636904761905726,1018.6819115063682,1013.6218396251782,1.6313405797101268,-1.0,spadek_cisnienia,180.0,1.2246467991473532e-16,-1.0,0.44,5.65,0.0,17.44782608695652,0.0,6.0899999999999865,14.680000000000014,0.11541666666666667,0.17
2025-09-09,0.0,18.662499999999998,13.5,23.0,70.27499999999999,1015.1708333333332,1013.9,1016.3,9,jesien,252,-0.9307239310379793,-0.3657225234972692,2.3999999999999773,-2.3500000000001364,-3.9813405797102632,-4.20189393939404,1017.2812801932369,1014.9462443870827,2.3500000000001364,-1.0,spadek_cisnienia,180.0,1.2246467991473532e-16,-1.0,0.0,0.44,5.65,19.158333333333335,0.0,0.4399999999999858,6.090000000000015,0.07708333333333334,0.13
2025-09-10,0.0,18.841666666666665,14.2,23.4,65.2,1011.5583333333334,1007.3,1014.6,9,jesien,253,-0.9368813462954315,-0.34964745525122826,7.300000000000068,-3.612499999999841,-5.962499999999977,-7.593840579710104,1014.7500000000001,1015.2635062918447,3.612499999999841,-1.0,spadek_cisnienia,180.0,1.2246467991473532e-16,-1.0,0.0,0.0,0.44,18.662499999999998,0.0,0.0,6.090000000000015,0.05333333333333334,0.1
2025-09-11,16.29,18.354166666666668,15.6,21.4,74.19166666666666,1003.4583333333334,999.5,1007.4,9,jesien,254,-0.9427611433904206,-0.33346877891818705,7.899999999999977,-8.100000000000023,-11.712499999999864,-14.0625,1010.0625000000003,1014.0986253394639,8.100000000000023,-1.0,spadek_cisnienia,180.0,1.2246467991473532e-16,-1.0,0.0,0.0,0.0,18.841666666666665,16.29,16.289999999999985,22.380000000000013,0.011249999999999998,0.14
2025-09-12,0.0,18.3125,14.9,22.6,62.1,1011.5749999999999,1007.4,1016.6,9,jesien,255,-0.9483615800121716,-0.31719128858910595,9.200000000000045,8.11666666666656,0.01666666666653782,-3.595833333333303,1008.8638888888892,1013.9726049313006,8.11666666666656,1.0,wzrost_cisnienia,0.0,0.0,1.0,16.29,0.0,0.0,18.354166666666668,0.0,16.289999999999985,22.380000000000013,-0.0175,0.08
2025-09-13,0.0,16.349999999999998,12.5,20.9,73.125,1017.4250000000001,1014.8,1019.3,9,jesien,256,-0.9536809966304455,-0.300819807635668,4.5,5.850000000000136,13.966666666666697,5.866666666666674,1010.8194444444447,1013.6943581780539,5.850000000000136,1.0,wzrost_cisnienia,0.0,0.0,1.0,0.0,16.29,0.0,18.3125,0.0,16.289999999999985,16.73000000000001,-0.035416666666666666,0.02
2025-09-14,0.42,16.445833333333333,14.5,17.7,82.125,1010.1291666666666,1007.3,1014.5,9,jesien,257,-0.9587178169872964,-0.2843591872810036,7.2000000000000455,-7.295833333333462,-1.4458333333333258,6.670833333333235,1013.0430555555558,1012.4053571428573,7.295833333333462,-1.0,spadek_cisnienia,180.0,1.2246467991473532e-16,-1.0,0.0,0.0,16.29,16.349999999999998,0.42,0.4199999999999858,16.710000000000015,0.013333333333333334,0.08
2025-09-15,0.0,16.366666666666667,13.1,19.0,69.60833333333333,1006.4291666666667,1003.8,1008.5,9,jesien,258,-0.9634705485641486,-0.26781430516217486,4.7000000000000455,-3.699999999999932,-10.995833333333394,-5.1458333333332575,1011.327777777778,1010.8208333333333,3.699999999999932,-1.0,spadek_cisnienia,180.0,1.2246467991473532e-16,-1.0,0.42,0.0,0.0,16.445833333333333,0.0,0.4199999999999858,16.710000000000015,-0.06291666666666666,0.04
2025-09-16,0.0,16.241666666666667,14.6,18.7,65.79166666666667,1004.3166666666666,1003.5,1005.9,9,jesien,259,-0.9679377830240642,-0.25119006388481957,2.3999999999999773,-2.112500000000068,-5.8125,-13.108333333333462,1006.9583333333335,1009.2702380952381,2.112500000000068,-1.0,spadek_cisnienia,180.0,1.2246467991473532e-16,-1.0,0.0,0.42,0.0,16.366666666666667,0.0,0.4199999999999858,16.710000000000015,-0.06791666666666667,0.02
2025-09-17,0.38,16.075,13.9,32.9,65.56666666666666,1008.7458333333334,1005.9,1011.8,9,jesien,260,-0.9721181966290612,-0.23449138957041052,5.899999999999977,4.429166666666788,2.3166666666667197,-1.383333333333212,1006.4972222222224,1008.8684523809525,4.429166666666788,1.0,wzrost_cisnienia,0.0,0.0,1.0,0.0,0.0,0.42,16.241666666666667,0.38,0.3799999999999858,17.090000000000014,0.013749999999999998,0.12
2025-09-18,0.0,15.708333333333334,13.2,17.7,73.64166666666667,1012.4125,1012.0,1012.8,9,jesien,261,-0.9760105506323682,-0.21772323039653224,0.7999999999999545,3.6666666666666288,8.095833333333417,5.9833333333333485,1008.4916666666668,1010.147619047619,3.6666666666666288,1.0,wzrost_cisnienia,0.0,0.0,1.0,0.38,0.0,0.0,16.075,0.0,0.3799999999999858,0.8000000000000143,0.08791666666666666,0.13
2025-09-19,0.0,18.941666666666666,16.4,21.7,70.97500000000001,1015.9083333333333,1012.6,1019.0,9,jesien,262,-0.9796136916454901,-0.20089055513063528,6.399999999999977,3.4958333333332803,7.162499999999909,11.591666666666697,1012.3555555555558,1010.7666666666667,3.4958333333332803,1.0,wzrost_cisnienia,0.0,0.0,1.0,0.0,0.38,0.0,15.708333333333334,0.0,0.3799999999999858,0.8000000000000143,0.1708333333333333,0.22
2025-09-20,0.0,19.795833333333334,14.5,26.9,70.82916666666667,1013.0124999999999,1008.5,1018.8,9,jesien,263,-0.9829265519799822,-0.18399835165767986,10.299999999999955,-2.8958333333333712,0.599999999999909,4.266666666666538,1013.7777777777779,1010.1363095238095,2.8958333333333712,-1.0,spadek_cisnienia,180.0,1.2246467991473532e-16,-1.0,0.0,0.0,0.38,18.941666666666666,0.0,0.0,0.8000000000000143,0.09208333333333334,0.17
2025-09-21,0.0,21.758333333333336,15.8,28.7,63.28333333333333,1006.3166666666666,1004.8,1008.1,9,jesien,264,-0.9859481499638303,-0.1670516255021195,3.300000000000068,-6.695833333333326,-9.591666666666697,-6.095833333333417,1011.7458333333335,1009.5916666666666,6.695833333333326,-1.0,spadek_cisnienia,180.0,1.2246467991473532e-16,-1.0,0.0,0.0,0.0,19.795833333333334,0.0,0.0,0.3800000000000142,0.155,0.19
2025-09-22,0.2,15.0875,12.2,29.9,62.854166666666664,1011.9458333333333,1007.9,1014.2,9,jesien,265,-0.9886775902323404,-0.15005539834465262,6.300000000000068,5.62916666666672,-1.066666666666606,-3.9624999999999773,1010.4250000000002,1010.3797619047618,5.62916666666672,1.0,wzrost_cisnienia,0.0,0.0,1.0,0.0,0.0,0.0,21.758333333333336,0.2,0.1999999999999858,0.5800000000000143,0.17541666666666667,0.33
2025-09-23,1.6,11.991666666666667,9.8,15.6,68.75833333333334,1018.4458333333333,1014.0,1023.2,9,jesien,266,-0.9911140639934546,-0.13301470653419636,9.200000000000045,6.5,12.12916666666672,5.433333333333394,1012.2361111111113,1012.3982142857142,6.5,1.0,wzrost_cisnienia,0.0,0.0,1.0,0.2,0.0,0.0,15.0875,1.6,1.7999999999999858,2.1800000000000144,0.30583333333333335,0.37
2025-09-24,0.95,12.35,9.4,15.2,63.012499999999996,1026.2666666666667,1023.6,1027.9,9,jesien,267,-0.9932568492674143,-0.11593459959550066,4.300000000000068,7.820833333333326,14.320833333333326,19.950000000000045,1018.8861111111114,1014.9011904761903,7.820833333333326,1.0,wzrost_cisnienia,0.0,0.0,1.0,1.6,0.2,0.0,11.991666666666667,0.95,2.749999999999986,2.750000000000014,0.29541666666666666,0.38
2025-09-25,0.05,12.891666666666666,10.5,15.9,61.25416666666666,1028.5666666666666,1027.6,1029.8,9,jesien,268,-0.9951053111006974,-0.09882013873287211,2.2000000000000455,2.2999999999999545,10.12083333333328,16.62083333333328,1024.426388888889,1017.2089285714285,2.2999999999999545,1.0,wzrost_cisnienia,0.0,0.0,1.0,0.95,1.6,0.2,12.35,0.05,2.5999999999999854,2.8000000000000145,0.18083333333333332,0.26
2025-09-26,0.0,12.441666666666668,8.4,16.1,58.949999999999996,1030.1375,1028.9,1031.4,9,jesien,269,-0.99665890175417,-0.08167639533042288,2.5,1.5708333333334394,3.870833333333394,11.69166666666672,1028.3236111111114,1019.2416666666667,1.5708333333334394,1.0,wzrost_cisnienia,0.0,0.0,1.0,0.05,0.95,1.6,12.891666666666666,0.0,0.9999999999999858,2.8000000000000145,0.08916666666666667,0.15
2025-09-27,0.0,11.775,7.4,16.8,64.0625,1027.1166666666666,1024.6,1029.3,9,jesien,270,-0.9979171608653922,-0.06450844944931625,4.7000000000000455,-3.020833333333485,-1.4500000000000455,0.849999999999909,1028.6069444444447,1021.2565476190476,3.020833333333485,-1.0,spadek_cisnienia,180.0,1.2246467991473532e-16,-1.0,0.0,0.05,0.95,12.441666666666668,0.0,0.04999999999998579,2.8000000000000145,0.07416666666666667,0.11
2025-09-28,0.0,13.195833333333333,9.4,16.7,68.30416666666666,1023.4958333333334,1022.4,1024.5,9,jesien,271,-0.9988797155850335,-0.04732138832243232,2.1000000000000227,-3.6208333333331666,-6.6416666666666515,-5.070833333333212,1026.916666666667,1023.7107142857143,3.6208333333331666,-1.0,spadek_cisnienia,180.0,1.2246467991473532e-16,-1.0,0.0,0.0,0.05,11.775,0.0,0.0,2.8000000000000145,0.08416666666666667,0.12
2025-09-29,0.0,11.2875,9.8,12.6,66.14583333333333,1024.2,1023.4,1025.1,9,jesien,272,-0.9995462806873573,-0.03012030484690836,1.6999999999999318,0.7041666666666515,-2.916666666666515,-5.9375,1024.9375000000002,1025.4613095238096,0.7041666666666515,1.0,wzrost_cisnienia,0.0,0.0,1.0,0.0,0.0,0.0,13.195833333333333,0.0,0.0,2.6000000000000143,0.0,0.03
2025-09-30,0.0,10.754166666666668,9.9,11.8,69.21666666666667,1026.6125,1024.7,1029.3,9,jesien,273,-0.9999166586547379,-0.012910296075008843,4.599999999999909,2.412499999999909,3.1166666666665606,-0.504166666666606,1024.7694444444448,1026.6279761904764,2.412499999999909,1.0,wzrost_cisnienia,0.0,0.0,1.0,0.0,0.0,0.0,11.2875,0.0,0.0,1.0000000000000142,-0.045000000000000005,-0.02
2025-10-01,0.9600000000000001,11.841666666666667,10.5,13.6,68.08333333333333,1029.5666666666666,1028.7,1030.5,10,jesien,274,-0.9999907397361901,0.004303538296243821,1.7999999999999545,2.9541666666666515,5.366666666666561,6.070833333333212,1026.7930555555558,1027.0994047619047,2.9541666666666515,1.0,wzrost_cisnienia,0.0,0.0,1.0,0.0,0.0,0.0,10.754166666666668,0.9600000000000001,0.9599999999999859,1.0100000000000144,-0.043333333333333335,-0.01
2025-10-02,1.6400000000000001,10.9125,9.1,12.7,70.1,1026.6833333333334,1024.7,1028.6,10,jesien,275,-0.9997685019798909,0.021516097436222233,3.8999999999998636,-2.883333333333212,0.07083333333343944,2.4833333333333485,1027.6208333333336,1026.830357142857,2.883333333333212,-1.0,spadek_cisnienia,180.0,1.2246467991473532e-16,-1.0,0.9600000000000001,0.0,0.0,11.841666666666667,1.6400000000000001,2.599999999999986,2.6000000000000147,-0.048749999999999995,0.0
2025-10-03,0.0,9.862499999999999,7.4,12.3,66.66666666666667,1022.7125,1019.4,1024.5,10,jesien,276,-0.9992500112396835,0.03872228089217399,5.100000000000023,-3.9708333333334167,-6.854166666666629,-3.8999999999999773,1026.3208333333334,1025.7696428571428,3.9708333333334167,-1.0,spadek_cisnienia,180.0,1.2246467991473532e-16,-1.0,1.6400000000000001,0.9600000000000001,0.0,10.9125,0.0,2.599999999999986,2.6000000000000147,-0.1275,-0.07
2025-10-04,5.46,8.195833333333333,4.7,10.7,74.38333333333334,1004.5541666666667,993.2,1018.7,10,jesien,277,-0.9984354211555643,0.05591699010060302,25.5,-18.158333333333303,-22.12916666666672,-25.012499999999932,1017.9833333333336,1022.5464285714287,18.158333333333303,-1.0,spadek_cisnienia,180.0,1.2246467991473532e-16,-1.0,0.0,1.6400000000000001,0.9600000000000001,9.862499999999999,5.46,7.099999999999985,8.060000000000015,-0.36541666666666667,-0.19
2025-10-05,0.06,12.429166666666667,10.0,28.3,73.66250000000001,997.3375,993.2,1001.4,10,jesien,278,-0.9973249731081555,0.07309512989807776,8.199999999999932,-7.216666666666697,-25.375,-29.345833333333417,1008.2013888888891,1018.8095238095237,7.216666666666697,-1.0,spadek_cisnienia,180.0,1.2246467991473532e-16,-1.0,5.46,0.0,1.6400000000000001,8.195833333333333,0.06,5.519999999999985,8.120000000000015,-0.26,-0.15
2025-10-06,0.52,12.299999999999999,11.0,13.1,80.04583333333333,1004.2916666666666,1001.2,1012.1,10,jesien,279,-0.9959189961471792,0.0902516100310407,10.899999999999977,6.9541666666666515,-0.2625000000000455,-18.42083333333335,1002.0611111111112,1015.9654761904761,6.9541666666666515,1.0,wzrost_cisnienia,0.0,0.0,1.0,0.06,5.46,0.0,12.429166666666667,0.52,6.039999999999986,8.640000000000015,-0.07958333333333334,0.05
2025-10-07,0.0,12.758333333333333,11.0,15.1,78.80416666666666,1017.6083333333332,1012.8,1019.8,10,jesien,280,-0.994217906893952,0.10738134666416306,7.0,13.316666666666606,20.270833333333258,13.05416666666656,1006.4125000000003,1014.6791666666667,13.316666666666606,1.0,wzrost_cisnienia,0.0,0.0,1.0,0.52,0.06,5.46,12.299999999999999,0.0,0.5799999999999867,8.640000000000015,-0.0275,0.06
2025-10-08,7.37,12.375,9.6,29.7,86.59583333333335,1015.6666666666666,1013.8,1019.1,10,jesien,281,-0.9922222094179324,0.12447926388678869,5.300000000000068,-1.941666666666606,11.375,18.32916666666665,1012.5222222222224,1012.6934523809524,1.941666666666606,-1.0,spadek_cisnienia,180.0,1.2246467991473532e-16,-1.0,0.0,0.52,0.06,12.758333333333333,7.37,7.889999999999986,15.050000000000015,-0.10291666666666667,0.02
2025-10-09,1.01,13.533333333333333,11.7,15.1,75.8625,1013.625,1012.4,1014.2,10,jesien,282,-0.989932495087353,0.141540295217043,1.8000000000000682,-2.0416666666666288,-3.983333333333235,9.333333333333371,1015.6333333333336,1010.8279761904762,2.0416666666666288,-1.0,spadek_cisnienia,180.0,1.2246467991473532e-16,-1.0,7.37,0.0,0.52,12.375,1.01,8.379999999999988,14.420000000000014,0.047499999999999994,0.1
2025-10-10,0.87,14.141666666666666,12.5,31.1,68.78750000000001,1013.6083333333332,1010.2,1016.4,10,jesien,283,-0.9873494423939864,0.15855938510313475,6.199999999999932,-0.016666666666765195,-2.058333333333394,-4.0,1014.3000000000002,1009.5273809523809,0.016666666666765195,-1.0,spadek_cisnienia,180.0,1.2246467991473532e-16,-1.0,1.01,7.37,0.0,13.533333333333333,0.87,9.249999999999988,15.290000000000015,0.1366666666666667,0.2
2025-10-11,0.48,14.0,13.4,14.6,76.84166666666667,1017.1583333333333,1015.2,1019.3,10,jesien,284,-0.9844738167520923,0.17553149042142777,4.099999999999909,3.550000000000068,3.533333333333303,1.4916666666666742,1014.7972222222224,1011.3279761904761,3.550000000000068,1.0,wzrost_cisnienia,0.0,0.0,1.0,0.87,1.01,7.37,14.141666666666666,0.48,2.3599999999999866,10.310000000000015,0.18625,0.28
2025-10-12,0.08,12.716666666666667,9.5,14.6,67.84583333333333,1016.5666666666666,1014.2,1019.1,10,jesien,285,-0.9813064702716093,0.19245158197082995,4.899999999999977,-0.591666666666697,2.9583333333333712,2.941666666666606,1015.7777777777779,1014.0749999999999,0.591666666666697,-1.0,spadek_cisnienia,180.0,1.2246467991473532e-16,-1.0,0.48,0.87,1.01,14.0,0.08,1.4299999999999866,10.330000000000014,0.34958333333333336,0.5
2025-10-13,0.0,10.791666666666666,9.2,12.9,59.40416666666667,1018.5666666666666,1017.5,1019.2,10,jesien,286,-0.9778483415056568,0.20931464596304888,1.7000000000000455,2.0,1.408333333333303,4.958333333333371,1017.4305555555558,1016.1142857142856,2.0,1.0,wzrost_cisnienia,0.0,0.0,1.0,0.08,0.48,0.87,12.716666666666667,0.0,0.5599999999999866,9.810000000000015,0.3575,0.42
2025-10-14,0.22,10.325000000000001,8.2,12.1,69.51666666666667,1017.1541666666667,1016.4,1018.5,10,jesien,287,-0.9741004551724206,0.22611568550828803,2.1000000000000227,-1.412499999999909,0.587500000000091,-0.004166666666606034,1017.4291666666669,1016.0494047619048,1.412499999999909,-1.0,spadek_cisnienia,180.0,1.2246467991473532e-16,-1.0,0.0,0.08,0.48,10.791666666666666,0.22,0.29999999999998667,10.030000000000015,0.225,0.3
2025-10-15,0.0,11.654166666666667,8.0,14.1,70.32916666666667,1017.5708333333333,1016.4,1018.6,10,jesien,288,-0.970063921851507,0.2428497220959358,2.2000000000000455,0.41666666666662877,-0.9958333333332803,1.0041666666667197,1017.7638888888891,1016.3214285714286,0.41666666666662877,1.0,wzrost_cisnienia,0.0,0.0,1.0,0.22,0.0,0.08,10.325000000000001,0.0,0.21999999999998665,2.6600000000000152,0.14666666666666667,0.21
2025-10-16,0.0,12.262500000000001,10.7,13.7,74.75,1012.6833333333334,1011.0,1016.1,10,jesien,289,-0.965739937654855,0.25951179706979943,5.100000000000023,-4.887499999999932,-4.470833333333303,-5.883333333333212,1015.802777777778,1016.1869047619048,4.887499999999932,-1.0,spadek_cisnienia,180.0,1.2246467991473532e-16,-1.0,0.0,0.22,0.0,11.654166666666667,0.0,0.21999999999998665,1.650000000000015,0.145,0.23
2025-10-17,9.7,11.775,9.8,13.2,81.37916666666666,1010.4250000000001,1009.4,1011.2,10,jesien,290,-0.9611297838723007,0.27609697309746883,1.8000000000000682,-2.2583333333333258,-7.1458333333332575,-6.729166666666629,1013.5597222222226,1015.7321428571429,2.2583333333333258,-1.0,spadek_cisnienia,180.0,1.2246467991473532e-16,-1.0,0.0,0.0,0.22,12.262500000000001,9.7,9.699999999999985,10.480000000000015,0.24708333333333332,0.31
2025-10-18,25.59,9.225,8.1,11.4,76.85833333333333,1015.2833333333333,1009.5,1020.7,10,jesien,291,-0.9562348265919058,0.2926003356333479,11.200000000000045,4.858333333333235,2.599999999999909,-2.2875000000000227,1012.7972222222224,1015.4642857142857,4.858333333333235,1.0,wzrost_cisnienia,0.0,0.0,1.0,9.7,0.0,0.0,11.775,25.59,35.289999999999985,35.59000000000002,0.37666666666666665,0.5
2025-10-19,0.0,9.1,5.9,23.7,70.47500000000001,1019.2083333333334,1016.6,1020.8,10,jesien,292,-0.9510565162951536,0.30901699437494723,4.199999999999932,3.925000000000068,8.783333333333303,6.524999999999977,1014.9722222222225,1015.8416666666666,3.925000000000068,1.0,wzrost_cisnienia,0.0,0.0,1.0,25.59,9.7,0.0,9.225,0.0,35.289999999999985,35.51000000000002,0.12833333333333333,0.23
2025-10-20,0.0,6.608333333333333,3.0,10.2,74.47916666666667,1011.9125,1007.3,1016.1,10,jesien,293,-0.9455963874271428,0.3253420847119795,8.800000000000068,-7.2958333333333485,-3.3708333333332803,1.4874999999999545,1015.4680555555557,1014.8910714285714,7.2958333333333485,-1.0,spadek_cisnienia,180.0,1.2246467991473532e-16,-1.0,0.0,25.59,9.7,9.1,0.0,25.589999999999986,35.51000000000002,-0.001666666666666667,0.08
2025-10-21,0.0,7.4375,3.3,11.7,67.825,1001.8249999999999,999.5,1006.6,10,jesien,294,-0.9398560579418953,0.341570769167856,7.100000000000023,-10.087500000000091,-17.38333333333344,-13.458333333333371,1010.9819444444447,1012.7011904761904,10.087500000000091,-1.0,spadek_cisnienia,180.0,1.2246467991473532e-16,-1.0,0.0,0.0,25.59,6.608333333333333,0.0,0.0,35.29000000000002,-0.12416666666666666,-0.06
2025-10-22,1.57,10.237499999999999,7.3,13.5,78.64583333333333,998.6041666666666,998.0,999.4,10,jesien,295,-0.9338372288229252,0.35769823883312546,1.3999999999999773,-3.220833333333303,-13.308333333333394,-20.604166666666742,1004.113888888889,1009.9916666666667,3.220833333333303,-1.0,spadek_cisnienia,180.0,1.2246467991473532e-16,-1.0,0.0,0.0,0.0,7.4375,1.57,1.5699999999999859,36.860000000000014,-0.12625,-0.07
2025-10-23,0.41000000000000003,12.858333333333334,11.9,14.0,85.53750000000001,992.0500000000001,987.0,997.6,10,jesien,296,-0.9275416835791965,0.3737197147904692,10.600000000000023,-6.554166666666561,-9.774999999999864,-19.862499999999955,997.4930555555558,1007.0440476190477,6.554166666666561,-1.0,spadek_cisnienia,180.0,1.2246467991473532e-16,-1.0,1.57,0.0,0.0,10.237499999999999,0.41000000000000003,1.9799999999999858,37.27000000000002,-0.02291666666666667,0.08
2025-10-24,4.5600000000000005,12.420833333333333,11.1,13.3,79.89583333333333,988.9291666666667,985.0,994.3,10,jesien,297,-0.9209712877166346,0.38963044953078774,9.299999999999955,-3.120833333333394,-9.674999999999955,-12.895833333333258,993.1944444444447,1003.9732142857143,3.120833333333394,-1.0,spadek_cisnienia,180.0,1.2246467991473532e-16,-1.0,0.41000000000000003,1.57,0.0,12.858333333333334,4.5600000000000005,6.539999999999987,32.13000000000002,0.11,0.17
2025-10-25,0.0,10.495833333333334,7.5,28.3,66.62083333333334,993.4041666666667,990.9,994.9,10,jesien,298,-0.9141279881853337,0.4054257283599973,4.0,4.475000000000023,1.3541666666666288,-5.199999999999932,991.4611111111113,1000.8476190476191,4.475000000000023,1.0,wzrost_cisnienia,0.0,0.0,1.0,4.5600000000000005,0.41000000000000003,1.57,12.420833333333333,0.0,4.969999999999986,6.540000000000019,0.015833333333333335,0.14
2025-10-26,0.6000000000000001,9.376,6.8,11.0,69.388,988.732,984.2,990.9,10,jesien,299,-0.9070138128026362,0.42110087079608916,6.699999999999932,-4.672166666666726,-0.19716666666670335,-3.3180000000000973,990.3551111111113,996.4938571428572,4.672166666666726,-1.0,spadek_cisnienia,180.0,1.2246467991473532e-16,-1.0,0.0,4.5600000000000005,0.41000000000000003,10.495833333333334,0.6000000000000001,5.159999999999986,7.140000000000018,0.0392,0.15
2025-10-27,0.29000000000000004,8.658333333333333,7.0,9.5,76.57083333333334,986.5166666666668,984.1,988.6,10,jesien,300,-0.8996308696522434,0.4366512319560638,4.5,-2.2153333333332057,-6.887499999999932,-2.412499999999909,989.5509444444447,992.865880952381,2.2153333333332057,-1.0,spadek_cisnienia,180.0,1.2246467991473532e-16,-1.0,0.6000000000000001,0.0,4.5600000000000005,9.376,0.29000000000000004,0.8899999999999859,7.430000000000019,0.11333333333333334,0.19
2025-10-28,2.95,9.770833333333334,8.8,11.4,75.54583333333333,991.7624999999999,988.7,994.3,10,jesien,301,-0.8919813464595487,0.45207220393230374,5.599999999999909,5.245833333333167,3.030499999999961,-1.6416666666667652,989.0037222222223,991.4283809523811,5.245833333333167,1.0,wzrost_cisnienia,0.0,0.0,1.0,0.29000000000000004,0.6000000000000001,0.0,8.658333333333333,2.95,3.839999999999986,10.380000000000019,0.15833333333333335,0.2
2025-10-29,4.26,10.408333333333333,8.2,12.8,76.125,1000.6833333333334,995.3,1003.6,10,jesien,302,-0.8840675099433637,0.46735921715800205,8.300000000000068,8.920833333333462,14.166666666666629,11.951333333333423,992.9875000000002,991.7254047619048,8.920833333333462,1.0,wzrost_cisnienia,0.0,0.0,1.0,2.95,0.29000000000000004,0.6000000000000001,9.770833333333334,4.26,7.499999999999986,13.070000000000018,0.19083333333333333,0.28
2025-10-30,5.22,9.7875,7.9,12.0,76.01666666666667,994.7875,990.0,1002.1,10,jesien,303,-0.8758917051442433,0.48250774176121763,12.100000000000023,-5.895833333333371,3.025000000000091,8.270833333333258,995.7444444444446,992.1164761904762,5.895833333333371,-1.0,spadek_cisnienia,180.0,1.2246467991473532e-16,-1.0,4.26,2.95,0.29000000000000004,10.408333333333333,5.22,12.429999999999986,17.880000000000017,0.26875,0.68
2025-10-31,0.0,10.404166666666667,7.8,12.4,63.94583333333333,1009.7958333333332,999.6,1015.3,10,jesien,304,-0.867456354729597,0.4975132889071803,15.699999999999932,15.008333333333212,9.11249999999984,18.033333333333303,1001.7555555555558,995.0974285714285,15.008333333333212,1.0,wzrost_cisnienia,0.0,0.0,1.0,5.22,4.26,2.95,9.7875,0.0,9.479999999999986,13.320000000000018,0.3358333333333334,0.4
2025-11-01,0.0,8.891666666666667,5.5,11.8,77.61666666666666,1012.4375,1008.6,1015.4,11,jesien,305,-0.858763958275803,0.5123714121284235,6.7999999999999545,2.641666666666765,17.649999999999977,11.754166666666606,1005.6736111111113,997.8164761904762,2.641666666666765,1.0,wzrost_cisnienia,0.0,0.0,1.0,0.0,5.22,4.26,10.404166666666667,0.0,5.2199999999999855,13.320000000000018,0.2225,0.28
2025-11-02,0.65,12.195833333333333,10.4,14.2,83.27499999999999,1007.5166666666668,1006.6,1008.3,11,jesien,306,-0.8498170915275277,0.5270777086423724,1.6999999999999318,-4.920833333333235,-2.2791666666664696,12.729166666666742,1009.916666666667,1000.5,4.920833333333235,-1.0,spadek_cisnienia,180.0,1.2246467991473532e-16,-1.0,0.0,0.0,5.22,8.891666666666667,0.65,0.6499999999999858,13.370000000000017,0.16874999999999998,0.22
2025-11-03,0.32,11.275,9.8,13.1,78.53333333333333,1010.9791666666666,1007.9,1015.2,11,jesien,307,-0.8406184056344783,0.5416278206559811,7.300000000000068,3.4624999999998636,-1.4583333333333712,1.183333333333394,1010.3111111111115,1003.9946428571429,3.4624999999998636,1.0,wzrost_cisnienia,0.0,0.0,1.0,0.65,0.0,0.0,12.195833333333333,0.32,0.9699999999999858,13.400000000000016,0.20291666666666666,0.25
2025-11-04,0.0,11.6875,7.7,29.2,74.84583333333333,1017.1833333333334,1015.3,1019.3,11,jesien,308,-0.8311706263658079,0.5560174366570446,4.0,6.204166666666765,9.666666666666629,4.745833333333394,1011.8930555555559,1007.6261904761905,6.204166666666765,1.0,wzrost_cisnienia,0.0,0.0,1.0,0.32,0.65,0.0,11.275,0.0,0.9699999999999858,10.450000000000017,0.11125,0.17
2025-11-05,0.0,10.700000000000001,9.3,12.3,84.0,1019.1714285714286,1019.1,1019.3,11,jesien,309,-0.8214765533024145,0.5702422926917867,0.1999999999999318,1.988095238095184,8.19226190476195,11.654761904761813,1015.7779761904764,1010.2673469387755,1.988095238095184,1.0,wzrost_cisnienia,0.0,0.0,1.0,0.0,0.32,0.65,11.6875,0.0,0.3199999999999858,6.190000000000017,0.06714285714285714,0.09
2025-11-06,0.0,10.347058823529412,7.8,12.8,72.41764705882353,1014.6588235294118,1013.9,1015.7,11,jesien,310,-0.8115390590073611,0.5842981736283683,1.8000000000000682,-4.51260504201673,-2.5245098039215463,3.679656862745219,1017.0045284780582,1013.1061074429772,4.51260504201673,-1.0,spadek_cisnienia,180.0,1.2246467991473532e-16,-1.0,0.0,0.0,0.32,10.700000000000001,0.0,0.0,0.9700000000000177,0.1847058823529412,0.26
2025-11-07,0.0,7.920833333333333,5.9,10.3,83.45,1013.0833333333334,1011.9,1014.2,11,jesien,311,-0.8013610881746769,0.5981809144059159,2.300000000000068,-1.5754901960784764,-6.088095238095207,-4.100000000000023,1015.6378618113916,1013.5757503001201,1.5754901960784764,-1.0,spadek_cisnienia,180.0,1.2246467991473532e-16,-1.0,0.0,0.0,0.0,10.347058823529412,0.0,0.0,0.9700000000000177,0.15375,0.2
2025-11-08,0.0,6.666666666666667,5.4,9.2,86.50416666666666,1013.0416666666666,1012.4,1013.5,11,jesien,312,-0.7909456567567774,0.6118864012687242,1.1000000000000227,-0.04166666666674246,-1.6171568627452189,-6.129761904761949,1013.5946078431375,1013.6620598239296,0.04166666666674246,-1.0,spadek_cisnienia,180.0,1.2246467991473532e-16,-1.0,0.0,0.0,0.0,7.920833333333333,0.0,0.0,0.9700000000000177,0.1779166666666667,0.24
2025-11-09,0.0,6.5874999999999995,5.4,7.8,85.64166666666667,1012.3375,1011.6,1013.2,11,jesien,313,-0.780295851070776,0.6254105729852457,1.6000000000000227,-0.7041666666666515,-0.745833333333394,-2.3213235294118704,1012.8208333333336,1014.3507503001201,0.7041666666666515,-1.0,spadek_cisnienia,180.0,1.2246467991473532e-16,-1.0,0.0,0.0,0.0,6.666666666666667,0.0,0.0,0.32000000000001777,0.17208333333333334,0.21
2025-11-10,0.35,9.049999999999999,7.9,10.2,85.68333333333334,1010.4041666666667,1009.9,1011.4,11,jesien,314,-0.7694148268839381,0.6387494220515268,1.5,-1.9333333333332803,-2.637499999999932,-2.6791666666666742,1011.9277777777779,1014.2686074429772,1.9333333333332803,-1.0,spadek_cisnienia,180.0,1.2246467991473532e-16,-1.0,0.0,0.0,0.0,6.5874999999999995,0.35,0.34999999999998577,0.35000000000001774,0.2070833333333333,0.25
2025-11-11,0.0,9.416666666666666,7.8,10.4,80.37083333333334,1010.4541666666668,1009.4,1012.6,11,jesien,315,-0.7583058084785625,0.6518989958787125,3.2000000000000455,0.05000000000006821,-1.883333333333212,-2.5874999999998636,1011.0652777777781,1013.3072979191677,0.05000000000006821,1.0,wzrost_cisnienia,0.0,0.0,1.0,0.35,0.0,0.0,9.049999999999999,0.0,0.34999999999998577,0.35000000000001774,0.18833333333333335,0.21
2025-11-12,0.0,9.008333333333333,6.6,10.5,81.95416666666667,1012.7208333333333,1009.1,1014.7,11,jesien,316,-0.7469720876965551,0.6648553979642867,5.600000000000023,2.266666666666538,2.316666666666606,0.38333333333332575,1011.1930555555558,1012.3857843137255,2.266666666666538,1.0,wzrost_cisnienia,0.0,0.0,1.0,0.0,0.35,0.0,9.416666666666666,0.0,0.34999999999998577,0.35000000000001774,0.05458333333333334,0.14
2025-11-13,0.0,11.0375,8.0,13.2,67.33749999999999,1004.6416666666668,1002.4,1008.6,11,jesien,317,-0.7354170229639858,0.6776147890466887,6.2000000000000455,-8.079166666666538,-5.8125,-5.762499999999932,1009.2722222222225,1010.954761904762,8.079166666666538,-1.0,spadek_cisnienia,180.0,1.2246467991473532e-16,-1.0,0.0,0.0,0.35,9.008333333333333,0.0,0.0,0.35000000000001774,0.01625,0.29
2025-11-14,11.469999999999999,10.279166666666667,7.4,13.5,74.20833333333333,1006.5333333333333,1004.3,1008.8,11,jesien,318,-0.7236440382959123,0.690173388242972,4.5,1.8916666666665378,-6.1875,-3.920833333333462,1007.9652777777779,1010.0190476190476,1.8916666666665378,1.0,wzrost_cisnienia,0.0,0.0,1.0,0.0,0.0,0.0,11.0375,11.469999999999999,11.469999999999985,11.820000000000016,0.24250000000000002,0.36
2025-11-15,0.18,6.633333333333333,3.0,8.4,61.99166666666667,1014.1833333333334,1009.3,1016.6,11,jesien,319,-0.7116566222817751,0.7025274741691566,7.300000000000068,7.650000000000091,9.541666666666629,1.462500000000091,1008.452777777778,1010.1821428571429,7.650000000000091,1.0,wzrost_cisnienia,0.0,0.0,1.0,11.469999999999999,0.0,0.0,10.279166666666667,0.18,11.649999999999984,12.000000000000016,0.26875,0.42
2025-11-16,12.51,3.670833333333333,2.1,5.7,84.8,1003.4083333333333,997.4,1012.5,11,jesien,320,-0.6994583270516471,0.7146733860429608,15.100000000000023,-10.775000000000091,-3.125,-1.2333333333334622,1008.041666666667,1008.9065476190475,10.775000000000091,-1.0,spadek_cisnienia,180.0,1.2246467991473532e-16,-1.0,0.18,11.469999999999999,0.0,6.633333333333333,12.51,24.159999999999982,24.510000000000016,0.07208333333333333,0.22
2025-11-17,1.31,5.129166666666666,3.9,6.8,78.95,997.9958333333334,996.2,1002.4,11,jesien,321,-0.6870527672236675,0.726607524768565,6.199999999999932,-5.412499999999909,-16.1875,-8.537499999999909,1005.1958333333336,1007.1339285714286,5.412499999999909,-1.0,spadek_cisnienia,180.0,1.2246467991473532e-16,-1.0,12.51,0.18,11.469999999999999,3.670833333333333,1.31,13.999999999999986,25.470000000000013,0.2316666666666667,0.32
2025-11-18,0.0,4.5125,2.6,5.5,75.19583333333334,1005.1958333333333,1002.5,1006.5,11,jesien,322,-0.6744436188329457,0.7383263540031063,4.0,7.199999999999932,1.7875000000000227,-8.987500000000068,1002.2000000000003,1006.3827380952381,7.199999999999932,1.0,wzrost_cisnienia,0.0,0.0,1.0,1.31,12.51,0.18,5.129166666666666,0.0,13.819999999999986,25.470000000000013,0.23708333333333334,0.34
2025-11-19,0.0,4.8125,2.0,5.7,70.36666666666666,1003.8791666666667,1003.0,1004.7,11,jesien,323,-0.661634618242279,0.749826401204568,1.7000000000000455,-1.316666666666606,5.883333333333326,0.4708333333334167,1002.3569444444447,1005.1196428571429,1.316666666666606,-1.0,spadek_cisnienia,180.0,1.2246467991473532e-16,-1.0,0.0,1.31,12.51,4.5125,0.0,1.3099999999999858,25.470000000000013,0.18333333333333335,0.24
2025-11-20,0.0,3.0666666666666664,1.2,5.7,74.4875,1000.4708333333333,999.0,1002.5,11,jesien,324,-0.6486295610349818,0.7611042586607742,3.5,-3.4083333333334167,-4.725000000000023,2.474999999999909,1003.1819444444446,1004.5238095238094,3.4083333333334167,-1.0,spadek_cisnienia,180.0,1.2246467991473532e-16,-1.0,0.0,0.0,1.31,4.8125,0.0,0.0,25.470000000000013,0.19291666666666665,0.3
2025-11-21,0.0,4.404166666666667,3.0,5.6,67.67083333333333,1010.525,1002.5,1018.1,11,jesien,325,-0.6354323008901775,0.7721565844991641,15.600000000000023,10.054166666666674,6.6458333333332575,5.3291666666666515,1004.9583333333336,1005.0940476190477,10.054166666666674,1.0,wzrost_cisnienia,0.0,0.0,1.0,0.0,0.0,0.0,3.0666666666666664,0.0,0.0,14.000000000000018,0.33791666666666664,0.4
2025-11-22,0.0,3.625,0.7,21.9,66.37083333333332,1020.2041666666668,1018.4,1021.5,11,jesien,326,-0.622046748440868,0.7829801036770625,3.1000000000000227,9.679166666666788,19.733333333333462,16.325000000000045,1010.4000000000002,1005.9541666666667,9.679166666666788,1.0,wzrost_cisnienia,0.0,0.0,1.0,0.0,0.0,0.0,4.404166666666667,0.0,0.0,13.820000000000018,0.165,0.31
2025-11-23,0.0,-1.1541666666666666,-3.0,1.2,78.825,1013.5666666666666,1006.0,1019.0,11,jesien,327,-0.6084768701151264,0.7935716089521472,13.0,-6.637500000000159,3.0416666666666288,13.095833333333303,1014.765277777778,1007.4053571428573,6.637500000000159,-1.0,spadek_cisnienia,180.0,1.2246467991473532e-16,-1.0,0.0,0.0,0.0,3.625,0.0,0.0,1.3100000000000178,0.05708333333333334,0.12
2025-11-24,0.0,0.029166666666666657,-2.1,2.4,78.75416666666666,999.9166666666666,997.4,1005.2,11,jesien,328,-0.594726686960764,0.8039279618328208,7.800000000000068,-13.649999999999977,-20.287500000000136,-10.608333333333348,1011.2291666666669,1007.679761904762,13.649999999999977,-1.0,spadek_cisnienia,180.0,1.2246467991473532e-16,-1.0,0.0,0.0,0.0,-1.1541666666666666,0.0,0.0,0.0,0.12541666666666668,0.17
2025-11-25,0.0,4.033333333333333,0.2,21.1,83.91666666666667,1004.6583333333333,1000.2,1008.5,11,jesien,329,-0.5808002734538014,0.8140460935082175,8.299999999999955,4.741666666666674,-8.908333333333303,-15.545833333333462,1006.0472222222224,1007.6029761904762,4.741666666666674,1.0,wzrost_cisnienia,0.0,0.0,1.0,0.0,0.0,0.0,0.029166666666666657,0.0,0.0,0.0,0.18208333333333335,0.24
2025-11-26,13.31,5.045833333333333,4.4,5.6,76.925,1008.7416666666667,1008.3,1009.5,11,jesien,330,-0.5667017562911184,0.8239230057575536,1.2000000000000455,4.083333333333371,8.825000000000045,-4.824999999999932,1004.4388888888892,1008.297619047619,4.083333333333371,1.0,wzrost_cisnienia,0.0,0.0,1.0,0.0,0.0,0.0,4.033333333333333,13.31,13.309999999999986,13.310000000000018,0.2225,0.26
2025-11-27,6.13,5.908333333333334,2.0,23.7,73.625,1012.9583333333334,1008.9,1015.4,11,jesien,331,-0.5524353131676203,0.8335557718385695,6.5,4.216666666666697,8.300000000000068,13.041666666666742,1008.7861111111114,1010.0815476190476,4.216666666666697,1.0,wzrost_cisnienia,0.0,0.0,1.0,13.31,0.0,0.0,5.045833333333333,6.13,19.439999999999987,19.44000000000002,0.09125,0.26
2025-11-28,0.0,3.6916666666666664,3.0,4.4,75.95416666666667,1012.3375,1010.6,1013.9,11,jesien,332,-0.5380051715382992,0.8429415373547832,3.2999999999999545,-0.620833333333394,3.595833333333303,7.679166666666674,1011.3458333333336,1010.3404761904761,0.620833333333394,-1.0,spadek_cisnienia,180.0,1.2246467991473532e-16,-1.0,6.13,13.31,0.0,5.908333333333334,0.0,19.439999999999987,19.44000000000002,-0.14708333333333332,-0.07
2025-11-29,0.0,2.191666666666667,0.8,3.1,82.27083333333333,1010.2291666666666,1009.4,1011.2,11,jesien,333,-0.5234156073655503,0.8520775211013093,1.8000000000000682,-2.1083333333333485,-2.7291666666667425,1.4874999999999545,1011.8416666666668,1008.9154761904762,2.1083333333333485,-1.0,spadek_cisnienia,180.0,1.2246467991473532e-16,-1.0,0.0,6.13,13.31,3.6916666666666664,0.0,6.129999999999986,19.44000000000002,-0.052083333333333336,0.0
2025-11-30,0.0,1.4625000000000001,0.6,2.3,88.60833333333333,1010.5124999999999,1009.8,1011.3,11,jesien,334,-0.5086709438521042,0.8609610158889945,1.5,0.283333333333303,-1.8250000000000455,-2.4458333333334394,1011.0263888888891,1008.4791666666666,0.283333333333303,1.0,wzrost_cisnienia,0.0,0.0,1.0,0.0,0.0,6.13,2.191666666666667,0.0,0.0,19.44000000000002,0.022500000000000003,0.06
2025-12-01,0.0,3.4916666666666667,1.3,5.6,84.74166666666666,1013.625,1010.0,1016.6,12,zima,335,-0.4937755501599774,0.8695893893466109,6.600000000000023,3.112500000000068,3.3958333333333712,1.2875000000000227,1011.4555555555557,1010.4375,3.112500000000068,1.0,wzrost_cisnienia,0.0,0.0,1.0,0.0,0.0,0.0,1.4625000000000001,0.0,0.0,19.44000000000002,0.03,0.09
2025-12-02,0.0,2.3666666666666667,1.0,4.1,88.54583333333333,1015.7416666666667,1014.9,1016.6,12,zima,336,-0.4787338401157883,0.8779600847008883,1.7000000000000455,2.1166666666666742,5.2291666666667425,5.5125000000000455,1013.2930555555558,1012.0208333333333,2.1166666666666742,1.0,wzrost_cisnienia,0.0,0.0,1.0,0.0,0.0,0.0,3.4916666666666667,0.0,0.0,19.44000000000002,-0.0020833333333333333,0.09
2025-12-03,4.86,4.45,4.0,4.8,84.46249999999999,1014.4708333333333,1013.5,1015.8,12,zima,337,-0.4635502709028512,0.8860706215341377,2.2999999999999545,-1.2708333333333712,0.845833333333303,3.9583333333333712,1014.6125000000002,1012.8392857142857,1.2708333333333712,-1.0,spadek_cisnienia,180.0,1.2246467991473532e-16,-1.0,0.0,0.0,0.0,2.3666666666666667,4.86,4.859999999999986,10.990000000000018,-0.0004166666666666665,0.08
2025-12-04,0.0,4.995833333333334,4.1,5.9,84.075,1012.0083333333333,1011.3,1013.3,12,zima,338,-0.4482293417404106,0.893918596519257,2.0,-2.4624999999999773,-3.7333333333333485,-1.6166666666666742,1014.0736111111113,1012.7035714285714,2.4624999999999773,-1.0,spadek_cisnienia,180.0,1.2246467991473532e-16,-1.0,4.86,0.0,0.0,4.45,0.0,4.859999999999986,4.860000000000018,0.0525,0.1
2025-12-05,0.0,6.1375,4.9,7.4,85.85000000000001,1011.2041666666668,1010.2,1012.0,12,zima,339,-0.4327755925504317,0.9015016841318838,1.7999999999999545,-0.8041666666665606,-3.266666666666538,-4.537499999999909,1012.5611111111112,1012.5416666666666,0.8041666666665606,-1.0,spadek_cisnienia,180.0,1.2246467991473532e-16,-1.0,0.0,4.86,0.0,4.995833333333334,0.0,4.859999999999986,4.860000000000018,0.0775,0.12
2025-12-06,0.0,7.354166666666667,6.9,8.0,82.89999999999999,1009.3125,1007.6,1010.2,12,zima,340,-0.41719360261231697,0.9088176373395028,2.6000000000000227,-1.8916666666667652,-2.6958333333333258,-5.158333333333303,1010.8416666666668,1012.4107142857143,1.8916666666667652,-1.0,spadek_cisnienia,180.0,1.2246467991473532e-16,-1.0,0.0,0.0,4.86,6.1375,0.0,0.0,4.860000000000018,0.06999999999999999,0.15
2025-12-07,0.0,7.254166666666666,6.6,7.8,82.80833333333334,1008.375,1007.2,1009.8,12,zima,341,-0.4014879892059737,0.9158642882672868,2.599999999999909,-0.9375,-2.829166666666765,-3.6333333333333258,1009.6305555555558,1012.1053571428571,0.9375,-1.0,spadek_cisnienia,180.0,1.2246467991473532e-16,-1.0,0.0,0.0,0.0,7.354166666666667,0.0,0.0,4.860000000000018,0.03375,0.09
2025-12-08,0.0,8.466666666666667,6.7,11.4,81.85,1008.1583333333333,1006.8,1009.5,12,zima,342,-0.38566340624360745,0.9226395488404875,2.7000000000000455,-0.21666666666669698,-1.154166666666697,-3.045833333333462,1008.6152777777779,1011.3244047619047,0.21666666666669698,-1.0,spadek_cisnienia,180.0,1.2246467991473532e-16,-1.0,0.0,0.0,0.0,7.254166666666666,0.0,0.0,4.860000000000018,-0.041666666666666664,0.11
2025-12-09,0.59,11.512500000000001,8.4,27.8,80.64583333333333,1008.3083333333334,1006.7,1009.8,12,zima,343,-0.3697245428906732,0.9291414114031743,3.099999999999909,0.15000000000009095,-0.06666666666660603,-1.004166666666606,1008.2805555555557,1010.2625,0.15000000000009095,1.0,wzrost_cisnienia,0.0,0.0,1.0,0.0,0.0,0.0,8.466666666666667,0.59,0.5899999999999858,5.450000000000018,-0.008749999999999999,0.13
2025-12-10,0.47000000000000003,11.641666666666666,10.1,12.9,81.10833333333333,1009.8208333333333,1008.2,1012.2,12,zima,344,-0.3536761221763721,0.935367949313148,4.0,1.5124999999999318,1.6625000000000227,1.4458333333333258,1008.7625000000002,1009.5982142857143,1.5124999999999318,1.0,wzrost_cisnienia,0.0,0.0,1.0,0.59,0.0,0.0,11.512500000000001,0.47000000000000003,1.0599999999999858,1.0600000000000178,0.05791666666666667,0.14
2025-12-11,0.1,10.845833333333333,9.9,12.0,69.6375,1011.6458333333334,1011.0,1012.3,12,zima,345,-0.33752289959411347,0.941317317512847,1.2999999999999545,1.8250000000000455,3.3374999999999773,3.487500000000068,1009.9250000000002,1009.5464285714286,1.8250000000000455,1.0,wzrost_cisnienia,0.0,0.0,1.0,0.47000000000000003,0.59,0.0,11.641666666666666,0.1,1.1599999999999857,1.1600000000000177,0.11833333333333333,0.22
2025-12-12,0.52,9.475,8.5,10.2,72.62083333333334,1016.8916666666668,1012.0,1021.9,12,zima,346,-0.32126966169236515,0.946987753076075,9.899999999999977,5.245833333333394,7.070833333333439,8.583333333333371,1012.7861111111114,1010.3589285714287,5.245833333333394,1.0,wzrost_cisnienia,0.0,0.0,1.0,0.1,0.47000000000000003,0.59,10.845833333333333,0.52,1.0899999999999859,1.680000000000018,0.26958333333333334,0.34
2025-12-13,0.0,7.983333333333333,6.5,9.4,76.57916666666667,1019.0208333333334,1015.5,1022.0,12,zima,347,-0.3049212246562894,0.9523775757303973,6.5,2.129166666666606,7.375,9.200000000000045,1015.8527777777781,1011.7458333333334,2.129166666666606,1.0,wzrost_cisnienia,0.0,0.0,1.0,0.52,0.1,0.47000000000000003,9.475,0.0,0.6199999999999859,1.680000000000018,0.18375,0.28
2025-12-14,0.0,8.145833333333334,7.3,8.8,64.70416666666667,1016.6833333333334,1014.7,1018.1,12,zima,348,-0.2884824328806098,0.9574851883550389,3.3999999999999773,-2.3374999999999773,-0.20833333333337123,5.037500000000023,1017.5319444444448,1012.9327380952382,2.3374999999999773,-1.0,spadek_cisnienia,180.0,1.2246467991473532e-16,-1.0,0.0,0.52,0.1,7.983333333333333,0.0,0.5199999999999858,1.680000000000018,0.17041666666666666,0.24
2025-12-15,0.0,6.020833333333333,4.9,7.4,75.37083333333334,1014.5625,1014.2,1015.0,12,zima,349,-0.27195815753410524,0.9623090774541487,0.7999999999999545,-2.120833333333394,-4.458333333333371,-2.329166666666765,1016.7555555555558,1013.8476190476191,2.120833333333394,-1.0,spadek_cisnienia,180.0,1.2246467991473532e-16,-1.0,0.0,0.0,0.52,8.145833333333334,0.0,0.0,1.680000000000018,0.12166666666666666,0.17
2025-12-16,0.0,4.729166666666667,1.8,21.1,81.49583333333334,1015.4625,1014.5,1016.0,12,zima,350,-0.2553532951161881,0.9668478136052773,1.5,0.8999999999999773,-1.2208333333334167,-3.558333333333394,1015.5694444444447,1014.8696428571428,0.8999999999999773,1.0,wzrost_cisnienia,0.0,0.0,1.0,0.0,0.0,0.0,6.020833333333333,0.0,0.0,1.090000000000018,0.15333333333333335,0.21
2025-12-17,0.0,3.025,1.2,20.3,84.60416666666667,1013.8708333333334,1012.2,1016.0,12,zima,351,-0.23867276600594997,0.9711000518829505,3.7999999999999545,-1.5916666666665833,-0.691666666666606,-2.8125,1014.6319444444447,1015.4482142857144,1.5916666666665833,-1.0,spadek_cisnienia,180.0,1.2246467991473532e-16,-1.0,0.0,0.0,0.0,4.729166666666667,0.0,0.0,0.6200000000000178,0.17333333333333334,0.24
2025-12-18,0.0,4.325,1.2,7.1,84.64583333333333,1017.8291666666668,1016.4,1018.6,12,zima,352,-0.22192151300416674,0.9750645322571945,2.2000000000000455,3.9583333333333712,2.366666666666788,3.266666666666765,1015.7208333333336,1016.3315476190477,3.9583333333333712,1.0,wzrost_cisnienia,0.0,0.0,1.0,0.0,0.0,0.0,3.025,0.0,0.0,0.5200000000000178,0.17041666666666666,0.24
2025-12-19,0.0,6.158333333333334,3.8,8.1,78.70833333333333,1015.7458333333334,1014.1,1018.5,12,zima,353,-0.20510449986861926,0.9787400799669153,4.399999999999977,-2.0833333333333712,1.875,0.2833333333334167,1015.8152777777781,1016.1678571428572,2.0833333333333712,-1.0,spadek_cisnienia,180.0,1.2246467991473532e-16,-1.0,0.0,0.0,0.0,4.325,0.0,0.0,0.0,0.06458333333333334,0.14
2025-12-20,2.2600000000000002,8.470833333333333,7.8,9.0,76.02916666666667,1014.9916666666667,1013.5,1016.8,12,zima,354,-0.1882267098432439,0.9821256058680006,3.2999999999999545,-0.7541666666667197,-2.837500000000091,1.1208333333332803,1016.1888888888892,1015.592261904762,0.7541666666667197,-1.0,spadek_cisnienia,180.0,1.2246467991473532e-16,-1.0,0.0,0.0,0.0,6.158333333333334,2.2600000000000002,2.259999999999986,2.260000000000018,0.15958333333333333,0.22
2025-12-21,0.0,7.428571428571429,6.4,8.0,73.64285714285714,1017.0,1016.8,1017.3,12,zima,355,-0.1712931441814778,0.9852201067560606,0.5,2.0083333333333258,1.254166666666606,-0.8291666666667652,1015.9125000000003,1015.6375,2.0083333333333258,1.0,wzrost_cisnienia,0.0,0.0,1.0,2.2600000000000002,0.0,0.0,8.470833333333333,0.0,2.259999999999986,2.260000000000018,0.19999999999999998,0.22
2025-12-22,0.0,6.7823529411764705,6.2,7.7,67.4235294117647,1020.1647058823529,1019.7,1020.8,12,zima,356,-0.154308820664281,0.9880226656636976,1.099999999999909,3.164705882352905,5.173039215686231,4.418872549019511,1017.38545751634,1016.4378151260505,3.164705882352905,1.0,wzrost_cisnienia,0.0,0.0,1.0,0.0,2.2600000000000002,0.0,7.428571428571429,0.0,2.259999999999986,2.260000000000018,0.29,0.33
2025-12-23,0.0,4.5874999999999995,-0.3,6.3,71.7375,1024.5625,1020.8,1030.6,12,zima,357,-0.13727877211326517,0.9905324521322227,9.799999999999955,4.397794117647095,7.5625,9.570833333333326,1020.5757352941179,1017.7378151260504,4.397794117647095,1.0,wzrost_cisnienia,0.0,0.0,1.0,0.0,0.0,2.2600000000000002,6.7823529411764705,0.0,0.0,2.260000000000018,0.2675,0.33
2025-12-24,0.0,-1.5,-2.9,0.2,56.10833333333333,1035.2166666666667,1031.2,1037.9,12,zima,358,-0.12020804489935275,0.9927487224577402,6.7000000000000455,10.654166666666697,15.051960784313792,18.216666666666697,1026.64795751634,1020.7872198879553,10.654166666666697,1.0,wzrost_cisnienia,0.0,0.0,1.0,0.0,0.0,0.0,4.5874999999999995,0.0,0.0,2.260000000000018,0.14875000000000002,0.2
2025-12-25,0.0,-0.6041666666666666,-3.3,2.7,66.0,1034.0249999999999,1027.4,1037.9,12,zima,359,-0.10310169744743544,0.9946708199115211,10.5,-1.1916666666668334,9.462499999999864,13.860294117646959,1031.2680555555557,1023.1009103641456,1.1916666666668334,-1.0,spadek_cisnienia,180.0,1.2246467991473532e-16,-1.0,0.0,0.0,0.0,-1.5,0.0,0.0,2.260000000000018,0.07708333333333334,0.17
2025-12-26,0.0,5.920833333333333,2.4,7.6,77.2375,1025.5208333333333,1024.4,1026.6,12,zima,360,-0.0859647987374467,0.9962981749346077,2.199999999999818,-8.504166666666606,-9.69583333333344,0.9583333333332575,1031.5875000000003,1024.4973389355741,8.504166666666606,-1.0,spadek_cisnienia,180.0,1.2246467991473532e-16,-1.0,0.0,0.0,0.0,-0.6041666666666666,0.0,0.0,2.260000000000018,0.16708333333333333,0.23
2025-12-27,0.0,6.779166666666666,5.6,22.9,67.375,1016.3458333333333,1011.3,1025.5,12,zima,361,-0.06880242680232064,0.9976303053065857,14.200000000000045,-9.174999999999955,-17.67916666666656,-18.870833333333394,1025.2972222222224,1024.6907913165267,9.174999999999955,-1.0,spadek_cisnienia,180.0,1.2246467991473532e-16,-1.0,0.0,0.0,0.0,5.920833333333333,0.0,0.0,0.0,0.33916666666666667,0.77
2025-12-28,0.0,4.708333333333333,3.4,5.8,53.525,1015.3916666666668,1010.5,1017.6,12,zima,362,-0.05161966722325418,0.9986668162884759,7.100000000000023,-0.9541666666665378,-10.129166666666492,-18.6333333333331,1019.0861111111113,1024.4610294117647,0.9541666666665378,-1.0,spadek_cisnienia,180.0,1.2246467991473532e-16,-1.0,0.0,0.0,0.0,6.779166666666666,0.0,0.0,0.0,0.5558333333333333,0.84
2025-12-29,0.0,5.116666666666666,2.1,22.4,54.050000000000004,1005.7875,1003.8,1009.5,12,zima,363,-0.034421611622745804,0.9994074007397048,5.7000000000000455,-9.604166666666742,-10.55833333333328,-19.733333333333235,1012.5083333333336,1022.407142857143,9.604166666666742,-1.0,spadek_cisnienia,180.0,1.2246467991473532e-16,-1.0,0.0,0.0,0.0,4.708333333333333,0.0,0.0,0.0,0.36791666666666667,0.65
2025-12-30,1.6,2.029166666666667,0.1,18.0,60.762499999999996,1006.0041666666666,1003.9,1008.1,12,zima,364,-0.01721335615583528,0.9998518392091162,4.2000000000000455,0.2166666666665833,-9.38750000000016,-10.341666666666697,1009.0611111111115,1019.7559523809523,0.2166666666665833,1.0,wzrost_cisnienia,0.0,0.0,1.0,0.0,0.0,0.0,5.116666666666666,1.6,1.5999999999999859,1.6000000000000179,0.78375,0.97
2025-12-31,2.4,0.8875000000000001,-0.3,2.4,75.31666666666666,1005.3291666666668,1003.1,1008.1,12,zima,365,6.432490598706546e-16,1.0,5.0,-0.6749999999998408,-0.45833333333325754,-10.0625,1005.7069444444446,1015.4863095238095,0.6749999999998408,-1.0,spadek_cisnienia,180.0,1.2246467991473532e-16,-1.0,1.6,0.0,0.0,2.029166666666667,2.4,3.999999999999986,4.000000000000018,0.2355,0.63
